t,robot_x,dist_true,dist_measured,zone,cmd_vx
0.0,0.00026070754631734,5.830951894845301,5.830951894845301,CLEAR,0.0
0.02,0.0007510066869291821,5.83070500459499,5.830951894845301,CLEAR,0.0
0.04,0.0011220496491874303,5.83017991324872,5.830951894845301,CLEAR,0.0
0.06,0.0013305871852394716,5.829783179428421,5.830951894845301,CLEAR,0.0
0.08,0.0012690982147340376,5.829617127305669,5.830951894845301,CLEAR,0.0
0.1,0.0009404477869093458,5.829669302898247,5.830951894845301,CLEAR,0.0
0.12,0.0004329788431614253,5.829996217830364,5.83070500459499,CLEAR,0.0
0.14,-0.0001618607911349641,5.8305145451672145,5.83017991324872,CLEAR,0.0
0.16,-0.0009747060602578501,5.831046545882938,5.829783179428421,CLEAR,0.0
0.18,-0.0019346138652258042,5.8317906405148205,5.829617127305669,CLEAR,0.0
0.2,-0.0030576942037470805,5.832644050443353,5.829669302898247,CLEAR,0.0
0.22,-0.004318775020017063,5.833604922607717,5.829996217830364,CLEAR,0.0
0.24,-0.005708138599741633,5.834675422811869,5.8305145451672145,CLEAR,0.0
0.26,-0.007197861006451564,5.8358448772647815,5.831046545882938,CLEAR,0.0
0.28,-0.008794711302852731,5.837086065142369,5.8317906405148205,CLEAR,0.0
0.3,-0.01047956873253347,5.838411447737057,5.832644050443353,CLEAR,0.0
0.32,-0.012247649726641215,5.83979801746186,5.833604922607717,CLEAR,0.0
0.34,-0.014087139983940416,5.8412567596274005,5.834675422811869,CLEAR,0.0
0.36,-0.01599353805910168,5.842775006478356,5.8358448772647815,CLEAR,0.0
0.38,-0.017947141382403744,5.844345429832923,5.837086065142369,CLEAR,0.0
0.4,-0.01994110349787154,5.84595877609893,5.838411447737057,CLEAR,0.0
0.42,-0.021956303181469933,5.847616231837112,5.83979801746186,CLEAR,0.0
0.44,-0.023995448571650976,5.849301952186775,5.8412567596274005,CLEAR,0.0
0.46,-0.02605303088860819,5.851023312646141,5.842775006478356,CLEAR,0.0
0.48,-0.02814491600883736,5.852779096002651,5.844345429832923,CLEAR,0.0
0.5,-0.030274324700457066,5.854585534472747,5.84595877609893,CLEAR,0.0
0.52,-0.03244146710423081,5.856459856946977,5.847616231837112,CLEAR,0.0
0.54,-0.03465672367257308,5.858399487008737,5.849301952186775,CLEAR,0.0
0.56,-0.036917897442783634,5.860421345224782,5.851023312646141,CLEAR,0.0
0.58,-0.03922636995979615,5.862525278814828,5.852779096002651,CLEAR,0.0
0.6,-0.041580204612956306,5.864715608373149,5.854585534472747,CLEAR,0.0
0.62,-0.04398867896620372,5.866988206214376,5.856459856946977,CLEAR,0.0
0.64,-0.046446462609577896,5.8693437374313175,5.858399487008737,CLEAR,0.0
0.66,-0.04894864208574711,5.871783320036962,5.860421345224782,CLEAR,0.0
0.68,-0.05149966227789895,5.874297761656233,5.862525278814828,CLEAR,0.0
0.7,-0.054086939684862695,5.876889369738697,5.864715608373149,CLEAR,0.0
0.72,-0.05670850519539842,5.879540771078704,5.866988206214376,CLEAR,0.0
0.74,-0.05934688797345171,5.882234295554111,5.8693437374313175,CLEAR,0.0
0.76,-0.061990041660630164,5.884940063311025,5.871783320036962,CLEAR,0.0
0.78,-0.06462510498062189,5.8876215413002795,5.874297761656233,CLEAR,0.0
0.8,-0.06731432507663625,5.890212268446178,5.876889369738697,CLEAR,0.0
0.82,-0.0700843272652434,5.892798023788847,5.879540771078704,CLEAR,0.0
0.84,-0.07296290029346489,5.895329748018676,5.882234295554111,CLEAR,0.0
0.86,-0.07571309396269639,5.89777546398373,5.884940063311025,CLEAR,0.0
0.88,-0.07824955749198208,5.899851754171099,5.8876215413002795,CLEAR,0.0
0.9,-0.08068578483342785,5.901472570973051,5.890212268446178,CLEAR,0.0
0.92,-0.08316868156925916,5.902744318366453,5.892798023788847,CLEAR,0.0
0.94,-0.08602073259775907,5.903832351249065,5.895329748018676,CLEAR,0.0
0.96,-0.08893283639102972,5.905150711322458,5.89777546398373,CLEAR,0.0
0.98,-0.09129395993765066,5.906495707941228,5.899851754171099,CLEAR,0.0
1.0,-0.09334804752664458,5.907447285866685,5.901472570973051,CLEAR,0.0
1.02,-0.09554475119450645,5.908325578244627,5.902744318366453,CLEAR,0.010000000000000009
1.04,-0.09777659473668324,5.9096265488943684,5.903832351249065,CLEAR,0.020000000000000018
1.06,-0.09980325695824155,5.911289189885832,5.905150711322458,CLEAR,0.030000000000000027
1.08,-0.10159651335142428,5.913064800932093,5.906495707941228,CLEAR,0.040000000000000036
1.1,-0.10316115919122462,5.9148175277395065,5.907447285866685,CLEAR,0.050000000000000044
1.12,-0.10463758431432664,5.91655695131994,5.908325578244627,CLEAR,0.06000000000000005
1.14,-0.10629817776727318,5.918261223307682,5.9096265488943684,CLEAR,0.07000000000000006
1.16,-0.10768473142381133,5.92011970102864,5.911289189885832,CLEAR,0.07999999999999996
1.18,-0.10891446085384811,5.921870980869767,5.913064800932093,CLEAR,0.08999999999999997
1.2,-0.11053537805728311,5.923450672519437,5.9148175277395065,CLEAR,0.09999999999999998
1.22,-0.11278582797145985,5.925396135776678,5.91655695131994,CLEAR,0.10999999999999999
1.24,-0.11519504018060527,5.927803932914607,5.918261223307682,CLEAR,0.12
1.26,-0.11743865116056841,5.9301737947126165,5.92011970102864,CLEAR,0.13
1.28,-0.1194727744410788,5.932181446030011,5.921870980869767,CLEAR,0.14
1.3,-0.12136792848683986,5.93376355533134,5.923450672519437,CLEAR,0.15000000000000002
1.32,-0.1232472590273975,5.935003756145152,5.925396135776678,CLEAR,0.16000000000000003
1.34,-0.12519084484983295,5.936007819514508,5.927803932914607,CLEAR,0.17000000000000004
1.36,-0.12731859051979286,5.936889717443371,5.9301737947126165,CLEAR,0.18000000000000005
1.38,-0.1297801211588272,5.937813641204636,5.932181446030011,CLEAR,0.19000000000000006
1.4,-0.1322914092080489,5.939103793324319,5.93376355533134,CLEAR,0.20000000000000007
1.42,-0.13386719240740919,5.940717917759626,5.935003756145152,CLEAR,0.20999999999999996
1.44,-0.13479951071738336,5.941641910876713,5.936007819514508,CLEAR,0.21999999999999997
1.46,-0.13540252555451862,5.9421285970197495,5.936889717443371,CLEAR,0.22999999999999998
1.48,-0.13550127737520032,5.942555269739741,5.937813641204636,CLEAR,0.24
1.5,-0.13521879149215998,5.942796401817016,5.939103793324319,CLEAR,0.25
1.52,-0.13471148426498342,5.9428686266862485,5.940717917759626,CLEAR,0.26
1.54,-0.13405063527506586,5.94285372073074,5.941641910876713,CLEAR,0.27
1.56,-0.1332441186747745,5.9428298443110625,5.9421285970197495,CLEAR,0.28
1.58,-0.13243541594742933,5.942834027581681,5.942555269739741,CLEAR,0.29000000000000004
1.6,-0.131586675363715,5.9429291717671,5.942796401817016,CLEAR,0.30000000000000004
1.62,-0.1302242575541161,5.943032807823392,5.9428686266862485,CLEAR,0.31000000000000005
1.64,-0.1288586039901366,5.942757847587279,5.94285372073074,CLEAR,0.32000000000000006
1.66,-0.12804167711107653,5.9424989298333415,5.9428298443110625,CLEAR,0.33000000000000007
1.68,-0.12752758053793165,5.9426000084106025,5.942834027581681,CLEAR,0.33999999999999997
1.7,-0.1269804456839886,5.94276199518114,5.9429291717671,CLEAR,0.35
1.72,-0.12624578743740714,5.942683860347257,5.943032807823392,CLEAR,0.36
1.74,-0.1252951638797717,5.942261373200961,5.942757847587279,CLEAR,0.37
1.76,-0.12419467689682263,5.941479469742979,5.9424989298333415,CLEAR,0.38
1.78,-0.1229794763014124,5.940406289863702,5.9426000084106025,CLEAR,0.39
1.8,-0.12162417286360466,5.9390778144709975,5.94276199518114,CLEAR,0.4
1.82,-0.12005543271407176,5.937498766344886,5.942683860347257,CLEAR,0.41000000000000003
1.84,-0.11820030851401442,5.935621891301202,5.942261373200961,CLEAR,0.42000000000000004
1.86,-0.11604987703658991,5.933381422250299,5.941479469742979,CLEAR,0.43000000000000005
1.88,-0.11359866081757293,5.930758253036626,5.940406289863702,CLEAR,0.44000000000000006
1.9,-0.11085814084986688,5.9277507680059305,5.9390778144709975,CLEAR,0.45000000000000007
1.92,-0.10777760212468264,5.924330909537813,5.937498766344886,CLEAR,0.45999999999999996
1.94,-0.1044759045250322,5.920512216817705,5.935621891301202,CLEAR,0.47
1.96,-0.10117288451588284,5.916414520153082,5.933381422250299,CLEAR,0.48
1.98,-0.09810589140421037,5.912250595665685,5.930758253036626,CLEAR,0.49
2.0,-0.0939076404061768,5.908769209817943,5.9277507680059305,CLEAR,0.5
2.02,-0.08869494105722472,5.9043026423682905,5.924330909537813,CLEAR,0.5
2.04,-0.08269661164700516,5.8991180567739345,5.920512216817705,CLEAR,0.5
2.06,-0.07605645249502936,5.893382607988834,5.916414520153082,CLEAR,0.5
2.08,-0.06907282599117036,5.887342761717319,5.912250595665685,CLEAR,0.5
2.1,-0.061999576999323014,5.881337084079435,5.908769209817943,CLEAR,0.5
2.12,-0.054850374912814866,5.875525489823603,5.9043026423682905,CLEAR,0.5
2.14,-0.04754819991428208,5.869898323316486,5.8991180567739345,CLEAR,0.5
2.16,-0.04002910215103263,5.864381335600977,5.893382607988834,CLEAR,0.5
2.18,-0.03222134239149689,5.858920746150137,5.887342761717319,CLEAR,0.5
2.2,-0.02400393100172591,5.853438413597617,5.881337084079435,CLEAR,0.5
2.22,-0.015345386490005433,5.847796008622462,5.875525489823603,CLEAR,0.5
2.24,-0.0061923293247112465,5.8419495229751135,5.869898323316486,CLEAR,0.5
2.26,0.002355047860187411,5.8356883321064705,5.864381335600977,CLEAR,0.5
2.28,0.010314394905130603,5.829952536287287,5.858920746150137,CLEAR,0.5
2.3,0.018123860897127496,5.824733426597137,5.853438413597617,CLEAR,0.5
2.32,0.026053678972515135,5.819531757705711,5.847796008622462,CLEAR,0.5
2.34,0.034120521913002674,5.814105282027274,5.8419495229751135,CLEAR,0.5
2.36,0.04231109126187075,5.808379058852382,5.8356883321064705,CLEAR,0.5
2.38,0.05054979320932332,5.802330417609273,5.829952536287287,CLEAR,0.5
2.4,0.05874635041364051,5.7959752758066765,5.824733426597137,CLEAR,0.5
2.42,0.0670065865403302,5.789398000463713,5.819531757705711,CLEAR,0.5
2.44,0.07549211487887655,5.782564934836332,5.814105282027274,CLEAR,0.5
2.46,0.08435717621349736,5.775405677696164,5.808379058852382,CLEAR,0.5
2.48,0.0937784731544923,5.76785350642257,5.802330417609273,CLEAR,0.5
2.5,0.10378867516117665,5.75980708689612,5.7959752758066765,CLEAR,0.5
2.52,0.11425609313745927,5.751245885399387,5.789398000463713,CLEAR,0.5
2.54,0.1251547913600168,5.7422529178052075,5.782564934836332,CLEAR,0.5
2.56,0.13650155532861055,5.732826399068672,5.775405677696164,CLEAR,0.5
2.58,0.1479527193062347,5.722905565732839,5.76785350642257,CLEAR,0.5
2.6,0.15885732060158717,5.712748702660996,5.75980708689612,CLEAR,0.5
2.62,0.1692494613718403,5.703201789596945,5.751245885399387,CLEAR,0.5
2.64,0.17958682556597236,5.694074487888187,5.7422529178052075,CLEAR,0.5
2.66,0.18995667570721825,5.684914930896755,5.732826399068672,CLEAR,0.5
2.68,0.20030515501831403,5.675884307600801,5.722905565732839,CLEAR,0.5
2.7,0.2105164230143843,5.666997507251873,5.712748702660996,CLEAR,0.5
2.72,0.220583844281208,5.65840448824732,5.703201789596945,CLEAR,0.5
2.74,0.2304663139740389,5.650118305808886,5.694074487888187,CLEAR,0.5
2.76,0.24019010760965193,5.642160709178356,5.684914930896755,CLEAR,0.5
2.78,0.24973327708886697,5.634527894355873,5.675884307600801,CLEAR,0.5
2.8,0.25923221424467335,5.627224426702095,5.666997507251873,CLEAR,0.5
2.82,0.26892048053819007,5.620133459619884,5.65840448824732,CLEAR,0.5
2.84,0.2789047329987344,5.6130600862341415,5.650118305808886,CLEAR,0.5
2.86,0.2892538355735249,5.6059597752417485,5.642160709178356,CLEAR,0.5
2.88,0.299646750819932,5.598678614598156,5.634527894355873,CLEAR,0.5
2.9,0.30852469688049455,5.59103141274365,5.627224426702095,CLEAR,0.5
2.92,0.316446951494452,5.584787495423163,5.620133459619884,CLEAR,0.5
2.94,0.3240723000422461,5.579547993797144,5.6130600862341415,CLEAR,0.5
2.96,0.3316075001317364,5.574513397826327,5.6059597752417485,CLEAR,0.5
2.98,0.33915978025333315,5.569378680050729,5.598678614598156,CLEAR,0.5
3.0,0.3467234318333735,5.563956325850422,5.59103141274365,CLEAR,0.5
3.02,0.354202775472684,5.558206003891765,5.584787495423163,CLEAR,0.5
3.04,0.36156288467937264,5.552224183779051,5.579547993797144,CLEAR,0.5
3.06,0.3688620492799271,5.546093358021589,5.574513397826327,CLEAR,0.5
3.08,0.3762154346986237,5.539808781322332,5.569378680050729,CLEAR,0.5
3.1,0.3837594001456013,5.533341777955864,5.563956325850422,CLEAR,0.5
3.12,0.3915667129760183,5.526591013239176,5.558206003891765,CLEAR,0.5
3.14,0.39967778311047836,5.519504361685823,5.552224183779051,CLEAR,0.5
3.16,0.40814001243451936,5.51203059783605,5.546093358021589,CLEAR,0.5
3.18,0.416963566531712,5.504120682262318,5.539808781322332,CLEAR,0.5
3.2,0.4261713957493191,5.495756938344239,5.533341777955864,CLEAR,0.5
3.22,0.4358074418172118,5.486924578260807,5.526591013239176,CLEAR,0.5
3.24,0.44588070587701684,5.477578152053547,5.519504361685823,CLEAR,0.5
3.26,0.4562326121918491,5.4677293526385915,5.51203059783605,CLEAR,0.5
3.28,0.4663200929813495,5.457485940977754,5.504120682262318,CLEAR,0.5
3.3,0.476303508510562,5.447534831192831,5.495756938344239,CLEAR,0.5
3.32,0.48659262788688695,5.437973020308228,5.486924578260807,CLEAR,0.5
3.34,0.4973900774102481,5.428183241453236,5.477578152053547,CLEAR,0.5
3.36,0.5087245478965938,5.418041842127879,5.4677293526385915,CLEAR,0.5
3.38,0.5203098270381036,5.407747419455881,5.457485940977754,CLEAR,0.5
3.4,0.5318513876762168,5.397570826538621,5.447534831192831,CLEAR,0.5
3.42,0.5432368067231362,5.387736154499628,5.437973020308228,CLEAR,0.5
3.44,0.5544281732419558,5.378216440098272,5.428183241453236,CLEAR,0.5
3.46,0.5654179479260444,5.36905826845119,5.418041842127879,CLEAR,0.5
3.48,0.5763153643296127,5.360252276087289,5.407747419455881,CLEAR,0.5
3.5,0.5872778155545673,5.351702823235321,5.397570826538621,CLEAR,0.5
3.52,0.5984378840939476,5.343283336084797,5.387736154499628,CLEAR,0.5
3.54,0.6098478040501447,5.334863967165459,5.378216440098272,CLEAR,0.5
3.56,0.6213405741064212,5.326417664215916,5.36905826845119,CLEAR,0.5
3.58,0.63230347319547,5.31803852132211,5.360252276087289,CLEAR,0.5
3.6,0.6423361821464628,5.309601135990936,5.351702823235321,CLEAR,0.5
3.62,0.6519427719693044,5.302085367638684,5.343283336084797,CLEAR,0.5
3.64,0.6616276737352853,5.295058419614589,5.334863967165459,CLEAR,0.5
3.66,0.6713985590819358,5.288019959307414,5.326417664215916,CLEAR,0.5
3.68,0.6812010611761194,5.280822673883659,5.31803852132211,CLEAR,0.5
3.7,0.6908890708651538,5.273341214296064,5.309601135990936,CLEAR,0.5
3.72,0.7003265698647686,5.2655883237163055,5.302085367638684,CLEAR,0.5
3.74,0.7095824468806247,5.257671634023126,5.295058419614589,CLEAR,0.5
3.76,0.7188854863708607,5.249604395655736,5.288019959307414,CLEAR,0.5
3.78,0.7284716803848129,5.241264554418179,5.280822673883659,CLEAR,0.5
3.8,0.7385304971296595,5.232548296921725,5.273341214296064,CLEAR,0.5
3.82,0.7489935864162873,5.223358819244584,5.2655883237163055,CLEAR,0.5
3.84,0.7597966671111461,5.2138095298652525,5.257671634023126,CLEAR,0.5
3.86,0.770850080935196,5.203961973822417,5.249604395655736,CLEAR,0.5
3.88,0.7819091509768619,5.193809644257178,5.241264554418179,CLEAR,0.5
3.9,0.7927542836515608,5.183899381856715,5.232548296921725,CLEAR,0.5
3.92,0.8029518065772857,5.174518285424024,5.223358819244584,CLEAR,0.5
3.94,0.8129508966436003,5.165752778887228,5.2138095298652525,CLEAR,0.5
3.96,0.8230504625938388,5.157272758455824,5.203961973822417,CLEAR,0.5
3.98,0.8331833959040755,5.148990867797719,5.193809644257178,CLEAR,0.5
4.0,0.8432721271692573,5.140910125386038,5.183899381856715,CLEAR,0.5
4.02,0.8533929899562923,5.133078834468529,5.174518285424024,CLEAR,0.5
4.04,0.8634437282390949,5.125428373006273,5.165752778887228,CLEAR,0.5
4.06,0.8733350969944826,5.118014094553169,5.157272758455824,CLEAR,0.5
4.08,0.8830924796044882,5.110941874860534,5.148990867797719,CLEAR,0.5
4.1,0.8928256581105244,5.104183571617679,5.140910125386038,CLEAR,0.5
4.12,0.9026604491357213,5.097639721271281,5.133078834468529,CLEAR,0.5
4.14,0.9126871629603335,5.0912056400389405,5.125428373006273,CLEAR,0.5
4.16,0.9228583064154475,5.084829807091688,5.118014094553169,CLEAR,0.5
4.18,0.9332363608406934,5.075008251208057,5.110941874860534,CLEAR,0.5
4.2,0.9426813033550588,5.059006871267933,5.104183571617679,CLEAR,0.5
4.22,0.9511203162246207,5.043508919005537,5.097639721271281,CLEAR,0.5
4.24,0.9591410621732823,5.0291064344352705,5.0912056400389405,CLEAR,0.5
4.26,0.9669908548956259,5.015090185452876,5.084829807091688,CLEAR,0.5
4.28,0.9747425855802094,5.001082097849287,5.075008251208057,CLEAR,0.5
4.3,0.9824548231154293,4.986921773989552,5.059006871267933,CLEAR,0.5
4.32,0.9900655118089037,4.972497707640331,5.043508919005537,CLEAR,0.5
4.34,0.9975826878757814,4.957854136125941,5.0291064344352705,CLEAR,0.5
4.36,1.0050521648986979,4.943007844699868,5.015090185452876,CLEAR,0.5
4.38,1.012578332824115,4.927978096758226,5.001082097849287,CLEAR,0.5
4.4,1.0202854407471205,4.912729280391219,4.986921773989552,CLEAR,0.5
4.42,1.028276042352355,4.8972041223888585,4.972497707640331,CLEAR,0.5
4.44,1.0366053157925255,4.8813433282844345,4.957854136125941,CLEAR,0.5
4.46,1.0453130773558914,4.865114950811947,4.943007844699868,CLEAR,0.5
4.48,1.054400105692241,4.848468806221888,4.927978096758226,CLEAR,0.5
4.5,1.063900581048359,4.831384496791162,4.912729280391219,CLEAR,0.5
4.52,1.073837761682139,4.813821563343315,4.8972041223888585,CLEAR,0.5
4.54,1.0842399480304652,4.795747635513347,4.8813433282844345,CLEAR,0.5
4.56,1.095140788795855,4.77712739685829,4.865114950811947,CLEAR,0.5
4.58,1.1065606855795003,4.757949585797434,4.848468806221888,CLEAR,0.5
4.6,1.1184080357090163,4.738190340683658,4.831384496791162,CLEAR,0.5
4.62,1.130225046250733,4.717921229965335,4.813821563343315,CLEAR,0.5
4.64,1.1415805610188559,4.697574011996384,4.795747635513347,CLEAR,0.5
4.66,1.1525476160108152,4.677890941828797,4.77712739685829,CLEAR,0.5
4.68,1.1638180842163788,4.658345320058809,4.757949585797434,CLEAR,0.5
4.7,1.1756686508372869,4.638658414991968,4.738190340683658,CLEAR,0.5
4.72,1.1877919123890202,4.6188703466281575,4.717921229965335,CLEAR,0.5
4.74,1.1997944537981007,4.59915303921609,4.697574011996384,CLEAR,0.5
4.76,1.211513326037316,4.579749665222813,4.677890941828797,CLEAR,0.5
4.78,1.2229136766689992,4.560700186228106,4.658345320058809,CLEAR,0.5
4.8,1.2340827924902327,4.542033638667345,4.638658414991968,CLEAR,0.5
4.82,1.245242862704904,4.523702125227555,4.6188703466281575,CLEAR,0.5
4.84,1.2565795344132193,4.505552373848788,4.59915303921609,CLEAR,0.5
4.86,1.2681626602690503,4.487430156087076,4.579749665222813,CLEAR,0.5
4.88,1.2798357192069796,4.469336828728108,4.560700186228106,CLEAR,0.5
4.9,1.2908823644531988,4.451321358228865,4.542033638667345,CLEAR,0.5
4.92,1.3009072148289662,4.433524499891928,4.523702125227555,CLEAR,0.5
4.94,1.310439667655556,4.416738165751571,4.505552373848788,CLEAR,0.5
4.96,1.3198734332261857,4.400475795295456,4.487430156087076,CLEAR,0.5
4.98,1.3293685266469515,4.384349886906293,4.469336828728108,CLEAR,0.5
5.0,1.3388575900404671,4.368087176362143,4.451321358228865,CLEAR,0.5
5.02,1.3481424524200256,4.351590051959854,4.433524499891928,CLEAR,0.5
5.04,1.357110107584842,4.334931886232976,4.416738165751571,CLEAR,0.5
5.06,1.3658646357215394,4.318229890947281,4.400475795295456,CLEAR,0.5
5.08,1.3746360026216013,4.301445153114288,4.384349886906293,CLEAR,0.5
5.1,1.3836691078299983,4.28445497834162,4.368087176362143,CLEAR,0.5
5.12,1.3930560940815164,4.267129671473327,4.351590051959854,CLEAR,0.5
5.14,1.402761104626341,4.249434844763079,4.334931886232976,CLEAR,0.5
5.16,1.412762120526934,4.2314615738800345,4.318229890947281,CLEAR,0.5
5.18,1.4228915392575774,4.213196439502681,4.301445153114288,CLEAR,0.5
5.2,1.433047626793425,4.194901704136928,4.28445497834162,CLEAR,0.5
5.22,1.442856376283903,4.176837190024917,4.267129671473327,CLEAR,0.5
5.24,1.4525178112140962,4.159571970245497,4.249434844763079,CLEAR,0.5
5.26,1.4623715550048968,4.142520983654854,4.2314615738800345,CLEAR,0.5
5.28,1.4724760703835023,4.1254454634865825,4.213196439502681,CLEAR,0.5
5.3,1.4826165493388959,4.1084393815746,4.194901704136928,CLEAR,0.5
5.32,1.4926475499648049,4.091665420142573,4.176837190024917,CLEAR,0.5
5.34,1.502602263722439,4.075240617791151,4.159571970245497,CLEAR,0.5
5.36,1.5124741453059773,4.059121944926945,4.142520983654854,CLEAR,0.5
5.38,1.5222598386297117,4.043304130547438,4.1254454634865825,CLEAR,0.5
5.4,1.5319810591085452,4.027759902786996,4.1084393815746,CLEAR,0.5
5.42,1.541713317569949,4.0124459845175,4.091665420142573,CLEAR,0.5
5.44,1.5515545357608325,3.9972664369688387,4.075240617791151,CLEAR,0.5
5.46,1.5615464167012336,3.9821291363292737,4.059121944926945,CLEAR,0.5
5.48,1.5716929643212705,3.9670242866485017,4.043304130547438,CLEAR,0.5
5.5,1.5820596932481263,3.9520315989909154,4.027759902786996,CLEAR,0.5
5.52,1.5916583167213243,3.9368528463227785,4.0124459845175,CLEAR,0.5
5.54,1.6003277260645918,3.922132494623229,3.9972664369688387,CLEAR,0.5
5.56,1.6085987622929927,3.9084237228529553,3.9821291363292737,CLEAR,0.5
5.58,1.6167583668215928,3.8950752865491234,3.9670242866485017,CLEAR,0.5
5.6,1.6248676452384956,3.8817067877667633,3.9520315989909154,CLEAR,0.5
5.62,1.632990519531361,3.8681949187934856,3.9368528463227785,CLEAR,0.5
5.64,1.6410626229484806,3.854439918344257,3.922132494623229,CLEAR,0.5
5.66,1.6490463945184548,3.840490473976886,3.9084237228529553,CLEAR,0.5
5.68,1.65700581564663,3.8264009712149005,3.8950752865491234,CLEAR,0.5
5.7,1.6650490589309814,3.8121503668385026,3.8817067877667633,CLEAR,0.5
5.72,1.6733127784799942,3.7976960033065184,3.8681949187934856,CLEAR,0.5
5.74,1.6818911833000203,3.7829518443374095,3.854439918344257,CLEAR,0.5
5.76,1.6908583625337057,3.7678697364901113,3.840490473976886,CLEAR,0.5
5.78,1.700267971411833,3.7524016726131215,3.8264009712149005,CLEAR,0.5
5.8,1.7101355023638856,3.736498798606778,3.8121503668385026,CLEAR,0.5
5.82,1.7204615880608356,3.72012556441317,3.7976960033065184,CLEAR,0.5
5.84,1.731279818385218,3.703255880938512,3.7829518443374095,CLEAR,0.5
5.86,1.742608246060165,3.685844969681346,3.7678697364901113,CLEAR,0.5
5.88,1.7544564372118576,3.667876460494548,3.7524016726131215,CLEAR,0.5
5.9,1.7665818556601964,3.6493332882691556,3.736498798606778,CLEAR,0.5
5.92,1.7783034822963983,3.6304226756941986,3.72012556441317,CLEAR,0.5
5.94,1.7894343372515378,3.6119322761137846,3.703255880938512,CLEAR,0.5
5.96,1.800452688988335,3.5939320494161375,3.685844969681346,CLEAR,0.5
5.98,1.811798074109284,3.5760279625651528,3.667876460494548,CLEAR,0.5
6.0,1.823383735953616,3.558052213529243,3.6493332882691556,CLEAR,0.5
6.02,1.8348852031503349,3.5400726750785356,3.6304226756941986,CLEAR,0.5
6.04,1.846114212475697,3.522353012589783,3.6119322761137846,CLEAR,0.5
6.06,1.857050778201127,3.5050270053320003,3.5939320494161375,CLEAR,0.5
6.08,1.8677480441709793,3.4881126903299333,3.5760279625651528,CLEAR,0.5
6.1,1.8783042492894189,3.4715604145132404,3.558052213529243,CLEAR,0.5
6.12,1.888928176866867,3.4552837730755046,3.5400726750785356,CLEAR,0.5
6.14,1.8998039919212066,3.439079033233233,3.522353012589783,CLEAR,0.5
6.16,1.9109445196078851,3.422814186253827,3.5050270053320003,CLEAR,0.5
6.18,1.9223766256525627,3.4065136704588825,3.4881126903299333,CLEAR,0.5
6.2,1.9327621795764833,3.3900123767225887,3.4715604145132404,CLEAR,0.5
6.22,1.9419699539123516,3.3742367592510485,3.4552837730755046,CLEAR,0.5
6.24,1.9507391284178657,3.3597345553074853,3.439079033233233,CLEAR,0.5
6.26,1.959391509771978,3.3457085032580407,3.422814186253827,CLEAR,0.5
6.28,1.9679944963325975,3.3317875034176025,3.4065136704588825,CLEAR,0.5
6.3,1.9766042512982185,3.3178094096307906,3.3900123767225887,CLEAR,0.5
6.32,1.9850829099877667,3.3036339659654046,3.3742367592510485,CLEAR,0.5
6.34,1.9933296861185053,3.2893704321074626,3.3597345553074853,CLEAR,0.5
6.36,2.00143326691069,3.2751491550500726,3.3457085032580407,CLEAR,0.5
6.38,2.009542685372369,3.2609267340217114,3.3317875034176025,CLEAR,0.5
6.4,2.0178873799767705,3.2465981990808324,3.3178094096307906,CLEAR,0.5
6.42,2.0266153204402166,3.232008425025424,3.3036339659654046,CLEAR,0.5
6.44,2.0357240587612697,3.2170329130321096,3.2893704321074626,CLEAR,0.5
6.46,2.0451478366164237,3.2016814306262167,3.2751491550500726,CLEAR,0.5
6.48,2.0548699537890105,3.186023932969508,3.2609267340217114,CLEAR,0.5
6.5,2.064791657752454,3.1700644233625233,3.2465981990808324,CLEAR,0.5
6.52,2.074563168701464,3.1538635298245103,3.232008425025424,CLEAR,0.5
6.54,2.0843617025112167,3.1380405867403884,3.2170329130321096,CLEAR,0.5
6.56,2.0940478648804133,3.122273303901229,3.2016814306262167,CLEAR,0.5
6.58,2.1040114056914234,3.1069563472672406,3.186023932969508,CLEAR,0.5
6.6,2.1143706204567723,3.0915308522595932,3.1700644233625233,CLEAR,0.5
6.62,2.124927098675485,3.07593138879623,3.1538635298245103,CLEAR,0.5
6.64,2.1354511596451675,3.0603793482386723,3.1380405867403884,CLEAR,0.5
6.66,2.145808936277063,3.0450709795547715,3.122273303901229,CLEAR,0.5
6.68,2.1560366752097426,3.0301177235482726,3.1069563472672406,CLEAR,0.5
6.7,2.1661595620404066,3.015477064897956,3.0915308522595932,CLEAR,0.5
6.72,2.1761887750176236,3.0011105281420623,3.07593138879623,CLEAR,0.5
6.74,2.1861945702928245,2.9869857116822396,3.0603793482386723,CLEAR,0.5
6.76,2.196295629788433,2.973010906566651,3.0450709795547715,CLEAR,0.5
6.78,2.206557584108208,2.9590594935061563,3.0301177235482726,CLEAR,0.5
6.8,2.216992963325576,2.9450557116005243,3.015477064897956,CLEAR,0.5
6.82,2.2276133510463483,2.931014313271585,3.0011105281420623,CLEAR,0.5
6.84,2.238291417187803,2.9169432315489883,2.9869857116822396,CLEAR,0.5
6.86,2.2478314280727654,2.9027511997889346,2.973010906566651,CLEAR,0.5
6.88,2.256670080483158,2.8896115317709086,2.9590594935061563,CLEAR,0.5
6.9,2.2654225343231924,2.8772605893940395,2.9450557116005243,CLEAR,0.5
6.92,2.274199156480594,2.8650002706366173,2.931014313271585,CLEAR,0.5
6.94,2.2829528968990638,2.8526656433856905,2.9169432315489883,CLEAR,0.5
6.96,2.2917113083730514,2.8402688734006727,2.9027511997889346,CLEAR,0.5
6.98,2.3003516676353963,2.827747952230487,2.8896115317709086,CLEAR,0.5
7.0,2.3088610009955457,2.815231673852662,2.8772605893940395,CLEAR,0.5
7.02,2.3173612697247514,2.8027605057772575,2.8650002706366173,CLEAR,0.5
7.04,2.3260141352903103,2.790245406683106,2.8526656433856905,CLEAR,0.5
7.06,2.3349849577014745,2.7775634856577947,2.8402688734006727,CLEAR,0.5
7.08,2.3443880676899695,2.7645844103057056,2.827747952230487,CLEAR,0.5
7.1,2.3542704621975754,2.751213424430824,2.815231673852662,CLEAR,0.5
7.12,2.364647090877748,2.7374100941845283,2.8027605057772575,CLEAR,0.5
7.14,2.3754546321936663,2.723150390247233,2.790245406683106,CLEAR,0.5
7.16,2.3866981779095995,2.7084842513024383,2.7775634856577947,CLEAR,0.5
7.18,2.398421012171748,2.6934026131808424,2.7645844103057056,CLEAR,0.5
7.2,2.410438515662093,2.6778603439889364,2.751213424430824,CLEAR,0.5
7.22,2.4221398226025777,2.662029466675888,2.7374100941845283,CLEAR,0.5
7.24,2.433355512994804,2.6466073284497433,2.723150390247233,CLEAR,0.5
7.26,2.4442581502668896,2.6317720388531165,2.7084842513024383,CLEAR,0.5
7.28,2.455278404277797,2.617266982471612,2.6934026131808424,CLEAR,0.5
7.3,2.4664963998279212,2.6027860930667215,2.6778603439889364,CLEAR,0.5
7.32,2.4777212232417987,2.588282953054531,2.662029466675888,CLEAR,0.5
7.34,2.4887975651543526,2.573931604834852,2.6466073284497433,CLEAR,0.5
7.36,2.4996618528115544,2.559867879415329,2.6317720388531165,CLEAR,0.5
7.38,2.510305351343483,2.5461412265044356,2.617266982471612,CLEAR,0.5
7.4,2.5207562561382626,2.5327607361301414,2.6027860930667215,CLEAR,0.5
7.42,2.531193513035934,2.5196848263167353,2.588282953054531,CLEAR,0.5
7.44,2.5417854341160537,2.506742614019232,2.573931604834852,CLEAR,0.5
7.46,2.5526726946757656,2.493760384678492,2.559867879415329,CLEAR,0.5
7.48,2.5638116276624774,2.480612765139774,2.5461412265044356,CLEAR,0.5
7.5,2.57467465024434,2.467337361008126,2.5327607361301414,CLEAR,0.5
7.52,2.584061184194141,2.4543089284948003,2.5196848263167353,CLEAR,0.5
7.54,2.59269174408411,2.44284237921535,2.506742614019232,CLEAR,0.5
7.56,2.601195457346403,2.432236972371254,2.493760384678492,CLEAR,0.5
7.58,2.6096529258396033,2.4218182241681236,2.480612765139774,CLEAR,0.5
7.6,2.6180790102268916,2.411484017958883,2.467337361008126,CLEAR,0.5
7.62,2.626475862374073,2.4011984553641352,2.4543089284948003,CLEAR,0.5
7.64,2.6346863791417987,2.390945885501975,2.44284237921535,CLEAR,0.5
7.66,2.6426853128657566,2.380900670757854,2.432236972371254,CLEAR,0.5
7.68,2.6506213061916886,2.371107601892574,2.4218182241681236,CLEAR,0.5
7.7,2.658655528653388,2.361441144013412,2.411484017958883,CLEAR,0.5
7.72,2.666951435747823,2.351757305825432,2.4011984553641352,CLEAR,0.5
7.74,2.6756185734129216,2.341906669646441,2.390945885501975,CLEAR,0.5
7.76,2.6846827483211917,2.3317888225055126,2.380900670757854,CLEAR,0.5
7.78,2.694095875604865,2.3213829437631666,2.371107601892574,CLEAR,0.5
7.8,2.703850062240753,2.3107411011527965,2.361441144013412,CLEAR,0.5
7.82,2.7139758168349806,2.299879375363193,2.351757305825432,CLEAR,0.5
7.84,2.7244320057207316,2.288773923933138,2.341906669646441,CLEAR,0.5
7.86,2.7346951562993067,2.277469995666177,2.3317888225055126,CLEAR,0.5
7.88,2.7448165672580824,2.26652365406945,2.3213829437631666,CLEAR,0.5
7.9,2.7548706549242796,2.2558706487575835,2.3107411011527965,CLEAR,0.5
7.92,2.765200349773155,2.2454430893104838,2.299879375363193,CLEAR,0.5
7.94,2.7759759631637686,2.235053002816441,2.288773923933138,CLEAR,0.5
7.96,2.787007973289933,2.224257134219479,2.277469995666177,CLEAR,0.5
7.98,2.798055631426061,2.2132131532793875,2.26652365406945,CLEAR,0.5
8.0,2.8090076732448472,2.202161238107737,2.2558706487575835,CLEAR,0.5
8.02,2.819835179951294,2.191210881808249,2.2454430893104838,CLEAR,0.5
8.04,2.8305050172651973,2.180391095738234,2.235053002816441,CLEAR,0.5
8.06,2.841041869624157,2.16973467333718,2.224257134219479,CLEAR,0.5
8.08,2.8515524559100287,2.159216647213445,2.2132131532793875,CLEAR,0.5
8.1,2.862160509518419,2.148730511869633,2.202161238107737,CLEAR,0.5
8.12,2.8729249340150567,2.138152888694567,2.191210881808249,CLEAR,0.5
8.14,2.883867492455268,2.1274247183960067,2.180391095738234,CLEAR,0.5
8.16,2.894907712648374,2.11652662212477,2.16973467333718,CLEAR,0.5
8.18,2.905325004635094,2.1055398802398315,2.159216647213445,CLEAR,0.5
8.2,2.9146650753781946,2.095161154839332,2.148730511869633,CLEAR,0.5
8.22,2.9235788287993776,2.085869359086809,2.138152888694567,CLEAR,0.5
8.24,2.932583521939463,2.077012102815681,2.1274247183960067,CLEAR,0.5
8.26,2.9416421505062806,2.0680647353586283,2.11652662212477,CLEAR,0.5
8.28,2.950681016514293,2.05905844846329,2.1055398802398315,CLEAR,0.5
8.3,2.9596564861447736,2.0500608897624,2.095161154839332,CLEAR,0.5
8.32,2.9684226782841847,2.0411121680057702,2.085869359086809,CLEAR,0.5
8.34,2.9770159793950604,2.032359105579079,2.077012102815681,CLEAR,0.5
8.36,2.985606039608825,2.023765789859256,2.0680647353586283,CLEAR,0.5
8.38,2.99442742760701,2.0151648487046394,2.05905844846329,CLEAR,0.5
8.4,3.0036418564468295,2.0063253124807088,2.0500608897624,CLEAR,0.5
8.42,3.013305404247856,1.9970873886866993,2.0411121680057702,CLEAR,0.5
8.44,3.023387335360217,1.9873962244925178,2.032359105579079,CLEAR,0.5
8.46,3.0338298404105113,1.9772829611226548,2.023765789859256,CLEAR,0.5
8.48,3.04467216197325,1.9668053126829117,2.0151648487046394,CLEAR,0.5
8.5,3.0558386983247066,1.9559236516178562,2.0063253124807088,CLEAR,0.5
8.52,3.0669008560819266,1.9447121060796504,1.9970873886866993,SLOW,0.4987864119527914
8.54,3.077683928936993,1.9336126352789773,1.9873962244925178,SLOW,0.4947484268718824
8.56,3.0878933825472874,1.9227979598878517,1.9772829611226548,SLOW,0.4905345671344395
8.58,3.0981094965175946,1.9125591503818793,1.9668053126829117,SLOW,0.4861688802845465
8.6,3.108590834230611,1.9023197724269707,1.9559236516178562,SLOW,0.4816348548407734
8.62,3.119216918808009,1.891826624876815,1.9447121060796504,SLOW,0.4769633775331877
8.64,3.129785000494505,1.8811985753319111,1.9336126352789773,SLOW,0.47233859803290723
8.66,3.1402316925260307,1.8706363775582502,1.9227979598878517,SLOW,0.46783248328660487
8.68,3.1504206477411794,1.8602022784734762,1.9125591503818793,SLOW,0.46356631265911635
8.7,3.1603498473466547,1.8500316142261313,1.9023197724269707,SLOW,0.4592999051779045
8.72,3.1701542035925794,1.8401275241382131,1.891826624876815,SLOW,0.45492776036533955
8.74,3.1799750536961415,1.830356308135874,1.8811985753319111,SLOW,0.45049940638829633
8.76,3.1899278612826305,1.8205769326747328,1.8706363775582502,SLOW,0.44609849064927093
8.78,3.1999946320980333,1.8106744748710706,1.8602022784734762,SLOW,0.44175094936394843
8.8,3.210335300317521,1.8006720590804457,1.8500316142261313,SLOW,0.43751317259422134
8.82,3.2200539931824523,1.7904059702877582,1.8401275241382131,SLOW,0.43338646839092215
8.84,3.2284533291338313,1.7807447423800113,1.830356308135874,SLOW,0.4293151283899475
8.86,3.236276023657617,1.772420907353384,1.8205769326747328,SLOW,0.425240388614472
8.88,3.24401790710046,1.764683797283845,1.8106744748710706,SLOW,0.42111436452961276
8.9,3.2516820120290495,1.7570264298664127,1.8006720590804457,SLOW,0.416946691283519
8.92,3.259278953787961,1.7494394526312944,1.7904059702877582,SLOW,0.4126691542865659
8.94,3.2667709718598252,1.7419038529600315,1.7807447423800113,SLOW,0.4086436426583381
8.96,3.2740775781608633,1.734453144273812,1.772420907353384,SLOW,0.40517537806391
8.98,3.281259212749622,1.7271690572031078,1.764683797283845,SLOW,0.40195158220160204
9.0,3.2884336343485745,1.7199918746247584,1.7570264298664127,SLOW,0.3987610124443386
9.02,3.2957611923745525,1.712807674978436,1.7494394526312944,SLOW,0.395599771929706
9.04,3.3033600589545737,1.7054596298401508,1.7419038529600315,SLOW,0.39245993873334645
9.06,3.3113185914434005,1.6978335906639959,1.734453144273812,SLOW,0.389355476780755
9.08,3.3196632899639904,1.6898414918331968,1.7271690572031078,SLOW,0.3863204405012949
9.1,3.328346739824068,1.6814559407166256,1.7199918746247584,SLOW,0.38332994776031604
9.12,3.337358875566344,1.672723311003416,1.712807674978436,SLOW,0.380336531241015
9.14,3.3467467268564586,1.663654007590823,1.7054596298401508,SLOW,0.3772748457667295
9.16,3.356526976570829,1.6542015878747713,1.6978335906639959,SLOW,0.3740973294433316
9.18,3.3665370999589213,1.6443500836864113,1.6898414918331968,SLOW,0.370767288263832
9.2,3.3763947154241603,1.6342634563090084,1.6814559407166256,SLOW,0.36727330863192736
9.22,3.3860862108063405,1.6243400301258226,1.672723311003416,SLOW,0.36363471291809
9.24,3.395391826698967,1.6145928056115018,1.663654007590823,SLOW,0.35985583649617625
9.26,3.4046736237084603,1.605237376729119,1.6542015878747713,SLOW,0.35591732828115474
9.28,3.4142505613806327,1.595913867222845,1.6443500836864113,SLOW,0.35181253486933806
9.3,3.423952133052823,1.5863105198408443,1.6342634563090084,SLOW,0.3476097734620868
9.32,3.4335384563035456,1.5765963404428591,1.6243400301258226,SLOW,0.3434750125524261
9.34,3.4428622310814294,1.567006469289404,1.6145928056115018,SLOW,0.3394136690047924
9.36,3.4518383791591076,1.5576849174064478,1.605237376729119,SLOW,0.3355155736371329
9.38,3.4605751910480245,1.5487161842183084,1.595913867222845,SLOW,0.33163077800951873
9.4,3.46928914189501,1.5399922543166027,1.5863105198408443,SLOW,0.32762938326701846
9.42,3.4781119109873653,1.5312988087175885,1.5765963404428591,SLOW,0.32358180851785795
9.44,3.4870487187143393,1.5225049884699542,1.567006469289404,SLOW,0.31958602887058496
9.46,3.4960684111391207,1.513607466203551,1.5576849174064478,SLOW,0.3157020489193532
9.48,3.5047263129174255,1.5046359937521556,1.5487161842183084,SLOW,0.31196507675762847
9.5,3.5122515899180784,1.4960141544579781,1.5399922543166027,SLOW,0.3083301059652511
9.52,3.5192665529692335,1.4885480988288045,1.5312988087175885,SLOW,0.3047078369656619
9.54,3.5262880545662485,1.4815999150331725,1.5225049884699542,SLOW,0.3010437451958142
9.56,3.533317604928338,1.4746416711089971,1.513607466203551,SLOW,0.2973364442514796
9.58,3.5402909084466043,1.467664823115771,1.5046359937521556,SLOW,0.29359833073006486
9.6,3.547105515837282,1.460726402916898,1.4960141544579781,SLOW,0.29000589769082424
9.62,3.5537047920452403,1.4539279665472222,1.4885480988288045,SLOW,0.28689504117866854
9.64,3.5601675974263123,1.4473247371220053,1.4815999150331725,SLOW,0.2839999645971552
9.66,3.5667182833277598,1.4408405288211992,1.4746416711089971,SLOW,0.28110069629541545
9.68,3.573475514084417,1.434256148304019,1.467664823115771,SLOW,0.2781936762982379
9.7,3.5804565645497335,1.4274570800054083,1.460726402916898,SLOW,0.27530266788204083
9.72,3.587679072266536,1.4204285766969331,1.4539279665472222,SLOW,0.2724699860613426
9.74,3.5951688256557435,1.4131542163380788,1.4473247371220053,SLOW,0.2697186404675022
9.76,3.6028851418106074,1.405608050031652,1.4408405288211992,SLOW,0.26701688700883297
9.78,3.610677241127474,1.3978301426455175,1.434256148304019,SLOW,0.2642733951266746
9.8,3.6185904242684233,1.389985072806841,1.4274570800054083,SLOW,0.26144045000225347
9.82,3.626191580757389,1.382032308502134,1.4204285766969331,SLOW,0.25851190695705545
9.84,3.6334731486145317,1.3744100694123014,1.4131542163380788,SLOW,0.2554809234741995
9.86,3.6405616373683625,1.3671102542017166,1.405608050031652,SLOW,0.2523366875131883
9.88,3.6476318648329307,1.3600125785610753,1.3978301426455175,SLOW,0.24909589276896563
9.9,3.654606241854916,1.3529439666937852,1.389985072806841,SLOW,0.2458271136695171
9.92,3.6614227661054106,1.3459778141139738,1.382032308502134,SLOW,0.24251346187588915
9.94,3.66804366982409,1.3391741056303814,1.3744100694123014,SLOW,0.23933752892179222
9.96,3.6745657584537015,1.3325708297956151,1.3671102542017166,SLOW,0.23629593925071524
9.98,3.6810759303552003,1.3260727774880847,1.3600125785610753,SLOW,0.23333857440044803
10.0,3.6876261597327753,1.3195958357757513,1.3529439666937852,SLOW,0.23039331945574384
10.02,3.6943010259745908,1.3130912221405593,1.3459778141139738,SLOW,0.2274907558808224
10.04,3.701242221550244,1.3064751736691278,1.3391741056303814,SLOW,0.22465587734599224
10.06,3.7076010720259664,1.2995810809635275,1.3325708297956151,SLOW,0.22190451241483963
10.08,3.713272465713133,1.293287657522282,1.3260727774880847,SLOW,0.21919699062003528
10.1,3.7186897565627257,1.287694668241476,1.3195958357757513,SLOW,0.21649826490656304
10.12,3.7240387780212805,1.28235387812088,1.3130912221405593,SLOW,0.21378800922523303
10.14,3.7293759974895844,1.2770705374111329,1.3064751736691278,SLOW,0.21103132236213656
10.16,3.7346914935648123,1.2717828349196625,1.2995810809635275,SLOW,0.20815878373480312
10.18,3.739975836119269,1.2664991318435366,1.293287657522282,SLOW,0.2055365239676175
10.2,3.745288659155895,1.2612260704513352,1.287694668241476,SLOW,0.20320611176728168
10.22,3.7507134191087332,1.2559057948274208,1.28235387812088,SLOW,0.2009807825503667
10.24,3.7562247231460826,1.2504586740756964,1.2770705374111329,SLOW,0.198779390587972
10.26,3.761851081120988,1.2449147673489755,1.2717828349196625,SLOW,0.19657618121652604
10.28,3.767646673945329,1.2392479974096542,1.2664991318435366,SLOW,0.19437463826814022
10.3,3.7736329736391605,1.2334049797952638,1.2612260704513352,SLOW,0.192177529354723
10.32,3.7797689420099005,1.2273644891160862,1.2559057948274208,SLOW,0.18996074784475867
10.34,3.7860908929531316,1.2211716484215847,1.2504586740756964,SLOW,0.18769111419820683
10.36,3.7924714528717,1.214804421744658,1.2449147673489755,SLOW,0.18538115306207315
10.38,3.7985391284960666,1.2084105937376204,1.2392479974096542,SLOW,0.18301999892068924
10.4,3.80400911539436,1.2023284581992741,1.2334049797952638,SLOW,0.18058540824802655
10.42,3.8091020501555115,1.1968445845192102,1.2273644891160862,SLOW,0.17806853713170256
10.44,3.813941496581487,1.1917446813561743,1.2211716484215847,SLOW,0.17548818684232692
10.46,3.8185628845796074,1.1869053271410466,1.214804421744658,SLOW,0.17283517572694085
10.48,3.823019407531546,1.1822865977417008,1.2084105937376204,SLOW,0.1701710807240085
10.5,3.827399905886399,1.1778349257315943,1.2023284581992741,SLOW,0.16763685758303087
10.52,3.831827163543215,1.1734639765277588,1.1968445845192102,SLOW,0.16535191021633755
10.54,3.8365467053671813,1.169056568788803,1.1917446813561743,SLOW,0.1632269505650726
10.56,3.841812075429994,1.1643562783578036,1.1869053271410466,SLOW,0.16121055297543607
10.58,3.846793410829855,1.1591173975795028,1.1822865977417008,SLOW,0.1592860823923753
10.6,3.8513359652758714,1.1541748027761802,1.1778349257315943,SLOW,0.15743121905483096
10.62,3.8557405049970277,1.1496773270810645,1.1734639765277588,SLOW,0.1556099902198995
10.64,3.860049967861612,1.145314744208584,1.169056568788803,SLOW,0.15377357032866792
10.66,3.8643107830626926,1.1410357628858228,1.1643562783578036,SLOW,0.15181511598241818
10.68,3.8685542371578943,1.1367897879243292,1.1591173975795028,SLOW,0.1496322489914595
10.7,3.8728810882361726,1.1325452979349135,1.1541748027761802,SLOW,0.14757283449007508
10.72,3.8773356092401583,1.1282004433786865,1.1496773270810645,SLOW,0.14569888628377686
10.74,3.881888504657355,1.123712869835823,1.145314744208584,SLOW,0.14388114342024333
10.76,3.8865903602171894,1.1191161114559234,1.1410357628858228,SLOW,0.14209823453575948
10.78,3.8914765540560134,1.114361755247771,1.1367897879243292,SLOW,0.1403290783018038
10.8,3.8965535559615994,1.1094166502435605,1.1325452979349135,SLOW,0.13856054080621397
10.82,3.9017362874339074,1.1042769998362618,1.1282004433786865,SLOW,0.13675018474111938
10.84,3.907120342913959,1.0990478137048243,1.123712869835823,SLOW,0.1348803624315929
10.86,3.912219413907037,1.0936533124410763,1.1191161114559234,SLOW,0.13296504643996807
10.88,3.916736024918453,1.0885394208751469,1.114361755247771,SLOW,0.1309840646865712
10.9,3.920894134389483,1.084008380090267,1.1094166502435605,SLOW,0.1289236042681502
10.92,3.924766569412247,1.0798406053248342,1.1042769998362618,SLOW,0.1267820832651091
10.94,3.9284574149233937,1.0759612897858049,1.0990478137048243,SLOW,0.12460325571034345
10.96,3.932047566059329,1.0722635051975966,1.0936533124410763,SLOW,0.12235554685044846
10.98,3.93564332762033,1.0686680784405111,1.0885394208751469,SLOW,0.12022475869797786
11.0,3.939431703402411,1.0650718249142255,1.084008380090267,SLOW,0.1183368250376112
11.02,3.943592727530402,1.0612843256451816,1.0798406053248342,SLOW,0.1166002522186809
11.04,3.9477254839422704,1.0571220862794604,1.0759612897858049,SLOW,0.11498387074408534
11.06,3.951739409893481,1.0530001019679271,1.0722635051975966,SLOW,0.11344312716566524
11.08,3.9557199154996705,1.0490017281684103,1.0686680784405111,SLOW,0.1119450326835463
11.1,3.959678858655764,1.0450359910181153,1.0650718249142255,SLOW,0.1104465937142606
11.12,3.9634968812523894,1.0410855958996772,1.0612843256451816,SLOW,0.10886846901882566
11.14,3.9672203647228255,1.0372656418044774,1.0571220862794604,SLOW,0.1071342026164418
11.16,3.9709669479720597,1.0335266815666537,1.0530001019679271,SLOW,0.10541670915330296
11.18,3.9747897824082155,1.029751494605923,1.0490017281684103,SLOW,0.10375072007017094
11.2,3.978722064443745,1.0258882753698881,1.0450359910181153,SLOW,0.10209832959088136
11.22,3.9827939619140365,1.021906812291225,1.0410855958996772,SLOW,0.10045233162486548
11.24,3.9870107579146907,1.0177795901512854,1.0372656418044774,SLOW,0.09886068408519892
11.26,3.9912740883050337,1.0135048042174708,1.0335266815666537,SLOW,0.0973027839861057
11.28,3.9957493923792793,1.0092025471573605,1.029751494605923,SLOW,0.09572978941913456
11.3,3.999879699195087,1.0047191730206182,1.0258882753698881,SLOW,0.09412011473745338
11.32,4.00346780800634,1.0005771098631955,1.021906812291225,SLOW,0.09246117178801037
11.34,4.00675579607836,0.9969790211363392,1.0177795901512854,SLOW,0.0907414958963689
11.36,4.009797064524859,0.9936855483771558,1.0135048042174708,SLOW,0.08896033509061282
11.38,4.012690633835075,0.9906402821329675,1.0092025471573605,SLOW,0.08716772798223352
11.4,4.015549685893711,0.987741394799661,1.0047191730206182,SLOW,0.08529965542525757
11.42,4.018624662996322,0.9848766294720955,1.0005771098631955,SLOW,0.08357379577633144
11.44,4.0218818557685045,0.9817971212467231,0.9969790211363392,SLOW,0.08207459214014132
11.46,4.025144479210283,0.9785307557468093,0.9936855483771558,SLOW,0.08070231182381492
11.48,4.028319294723514,0.9752599634105099,0.9906402821329675,SLOW,0.07943345088873645
11.5,4.031535054525328,0.9720846361378304,0.987741394799661,SLOW,0.07822558116652542
11.52,4.034819061587315,0.9688731122471798,0.9848766294720955,SLOW,0.07703192894670646
11.54,4.038046626077189,0.9655926445336377,0.9817971212467231,SLOW,0.07574880051946796
11.56,4.041146954605624,0.9623628065727501,0.9785307557468093,SLOW,0.07438781489450384
11.58,4.044210981303564,0.9592515528304711,0.9752599634105099,SLOW,0.07302498475437912
11.6,4.047315587649837,0.9561681052001266,0.9720846361378304,SLOW,0.07170193172409597
11.62,4.050505867053965,0.953035883891466,0.9688731122471798,SLOW,0.07036379676965822
11.64,4.053824852711053,0.9498117789475803,0.9655926445336377,SLOW,0.06899693522234902
11.66,4.0572893458052945,0.9464547071594323,0.9623628065727501,SLOW,0.06765116940531252
11.68,4.060788917651936,0.9429504131276784,0.9592515528304711,SLOW,0.06635481367936297
11.7,4.064420385374356,0.9394319922760004,0.9561681052001266,SLOW,0.06507004383338608
11.72,4.067642888688867,0.9357948572800486,0.953035883891466,SLOW,0.06376495162144415
11.74,4.070393330987653,0.9325667245075868,0.9498117789475803,SLOW,0.06242157456149177
11.76,4.072920035667931,0.9298126787482344,0.9464547071594323,SLOW,0.06102279464976342
11.78,4.075276714253223,0.9272849854023957,0.9429504131276784,SLOW,0.05956267213653263
11.8,4.077572402579626,0.924927638499314,0.9394319922760004,SLOW,0.058096663448333474
11.82,4.079992905218169,0.9226295655232671,0.9357948572800486,SLOW,0.05658119053335358
11.84,4.082676294808854,0.920205205663098,0.9325667245075868,SLOW,0.055236135211494494
11.86,4.085085295687746,0.9175172418670776,0.9298126787482344,SLOW,0.054088616145097634
11.88,4.087306789710873,0.9151006651430639,0.9272849854023957,SLOW,0.05303541058433152
11.9,4.089743306548226,0.9128758628278324,0.924927638499314,SLOW,0.0520531827080475
11.92,4.092490002962323,0.9104391758327862,0.9226295655232671,SLOW,0.05109565230136129
11.94,4.095365377562951,0.9076932071679974,0.920205205663098,SLOW,0.05008550235962417
11.96,4.098175044965335,0.9048160136819531,0.9175172418670776,SLOW,0.04896551744461566
11.98,4.100914646145506,0.9019986202392257,0.9151006651430639,SLOW,0.0479586104762766
12.0,4.103679644459413,0.8992451355197226,0.9128758628278324,SLOW,0.047031609511596816
12.02,4.106541658861221,0.8964612441623324,0.9104391758327862,SLOW,0.04601632326366091
12.04,4.109540237316196,0.8935771215678016,0.9076932071679974,SLOW,0.04487216965333223
12.06,4.112709058191655,0.8905550258702087,0.9048160136819531,SLOW,0.0436733390341471
12.08,4.115968984136277,0.8873635356613505,0.9019986202392257,SLOW,0.04249942509967737
12.1,4.119061549149658,0.8840977676426329,0.8992451355197226,SLOW,0.04135213979988441
12.12,4.121595923284588,0.8810035368224697,0.8964612441623324,SLOW,0.04019218506763849
12.14,4.12376669116496,0.8784660674482078,0.8935771215678016,SLOW,0.0389904673199173
12.16,4.125752765965693,0.8762932547262492,0.8905550258702087,SLOW,0.03773126077925362
12.18,4.127637161040833,0.8743072380796193,0.8873635356613505,SLOW,0.03640147319222936
12.2,4.129647270598036,0.8724229838428368,0.8840977676426329,SLOW,0.0350407365177637
12.22,4.131932326341853,0.8704120443288351,0.8810035368224697,SLOW,0.033751473676029015
12.24,4.134314492400491,0.868124496722769,0.8784660674482078,SLOW,0.03269419477008655
12.26,4.136174735453988,0.865740942377547,0.8762932547262492,SLOW,0.03178885613593715
12.28,4.137987656671604,0.8638737879017063,0.8743072380796193,SLOW,0.030961349199841358
12.3,4.1402801280405015,0.862057783998758,0.8724229838428368,SLOW,0.030176243267848644
12.32,4.142936194498611,0.8597646422825151,0.8704120443288351,SLOW,0.029338351803681283
12.34,4.145628514213796,0.857108214284392,0.868124496722769,SLOW,0.028385206967820414
12.36,4.1481623682747815,0.85441326867951,0.865740942377547,SLOW,0.02739205932397788
12.38,4.150609528683239,0.851873861621256,0.8638737879017063,SLOW,0.026614078292377618
12.4,4.153051674472918,0.8494188747434303,0.862057783998758,SLOW,0.025857409999482477
12.42,4.1556117972442035,0.8469679309537664,0.8597646422825151,SLOW,0.024901934284381293
12.44,4.158372372045145,0.8443993935887232,0.857108214284392,SLOW,0.02379508928516331
12.46,4.1612834929599085,0.841632469267741,0.85441326867951,SLOW,0.02267219528312913
12.48,4.1639409818153545,0.8387202321532485,0.851873861621256,SLOW,0.02161410900885665
12.5,4.166025547090462,0.8360627169294329,0.8494188747434303,SLOW,0.02059119780976259
12.52,4.167707770817472,0.8339779862409031,0.8469679309537664,SLOW,0.019569971230735998
12.54,4.169206401614606,0.8322957904556243,0.8443993935887232,SLOW,0.01849974732863464
12.56,4.170587398136989,0.8307976953428136,0.841632469267741,SLOW,0.017346862194892086
12.58,4.172068179050514,0.8294174491408817,0.8387202321532485,SLOW,0.016133430063853538
12.6,4.173767238188871,0.8279374093785673,0.8360627169294329,SLOW,0.015026132053930358
12.62,4.175645208069012,0.826238790922089,0.8339779862409031,SLOW,0.014157494267042955
12.64,4.177052864075263,0.8243616180155361,0.8322957904556243,SLOW,0.013456579356510106
12.66,4.178104484768103,0.8229542927833022,0.8307976953428136,SLOW,0.01283237305950563
12.68,4.179631988374105,0.8219021126105348,0.8294174491408817,SLOW,0.012257270475367343
12.7,4.181758178815737,0.8203753587174791,0.8279374093785673,SLOW,0.011640587241069691
12.72,4.184139124392843,0.8182504203656339,0.826238790922089,SLOW,0.010932829550870382
12.74,4.186484508719618,0.815870188715948,0.8243616180155361,SLOW,0.01015067417314002
12.76,4.188726145921328,0.8135239384180135,0.8229542927833022,SLOW,0.009564288659709246
12.78,4.190913463828504,0.8112799914178145,0.8219021126105348,SLOW,0.009125880254389485
12.8,4.19319169126954,0.8090897916208776,0.8203753587174791,SLOW,0.00848973279894962
12.82,4.1956429223667975,0.8068091862718673,0.8182504203656339,SLOW,0.007604341819014103
12.84,4.198334770620768,0.8043570810508586,0.815870188715948,SLOW,0.006612578631644966
12.86,4.200818864947846,0.8016654558059069,0.8135239384180135,SLOW,0.0056349743408389465
12.88,4.202762013277942,0.799181207989724,0.8112799914178145,SLOW,0.00469999642408935
12.9,4.204216291043558,0.7972380021055733,0.8090897916208776,SLOW,0.0037874131753656377
12.92,4.205458400836749,0.7957837093940713,0.8068091862718673,SLOW,0.002837160946611341
12.94,4.206654128217517,0.7945416572344416,0.8043570810508586,SLOW,0.0018154504378577185
12.96,4.207888996725696,0.793346153199917,0.8016654558059069,SLOW,0.0006939399191278433
12.98,4.209342427191186,0.7921116748721041,0.799181207989724,STOP,-0.0
13.0,4.210795038399301,0.7906587019111562,0.7972380021055733,STOP,-0.0043916030738795925
13.02,4.211877486832184,0.789206998728602,0.7957837093940713,STOP,-0.00879321613384386
13.04,4.212608277270621,0.7881259810917396,0.7945416572344416,STOP,-0.012096578444402466
13.06,4.213796676114304,0.7873944753554846,0.793346153199917,STOP,-0.014263806000586354
13.08,4.215672449592333,0.7862064266096498,0.7921116748721041,STOP,-0.01783684720772569
13.1,4.217915576567074,0.7843317713222551,0.7906587019111562,STOP,-0.02349222718278999
13.12,4.220115306411699,0.7820895211707126,0.789206998728602,STOP,-0.030241174736326294
13.14,4.22217243604738,0.7798895480401636,0.7881259810917396,STOP,-0.03683053712949705
13.16,4.224142775014272,0.7778311475713123,0.7873944753554846,STOP,-0.042962568967151386
13.18,4.226173184065291,0.7758591198104703,0.7862064266096498,STOP,-0.048803357750006764
13.2,4.228490829384466,0.7738272825307424,0.7843317713222551,STOP,-0.05479741468849606
13.22,4.230827970558041,0.7715091724087854,0.7820895211707126,STOP,-0.06165167718729596
13.24,4.2327126969423166,0.7691720799981525,0.7798895480401636,STOP,-0.06867936917083567
13.26,4.233989095824948,0.7672876066441506,0.7778311475713123,STOP,-0.07437562249844334
13.28,4.234798608434752,0.7660114962081431,0.7758591198104703,STOP,-0.07822632110464826
13.3,4.235446700624221,0.765202384336161,0.7738272825307424,STOP,-0.08068144644606534
13.32,4.236021576712806,0.7645550729639041,0.7715091724087854,STOP,-0.08267602171736542
13.34,4.236627638063649,0.7639815094384941,0.7691720799981525,STOP,-0.08446671710210812
13.36,4.237460687854145,0.7633773297466233,0.7672876066441506,STOP,-0.08635788584269034
13.38,4.2382191391559685,0.7625466494538169,0.7660114962081431,STOP,-0.08891951611316758
13.4,4.238588297438055,0.7617917777464601,0.765202384336161,STOP,-0.09126931561289814
13.42,4.2386879397449215,0.7614274771343096,0.7645550729639041,STOP,-0.0924736030729386
13.44,4.239263295578745,0.7613286284168056,0.7639815094384941,STOP,-0.09279796184367128
13.46,4.24053317976912,0.7607551115303877,0.7633773297466233,STOP,-0.09455198445238563
13.48,4.242126475347651,0.7594897475114148,0.7625466494538169,STOP,-0.09842331058193829
13.5,4.243663532369454,0.7579009603948968,0.7617917777464601,STOP,-0.10326603930789888
13.52,4.245076305232565,0.7563655704135256,0.7614274771343096,STOP,-0.1079065884069211
13.54,4.246417256501057,0.754951483288725,0.7613286284168056,STOP,-0.11214301944125712
13.56,4.247852882064476,0.7536069868063591,0.7607551115303877,STOP,-0.11612313206295222
13.58,4.249603037702244,0.7521666312078051,0.7594897475114148,STOP,-0.1203554165400812
13.6,4.251078268040851,0.7504144611318683,0.7579009603948968,STOP,-0.12557207442581006
13.62,4.251799865434241,0.7489407833664529,0.7563655704135256,STOP,-0.1300192565198769
13.64,4.251980308267365,0.748223729822879,0.754951483288725,STOP,-0.13224805857548622
13.66,4.251838078214072,0.7480461313410102,0.7536069868063591,STOP,-0.13284288912595232
13.68,4.251718674540281,0.7481903761375,0.7521666312078051,STOP,-0.13246531385276472
13.7,4.2516235043352735,0.748312692540163,0.7504144611318683,STOP,-0.1321592834987615
13.72,4.251568910072981,0.7484127240486685,0.7489407833664529,STOP,-0.13194400759880168
13.74,4.251608731083312,0.7484730577232569,0.748223729822879,STOP,-0.13183803961750626
13.76,4.25144469233929,0.748440538205924,0.7480461313410102,STOP,-0.1319981525871594
13.78,4.250953362593677,0.748613913349751,0.7481903761375,STOP,-0.1315885823227726
13.8,4.250362073152048,0.7491150965921948,0.748312692540163,STOP,-0.13022949903825268
13.82,4.250419967309548,0.7497039328556249,0.7484127240486685,STOP,-0.12847024113451122
13.84,4.251055026102031,0.7496503122753885,0.7484730577232569,STOP,-0.12869286997506263
13.86,4.251828885176586,0.7490239007603366,0.748440538205924,STOP,-0.13068432818686532
13.88,4.252480851508239,0.7482559968099715,0.748613913349751,STOP,-0.13306929154939282
13.9,4.253037063326441,0.7476041264597888,0.7491150965921948,STOP,-0.13505171458222703
13.92,4.253620736089523,0.747043285399336,0.7497039328556249,STOP,-0.1367208954995982
13.94,4.254434210477923,0.7464517674440379,0.7496503122753885,STOP,-0.13842779850470585
13.96,4.255340310185216,0.7456311160222727,0.7490239007603366,STOP,-0.1408176945165795
13.98,4.25571084773946,0.7447220478640952,0.7482559968099715,STOP,-0.14349837731081924
14.0,4.255336267578385,0.7443538094644001,0.7476041264597888,STOP,-0.1446040000001279
14.02,4.254555971606196,0.7447345241929658,0.747043285399336,STOP,-0.14350994624542257
14.04,4.253656970564816,0.7455165066473624,0.7464517674440379,STOP,-0.14120040331592973
14.06,4.252876554389991,0.7464155183072779,0.7456311160222727,STOP,-0.13853233834128986
14.08,4.252144750407649,0.7471973883568863,0.7447220478640952,STOP,-0.13622275310640308
14.1,4.251413725107449,0.7479328746180521,0.7443538094644001,STOP,-0.1340531086506424
14.12,4.250564586982812,0.7486690629146392,0.7447345241929658,STOP,-0.13187755442993365
14.14,4.2493581595989625,0.7495249100474669,0.7455165066473624,STOP,-0.12939700939524978
14.16,4.24795831650236,0.750738677004815,0.7464155183072779,STOP,-0.12589376163861435
14.18,4.247131744529433,0.7521310802355945,0.7471973883568863,STOP,-0.12169140402684367
14.2,4.2469117434747075,0.7529576973742163,0.7479328746180521,STOP,-0.11923179353377718
14.22,4.246860852767845,0.7531814330680819,0.7486690629146392,STOP,-0.11861468247543624
14.24,4.246702396892436,0.7532326763812299,0.7495249100474669,STOP,-0.11847398379401552
14.26,4.246469009436949,0.7533855238688307,0.750738677004815,STOP,-0.11796185341369614
14.28,4.246299026397957,0.7536096114201261,0.7521310802355945,STOP,-0.11719859722584933
14.3,4.246292280042979,0.7537679681851492,0.7529576973742163,STOP,-0.11658113058837452
14.32,4.246416010026573,0.7537623775501491,0.7531814330680819,STOP,-0.11642233171968894
14.34,4.246183500209423,0.7536301819838844,0.7532326763812299,STOP,-0.11667075866033316
14.36,4.245394101841072,0.7538590804787918,0.7533855238688307,STOP,-0.1158954143035363
14.38,4.244263760168213,0.754649326116841,0.7536096114201261,STOP,-0.1135155656284269
14.4,4.242974582761543,0.7557783568378605,0.7537679681851492,STOP,-0.11010805764954874
14.42,4.2416973467902865,0.7570654001242637,0.7537623775501491,STOP,-0.10622303397810678
14.44,4.240467432859165,0.7583409844414898,0.7536301819838844,STOP,-0.10237727257725407
14.46,4.239276543590789,0.7595700466206696,0.7538590804787918,STOP,-0.09867786291904058
14.48,4.2378707718635855,0.7607606181974724,0.754649326116841,STOP,-0.09510068429489199
14.5,4.236130742453972,0.7621672631977621,0.7557783568378605,STOP,-0.09091923037819921
14.52,4.2346533320032,0.7639018594548312,0.7570654001242637,STOP,-0.08564612559156962
14.54,4.233729999570974,0.7653762300116996,0.7583409844414898,STOP,-0.08117164330195058
14.56,4.233195534551111,0.7662975146614421,0.7595700466206696,STOP,-0.07836511703415686
14.58,4.232727660354921,0.7668291482911549,0.7607606181974724,STOP,-0.07671411285776605
14.6,4.2322170733094415,0.7672924338855772,0.7621672631977621,STOP,-0.07521209469809058
14.62,4.231787349943069,0.7677971182437897,0.7639018594548312,STOP,-0.0735262107039884
14.64,4.231507761560481,0.7682208526128204,0.7653762300116996,STOP,-0.07203289487914058
14.66,4.231374557192431,0.7684952846258076,0.7662975146614421,STOP,-0.07092644083897467
14.68,4.231274203774767,0.7686256938679982,0.7668291482911549,STOP,-0.07021734931985421
14.7,4.230667380304476,0.7687260877224263,0.7672924338855772,STOP,-0.06965871958653405
14.72,4.229783855927476,0.7693332032744538,0.7677971182437897,STOP,-0.06780778138797126
14.74,4.228663564570338,0.7702173547104056,0.7682208526128204,STOP,-0.06509593648681884
14.76,4.227508266514492,0.7713385506559234,0.7684952846258076,STOP,-0.061654536034401686
14.78,4.226399589689762,0.7724946205518218,0.7686256938679982,STOP,-0.05813833415648523
14.8,4.225431522293447,0.7736036950768215,0.7687260877224263,STOP,-0.05479882768292062
14.82,4.224589120365968,0.7745723883812283,0.7693332032744538,STOP,-0.05187888395671465
14.84,4.22339646064223,0.7754154105747174,0.7702173547104056,STOP,-0.049344880071864335
14.86,4.22198662443162,0.7766096937637863,0.7713385506559234,STOP,-0.045690411356388495
14.88,4.220763546527043,0.7780211812207684,0.7724946205518218,STOP,-0.04138933540043302
14.9,4.219899256596626,0.7792457547928913,0.7736036950768215,STOP,-0.03768319533279051
14.92,4.2193488216733614,0.780111702459403,0.7745723883812283,STOP,-0.035045015885673186
14.94,4.218902013509501,0.7808733541044767,0.7754154105747174,STOP,-0.03330629482790812
14.96,4.218502362243986,0.7818958336503845,0.7766096937637863,STOP,-0.031829435623939306
14.98,4.2181983429694725,0.7832459433970894,0.7780211812207684,STOP,-0.030431849486364175
15.0,4.217996227844575,0.784892225094026,0.7792457547928913,STOP,-0.029246264456059552
15.02,4.217831282530769,0.7868476947656745,0.780111702459403,STOP,-0.028300984337742446
15.04,4.217478355433562,0.7891762923624899,0.7808733541044767,STOP,-0.027431885140982507
15.06,4.216927750188731,0.7919745874935057,0.7818958336503845,STOP,-0.026150004501065055
15.08,4.216226548182429,0.7951945931365035,0.7832459433970894,STOP,-0.024493598834142365
15.1,4.215402369330309,0.7989000742862341,0.784892225094026,STOP,-0.02233093018746651
15.12,4.214604079904167,0.8030321702864707,0.7868476947656745,STOP,-0.019799022847760334
15.14,4.213922023772744,0.8074041360694905,0.7891762923624899,STOP,-0.017386261712063936
15.16,4.2133896490463325,0.8119425655988696,0.7919745874935057,STOP,-0.015360445984434168
15.18,4.212919691680622,0.8166520295479877,0.7951945931365035,STOP,-0.013789050475719487
15.2,4.212237612995435,0.8216753457310467,0.7989000742862341,STOP,-0.012344141340672472
15.22,4.211396355488378,0.8271927089302423,0.8030321702864707,STOP,-0.010201293937370659
15.24,4.210534734260198,0.8330906306505483,0.8074041360694905,STOP,-0.007663246691303477
15.26,4.2098349900407355,0.8392774267163036,0.8119425655988696,STOP,-0.005102087072128267
15.28,4.209361743164193,0.8455938240109439,0.8166520295479877,STOP,-0.003004495940214235
15.3,4.209029629379948,0.8520116219649836,0.8216753457310467,STOP,-0.0015076264689037034
15.32,4.208765911155206,0.8586610219471013,0.8271927089302423,STOP,-0.00036981700782745563
15.34,4.208577528620244,0.8656428577703124,0.8330906306505483,STOP,0.0006448213227902792
15.36,4.208400018157223,0.8729692012630816,0.8392774267163036,STOP,0.001538167155981035
15.38,4.208092370709335,0.880696041424829,0.8455938240109439,STOP,0.0024499792065161385
15.4,4.207707349508032,0.8888249161228654,0.8520116219649836,STOP,0.003748559068613805
15.42,4.207467264652565,0.8967965220715116,0.8586610219471013,STOP,0.005059952412056848
15.44,4.20710795605938,0.9048707361645684,0.8656428577703124,STOP,0.005851380092390914
15.46,4.206666013872805,0.9132032584924019,0.8729692012630816,STOP,0.00696362561857574
15.48,4.206274548266941,0.9216818347647737,0.880696041424829,STOP,0.008246569341462834
15.5,4.205983296977455,0.9301987160930986,0.8888249161228654,STOP,0.00930295960113335
15.52,4.205839546941781,0.9387685889321903,0.8967965220715116,STOP,0.010038326748057486
15.54,4.205795406086106,0.9476059681961128,0.9048707361645684,STOP,0.01039501023630841
15.56,4.205522619128341,0.9565656567088144,0.9132032584924019,STOP,0.010507888671977737
15.58,4.2049748652716525,0.9657777666770412,0.9216818347647737,STOP,0.011322588841457863
15.6,4.204305654174644,0.9753671155811904,0.9301987160930986,STOP,0.01290047419235251
15.62,4.203704111229609,0.9852598338352694,0.9387685889321903,STOP,0.014796637872915297
15.64,4.203300748642038,0.9953171505496333,0.9476059681961128,STOP,0.0165409537639839
15.66,4.203051398318762,1.005467229402436,0.9565656567088144,STOP,0.017804300543318736
15.68,4.2028955169658175,1.0158189618648954,0.9657777666770412,STOP,0.01868304851246699
15.7,4.202776984777069,1.026456806689345,0.9753671155811904,STOP,0.019374761778048352
15.72,4.20259088529859,1.0374354692065004,0.9852598338352694,STOP,0.020060756360179087
15.74,4.202147673328568,1.0488149557571416,0.9953171505496333,STOP,0.020969648252999934
15.76,4.201978652505713,1.0600193927457864,1.005467229402436,STOP,0.022465819818710268
15.78,4.20184453070481,1.0710400713771357,1.0158189618648954,STOP,0.023017860064151394
15.8,4.201607096411464,1.0820969895910546,1.026456806689345,STOP,0.0234278400889995
15.82,4.201401653290773,1.0931615905049827,1.0374354692065004,STOP,0.024030604959300653
15.84,4.201285194487712,1.1041057378965529,1.0488149557571416,STOP,0.024428036198044248
15.86,4.201342828602569,1.1149922191269634,1.0600193927457864,STOP,0.024521943976080346
15.88,4.201519182015101,1.1259852912006894,1.0710400713771357,STOP,0.02406376867381025
15.9,4.201494449821622,1.1370512680276728,1.0820969895910546,STOP,0.023373897523959145
15.92,4.201164424007142,1.1482583833664397,1.0931615905049827,STOP,0.02340340339449903
15.94,4.200600788595942,1.1596714364845417,1.1041057378965529,STOP,0.024326339085679348
15.96,4.199940356422385,1.171363819344961,1.1149922191269634,STOP,0.025918340051980432
15.98,4.199352919378101,1.1832955702790433,1.1259852912006894,STOP,0.027786231704360707
16.0,4.198943369979337,1.1953939601551782,1.1370512680276728,STOP,0.02949825111132126
16.02,4.198711003238874,1.2076045552944001,1.1482583833664397,STOP,0.030768691731603376
16.04,4.198573156893065,1.2199565711124287,1.1596714364845417,STOP,0.03158333798689026
16.06,4.198398138839123,1.232500167270317,1.171363819344961,STOP,0.03218544000706662
16.08,4.198136303319306,1.2451926670567073,1.1832955702790433,STOP,0.03288567077400255
16.1,4.197961221010281,1.2578378575420988,1.1953939601551782,STOP,0.03371408973237629
16.12,4.197689694313876,1.270509822464236,1.2076045552944001,STOP,0.03421122544051719
16.14,4.197240173823251,1.283144158073126,1.2199565711124287,STOP,0.0349147042353356
16.16,4.196795077704891,1.2957149045754535,1.232500167270317,STOP,0.03607666495525856
16.18,4.196493978369875,1.308133135664115,1.2451926670567073,STOP,0.03712608104822012
16.2,4.1963397553291175,1.3204534584925005,1.2578378575420988,SLOW,0.19076577397587446
16.22,4.196247364994335,1.3327385909758385,1.270509822464236,SLOW,0.1960457593600983
16.24,4.196102023273029,1.3450116566619026,1.283144158073126,SLOW,0.20131006586380248
16.26,4.195870056172423,1.3573419777860167,1.2957149045754535,SLOW,0.20654787690643894
16.28,4.195591567841675,1.3698040172956139,1.308133135664115,SLOW,0.21172213986004793
16.3,4.195340929004606,1.3824663258524221,1.3204534584925005,SLOW,0.21685560770520854
16.32,4.195245381620007,1.3953549291758158,1.3327385909758385,SLOW,0.22197441290659936
16.34,4.1953498618967,1.4084757544024176,1.3450116566619026,SLOW,0.22708819027579275
16.36,4.19563504483441,1.4218815948856445,1.3573419777860167,SLOW,0.23222582407750697
16.38,4.196058594907782,1.435600775555356,1.3698040172956139,SLOW,0.2374183405398391
16.4,4.196591230991764,1.4496237467155175,1.3824663258524221,SLOW,0.2426943024385092
16.42,4.197204971479185,1.463945394095068,1.3953549291758158,SLOW,0.2480645538232566
16.44,4.197833607441599,1.478548779097778,1.4084757544024176,SLOW,0.25353156433434065
16.46,4.198283445390134,1.493431070920027,1.4218815948856445,SLOW,0.25911733120235186
16.48,4.1989625197981875,1.5083493004241981,1.435600775555356,SLOW,0.2648336564813983
16.5,4.200410634598311,1.522818632449581,1.4496237467155175,SLOW,0.27067656113146565
16.52,4.202464997158255,1.536546400218814,1.463945394095068,SLOW,0.2766439142062783
16.54,4.204886020443148,1.5497898939964372,1.478548779097778,SLOW,0.28272865795740754
16.56,4.207578810886739,1.5625323370306774,1.493431070920027,SLOW,0.28892961288334457
16.58,4.210381584456178,1.5748106798344184,1.5083493004241981,SLOW,0.2951455418434159
16.6,4.2132286879990515,1.5868026990265653,1.522818632449581,SLOW,0.30117443018732537
16.62,4.216162273488985,1.598563067290208,1.536546400218814,SLOW,0.30689433342450584
16.64,4.219238523365254,1.6100270791184805,1.5497898939964372,SLOW,0.31241245583184885
16.66,4.22252633886163,1.6211544296126952,1.5625323370306774,SLOW,0.3177218070961156
16.68,4.226076838088411,1.6319125721942809,1.5748106798344184,SLOW,0.322837783264341
16.7,4.230079862017786,1.642286414421961,1.5868026990265653,SLOW,0.3278344579277356
16.72,4.2343461836347425,1.65223187439405,1.598563067290208,SLOW,0.33273461137092003
16.74,4.23839174948486,1.662155061110495,1.6100270791184805,SLOW,0.33751128296603355
16.76,4.24187233177964,1.6720057763967595,1.6211544296126952,SLOW,0.34214767900528964
16.78,4.244965784756371,1.682059919080354,1.6319125721942809,SLOW,0.3466302384142837
16.8,4.248023333978236,1.6925641093730708,1.642286414421961,SLOW,0.35095267267581715
16.82,4.251187748679085,1.7034811704196249,1.65223187439405,SLOW,0.3550966143308542
16.84,4.254512809411861,1.7148351508632427,1.662155061110495,SLOW,0.3592312754627062
16.86,4.257975288901337,1.7265568280912709,1.6720057763967595,SLOW,0.36333574016531645
16.88,4.261547343813089,1.7386468106606674,1.682059919080354,SLOW,0.36752496628348086
16.9,4.265254726473386,1.7510956712560177,1.6925641093730708,SLOW,0.3719017122387795
16.92,4.269178088515756,1.7638290174263194,1.7034811704196249,SLOW,0.3764504876748437
16.94,4.2733967367116925,1.7767563357895557,1.7148351508632427,SLOW,0.38118131285968443
16.96,4.277983495420167,1.7898105170327159,1.7265568280912709,SLOW,0.38606534503802953
16.98,4.282964605325843,1.802964146420313,1.7386468106606674,SLOW,0.3911028377752781
17.0,4.288336480955795,1.8162290749924768,1.7510956712560177,SLOW,0.39628986302334074
17.02,4.294109507119429,1.8296599779017624,1.7638290174263194,SLOW,0.4015954239276331
17.04,4.300280675957871,1.8432596720649677,1.7767563357895557,SLOW,0.40698180657898153
17.06,4.3068374740989865,1.8570537768029103,1.7898105170327159,SLOW,0.4124210487636316
17.08,4.313688060242213,1.8710132843641696,1.802964146420313,SLOW,0.4179017276751304
17.1,4.320481833460268,1.8851796781250898,1.8162290749924768,SLOW,0.42342878124686534
17.12,4.327481894581556,1.8993296422363937,1.8296599779017624,SLOW,0.429024990792401
17.14,4.334778293804885,1.9132150785499311,1.8432596720649677,SLOW,0.43469153002706984
17.16,4.3425272050672215,1.9268646601418538,1.8570537768029103,SLOW,0.44043907366787927
17.18,4.350850372031353,1.9403366822985153,1.8710132843641696,SLOW,0.4462555351517373
17.2,4.359596095276146,1.9532263901742624,1.8851796781250898,SLOW,0.4521581992187874
17.22,4.36841565023644,1.9655065492513133,1.8993296422363937,SLOW,0.45805401759849734
17.24,4.377183428520177,1.9774275114212603,1.9132150785499311,SLOW,0.4638396160624713
17.26,4.385856544620245,1.9891450596643205,1.9268646601418538,SLOW,0.4695269417257724
17.28,4.394499066532508,2.000664837372965,1.9403366822985153,SLOW,0.47514028429104804
17.3,4.403258417397183,2.011899727474337,1.9532263901742624,SLOW,0.48051099590594265
17.32,4.4122786506999985,2.022844358818095,1.9655065492513133,SLOW,0.4856277288547139
17.34,4.421598016732006,2.033491947848937,1.9774275114212603,SLOW,0.4905947964255251
17.36,4.431203936185971,2.0438132321299287,1.9891450596643205,SLOW,0.4954771081934669
17.38,4.440934588733766,2.0537834298289535,2.000664837372965,CLEAR,0.5
17.4,4.449439621755491,2.064072510762332,2.011899727474337,CLEAR,0.5
17.42,4.457238187197637,2.074469207739229,2.022844358818095,CLEAR,0.5
17.44,4.465023647126907,2.085149276691524,2.033491947848937,CLEAR,0.5
17.46,4.47297644401594,2.096120628316941,2.0438132321299287,CLEAR,0.5
17.48,4.4810154201861305,2.107345703235724,2.0537834298289535,CLEAR,0.5
17.5,4.489096873790913,2.119000041106505,2.064072510762332,CLEAR,0.5
17.52,4.497054795992334,2.1312481406958534,2.074469207739229,CLEAR,0.5
17.54,4.504888913644252,2.144103482093965,2.085149276691524,CLEAR,0.5
17.56,4.512743795912511,2.1575165722245853,2.096120628316941,CLEAR,0.5
17.58,4.520838121543053,2.171342017084867,2.107345703235724,CLEAR,0.5
17.6,4.5293324502101155,2.185431384266691,2.119000041106505,CLEAR,0.5
17.62,4.538325001011442,2.1996599389902114,2.1312481406958534,CLEAR,0.5
17.64,4.54782235013143,2.2139634112711524,2.144103482093965,CLEAR,0.5
17.66,4.557709000020439,2.2283510436344756,2.1575165722245853,CLEAR,0.5
17.68,4.567994701909006,2.242894403556887,2.171342017084867,CLEAR,0.5
17.7,4.578734785116068,2.2576297013122564,2.185431384266691,CLEAR,0.5
17.72,4.589592105732433,2.272602970287994,2.1996599389902114,CLEAR,0.5
17.74,4.600071861561536,2.2877967184739565,2.2139634112711524,CLEAR,0.5
17.76,4.6100490742687334,2.3027897077565775,2.2283510436344756,CLEAR,0.5
17.78,4.619897126002689,2.3177059815856973,2.242894403556887,CLEAR,0.5
17.8,4.629911703436595,2.332839711434303,2.2576297013122564,CLEAR,0.5
17.82,4.640104528690491,2.3477095823972336,2.272602970287994,CLEAR,0.5
17.84,4.650286072722474,2.362171586526729,2.2877967184739565,CLEAR,0.5
17.86,4.660430964306486,2.37631851845262,2.3027897077565775,CLEAR,0.5
17.88,4.670464848330905,2.390186335797407,2.3177059815856973,CLEAR,0.5
17.9,4.680281902945533,2.4038594949534073,2.332839711434303,CLEAR,0.5
17.92,4.689901332741674,2.4172949227711995,2.3477095823972336,CLEAR,0.5
17.94,4.69946832025681,2.430476272860033,2.362171586526729,CLEAR,0.5
17.96,4.70912747716115,2.4433539105232227,2.37631851845262,CLEAR,0.5
17.98,4.71902280873706,2.4559295319466203,2.390186335797407,CLEAR,0.5
18.0,4.729198930595335,2.4682077378681435,2.4038594949534073,CLEAR,0.5
18.02,4.739678817837536,2.4801164416762425,2.4172949227711995,CLEAR,0.5
18.04,4.749530606120852,2.4918091089500094,2.430476272860033,CLEAR,0.5
18.06,4.757921624318149,2.5042933701308194,2.4433539105232227,CLEAR,0.5
18.08,4.7656561664801345,2.5164433523895378,2.4559295319466203,CLEAR,0.5
18.1,4.773326175221426,2.5285583021877005,2.4682077378681435,CLEAR,0.5
18.12,4.781023547448048,2.5409142100774433,2.4801164416762425,CLEAR,0.5
18.14,4.788772989838758,2.553664755857914,2.4918091089500094,CLEAR,0.5
18.16,4.79649429353207,2.566978499635352,2.5042933701308194,CLEAR,0.5
18.18,4.804095547830462,2.5809183881068645,2.5164433523895378,CLEAR,0.5
18.2,4.811591046341065,2.5954439570321677,2.5285583021877005,CLEAR,0.5
18.22,4.819068334993442,2.610456269217781,2.5409142100774433,CLEAR,0.5
18.24,4.8266797874357685,2.625849650564218,2.553664755857914,CLEAR,0.5
18.26,4.83454150515066,2.641514006944312,2.566978499635352,CLEAR,0.5
18.28,4.842757105640924,2.6573834351922376,2.5809183881068645,CLEAR,0.5
18.3,4.8513519977686155,2.673451693371632,2.5954439570321677,CLEAR,0.5
18.32,4.860342478589586,2.6897508414835576,2.610456269217781,CLEAR,0.5
18.34,4.869723650313098,2.706344633628082,2.625849650564218,CLEAR,0.5
18.36,4.879522659086866,2.7232626873257235,2.641514006944312,CLEAR,0.5
18.38,4.889785694914068,2.740509852312224,2.6573834351922376,CLEAR,0.5
18.4,4.900527524116427,2.7580805007456073,2.673451693371632,CLEAR,0.5
18.42,4.911654721666769,2.7759507350763757,2.6897508414835576,CLEAR,0.5
18.44,4.922676264231062,2.79415924333514,2.706344633628082,CLEAR,0.5
18.46,4.9334442807156105,2.8125104099118974,2.7232626873257235,CLEAR,0.5
18.48,4.944095791484437,2.8304452809670306,2.740509852312224,CLEAR,0.5
18.5,4.95515985534955,2.8484467184767563,2.7580805007456073,CLEAR,0.5
18.52,4.966876238399433,2.866257382365773,2.7759507350763757,CLEAR,0.5
18.54,4.978970031820311,2.883526122399653,2.79415924333514,CLEAR,0.5
18.56,4.991071115778493,2.900254696930953,2.8125104099118974,CLEAR,0.5
18.58,5.003011875177583,2.91658048080232,2.8304452809670306,CLEAR,0.5
18.6,5.014680541917216,2.9326785160823876,2.8484467184767563,CLEAR,0.5
18.62,5.026094493136786,2.948562311156329,2.866257382365773,CLEAR,0.5
18.64,5.03740807724402,2.9642150620556484,2.883526122399653,CLEAR,0.5
18.66,5.048813780298077,2.9795859774836884,2.900254696930953,CLEAR,0.5
18.68,5.060358720496517,2.98866331998396,2.91658048080232,CLEAR,0.5
18.7,5.071983897319145,2.987528058539185,2.9326785160823876,CLEAR,0.5
18.72,5.08350918511783,2.9860358138481793,2.948562311156329,CLEAR,0.5
18.74,5.094084679324921,2.9849616119773645,2.9642150620556484,CLEAR,0.5
18.76,5.103959840511813,2.9840318989908803,2.9795859774836884,CLEAR,0.5
18.78,5.113741068515627,2.9829547847197246,2.98866331998396,CLEAR,0.5
18.8,5.123578155747608,2.981824384555493,2.987528058539185,CLEAR,0.5
18.82,5.133397165100684,2.980774992294088,2.9860358138481793,CLEAR,0.5
18.84,5.143087882430073,2.980072377679959,2.9849616119773645,CLEAR,0.5
18.86,5.1525082907749535,2.9799483233522883,2.9840318989908803,CLEAR,0.5
18.88,5.161658429479753,2.9804325493595294,2.9829547847197246,CLEAR,0.5
18.9,5.1707124642002436,2.9814755997244125,2.981824384555493,CLEAR,0.5
18.92,5.179913556241831,2.982988435464323,2.980774992294088,CLEAR,0.5
18.94,5.189521507418321,2.984866082194749,2.980072377679959,CLEAR,0.5
18.96,5.199555766873494,2.9870123694658273,2.9799483233522883,CLEAR,0.5
18.98,5.209902781646055,2.9893338325014245,2.9804325493595294,CLEAR,0.5
19.0,5.220574357394157,2.9917745585174633,2.9814755997244125,CLEAR,0.5
19.02,5.2314095789277895,2.9943794122150886,2.982988435464323,CLEAR,0.5
19.04,5.2422196964948276,2.997115612274285,2.984866082194749,CLEAR,0.5
19.06,5.2527317252871,2.999414735673881,2.9870123694658273,CLEAR,0.5
19.08,5.262773547046021,3.0011963709671647,2.9893338325014245,CLEAR,0.5
19.1,5.272781085707737,3.002728948978576,2.9917745585174633,CLEAR,0.5
19.12,5.282943820272059,3.0040908930756367,2.9943794122150886,CLEAR,0.5
19.14,5.293144400949557,3.005048053398953,2.997115612274285,CLEAR,0.5
19.16,5.303284933252824,3.0056226201118386,2.999414735673881,CLEAR,0.5
19.18,5.313391618164357,3.0058344160788493,3.0011963709671647,CLEAR,0.5
19.2,5.323319217510963,3.0057073205185767,3.002728948978576,CLEAR,0.5
19.22,5.3330628604501005,3.0052674029327195,3.0040908930756367,CLEAR,0.5
19.24,5.342705083930127,3.0045251562041733,3.005048053398953,CLEAR,0.5
19.26,5.352355934620748,3.003485546302106,3.0056226201118386,CLEAR,0.5
19.28,5.3621655325612805,3.0021803653884245,3.0058344160788493,CLEAR,0.5
19.3,5.3721288338512645,3.0006173967454957,3.0057073205185767,CLEAR,0.5
19.32,5.382231405269971,2.998706234796853,3.0052674029327195,CLEAR,0.5
19.34,5.3924414340353755,2.996460467244234,3.0045251562041733,CLEAR,0.5
19.36,5.401479925586391,2.9946564537643683,3.003485546302106,CLEAR,0.5
19.38,5.40972990518814,2.992865829955414,3.0021803653884245,CLEAR,0.5
19.4,5.417676207162908,2.990608459508955,3.0006173967454957,CLEAR,0.5
19.42,5.425477792124951,2.988374219815984,2.998706234796853,CLEAR,0.5
19.44,5.433244537001911,2.9864381625716385,2.996460467244234,CLEAR,0.5
19.46,5.440998328439781,2.9849596340534634,2.9946564537643683,CLEAR,0.5
19.48,5.448660476786849,2.9840315642342614,2.992865829955414,CLEAR,0.5
19.5,5.456262735072449,2.9836401409238005,2.990608459508955,CLEAR,0.5
19.52,5.463857271572268,2.983731675733241,2.988374219815984,CLEAR,0.5
19.54,5.471554002534304,2.984221964274563,2.9864381625716385,CLEAR,0.5
19.56,5.479476205794322,2.9850265207246935,2.9849596340534634,CLEAR,0.5
19.58,5.487708247151968,2.986093865546388,2.9840315642342614,CLEAR,0.5
19.6,5.4963064793931995,2.9873991247243428,2.9836401409238005,CLEAR,0.5
19.62,5.5052896888482525,2.9889496202579733,2.983731675733241,CLEAR,0.5
19.64,5.51468866186518,2.990786365892602,2.984221964274563,CLEAR,0.5
19.66,5.524520004526299,2.992967242176527,2.9850265207246935,CLEAR,0.5
19.68,5.534800144373314,2.9955236008943844,2.986093865546388,CLEAR,0.5
19.7,5.545586354759511,2.998464992132373,2.9873991247243428,CLEAR,0.5
19.72,5.5568831875088796,3.0018215275720492,2.9889496202579733,CLEAR,0.5
19.74,5.5686650673822,3.005603897538181,2.990786365892602,CLEAR,0.5
19.76,5.580643812538199,3.009810743191198,2.992967242176527,CLEAR,0.5
19.78,5.592206670280106,3.0144052580993437,2.9955236008943844,CLEAR,0.5
19.8,5.603354480932839,3.0186637169634842,2.998464992132373,CLEAR,0.5
19.82,5.614586294999558,3.0231072376821397,3.0018215275720492,CLEAR,0.5
19.84,5.626267027538905,3.0276310446548242,3.005603897538181,CLEAR,0.5
19.86,5.6383179652042665,3.03177665304901,3.009810743191198,CLEAR,0.5
19.88,5.650384092171557,3.0355378549720395,3.0144052580993437,CLEAR,0.5
19.9,5.662258429558469,3.038955393998477,3.0186637169634842,CLEAR,0.5
19.92,5.67384839895721,3.0421430471264777,3.0231072376821397,CLEAR,0.5
19.94,5.685163137314335,3.0450815685281336,3.0276310446548242,CLEAR,0.5
19.96,5.696392538330093,3.0478070946732587,3.03177665304901,CLEAR,0.5
19.98,5.707764071492431,3.0502536434853456,3.0355378549720395,CLEAR,0.5
20.0,5.719372997806982,3.0524958718217943,3.038955393998477,CLEAR,0.5
20.02,5.731161847108674,3.0544750290280906,3.0421430471264777,CLEAR,0.5
20.04,5.742824343892702,3.0561217405601804,3.0450815685281336,CLEAR,0.5
20.06,5.753393989032669,3.05820757311955,3.0478070946732587,CLEAR,0.5
20.08,5.7631832487612815,3.060090859509751,3.0502536434853456,CLEAR,0.5
20.1,5.772774236722641,3.0616632278353864,3.0524958718217943,CLEAR,0.5
20.12,5.782376982011957,3.0630755880403653,3.0544750290280906,CLEAR,0.5
20.14,5.791934792225468,3.0645840819856245,3.0561217405601804,CLEAR,0.5
20.16,5.801363358042138,3.0664631579180073,3.05820757311955,CLEAR,0.5
20.18,5.810525024976032,3.0689506196430476,3.060090859509751,CLEAR,0.5
20.2,5.819440855525463,3.0719898060422306,3.0616632278353864,CLEAR,0.5
20.22,5.828285950152864,3.0755539567254404,3.0630755880403653,CLEAR,0.5
20.24,5.837313768885067,3.079569527329759,3.0645840819856245,CLEAR,0.5
20.26,5.846687934726936,3.0839620560662975,3.0664631579180073,CLEAR,0.5
20.28,5.856426158604697,3.0886811404943564,3.0689506196430476,CLEAR,0.5
20.3,5.866499387868778,3.0936268644258544,3.0719898060422306,CLEAR,0.5
20.32,5.876868363579214,3.0987551685177435,3.0755539567254404,CLEAR,0.5
20.34,5.887193419737038,3.1041717172716115,3.079569527329759,CLEAR,0.5
20.36,5.897529572655551,3.109191530160438,3.0839620560662975,CLEAR,0.5
20.38,5.90738544019407,3.113937217974183,3.0886811404943564,CLEAR,0.5
20.4,5.917208004622523,3.117850336642248,3.0936268644258544,CLEAR,0.5
20.42,5.927297832575109,3.121670550827703,3.0987551685177435,CLEAR,0.5
20.44,5.937530533427049,3.125269237813212,3.1041717172716115,CLEAR,0.5
20.46,5.9477292176619345,3.1284755857002633,3.109191530160438,CLEAR,0.5
20.48,5.95785713975255,3.1312899291926275,3.113937217974183,CLEAR,0.5
20.5,5.967891794449041,3.1337052982886444,3.117850336642248,CLEAR,0.5
20.52,5.977847475709711,3.1357291658132853,3.121670550827703,CLEAR,0.5
20.54,5.9877183410219486,3.1373698543985173,3.125269237813212,CLEAR,0.5
20.56,5.997567493417022,3.138663385150623,3.1284755857002633,CLEAR,0.5
20.58,6.007471273701383,3.1396946032143003,3.1312899291926275,CLEAR,0.5
20.6,6.017536103438642,3.140503679747227,3.1337052982886444,CLEAR,0.5
20.62,6.0277552414968705,3.1411436865317217,3.1357291658132853,CLEAR,0.5
20.64,6.0381355619428465,3.1415176762049173,3.1373698543985173,CLEAR,0.5
20.66,6.048609620233837,3.141596777114924,3.138663385150623,CLEAR,0.5
20.68,6.0579813793189095,3.1420513896100677,3.1396946032143003,CLEAR,0.5
20.7,6.066581893519384,3.142293752202296,3.140503679747227,CLEAR,0.5
20.72,6.074924828472501,3.1420259100037766,3.1411436865317217,CLEAR,0.5
20.74,6.083195367444546,3.1417696256141276,3.1415176762049173,CLEAR,0.5
20.76,6.091454335571659,3.1418056691168554,3.141596777114924,CLEAR,0.5
20.78,6.099687866546005,3.1422657817566075,3.1420513896100677,CLEAR,0.5
20.8,6.107821709843368,3.1432098605971017,3.142293752202296,CLEAR,0.5
20.82,6.115857968351826,3.144654239874046,3.1420259100037766,CLEAR,0.5
20.84,6.1238986953225965,3.1465276066844168,3.1417696256141276,CLEAR,0.5
20.86,6.132067741234263,3.148791525306304,3.1418056691168554,CLEAR,0.5
20.88,6.140505031695546,3.151379734016804,3.1422657817566075,CLEAR,0.5
20.9,6.149301872277267,3.1542851988598715,3.1432098605971017,CLEAR,0.5
20.92,6.158515654085025,3.15748886060247,3.144654239874046,CLEAR,0.5
20.94,6.16816492167938,3.161008507197567,3.1465276066844168,CLEAR,0.5
20.96,6.17825096708883,3.1648727916885435,3.148791525306304,CLEAR,0.5
20.98,6.188797359802197,3.169136098758369,3.151379734016804,CLEAR,0.5
21.0,6.199838611839699,3.1738419822951185,3.1542851988598715,CLEAR,0.5
21.02,6.211383106619657,3.1790295082553284,3.15748886060247,CLEAR,0.5
21.04,6.223431658205843,3.184705071864597,3.161008507197567,CLEAR,0.5
21.06,6.235606148242101,3.1908984170940786,3.1648727916885435,CLEAR,0.5
21.08,6.247307935660633,3.1974173156330723,3.169136098758369,CLEAR,0.5
21.1,6.258398126972253,3.203643505174384,3.1738419822951185,CLEAR,0.5
21.12,6.269569575336722,3.209851057268228,3.1790295082553284,CLEAR,0.5
21.14,6.281177260860321,3.2160899567751366,3.184705071864597,CLEAR,0.5
21.16,6.2929924091399085,3.2221108941908265,3.1908984170940786,CLEAR,0.5
21.18,6.304685399519376,3.2278365220045835,3.1974173156330723,CLEAR,0.5
21.2,6.316086055226164,3.2332390097641768,3.203643505174384,CLEAR,0.5
21.22,6.327182966868331,3.238320624525473,3.209851057268228,CLEAR,0.5
21.24,6.338034792641655,3.243084492336864,3.2160899567751366,CLEAR,0.5
21.26,6.348806042454213,3.247564056303531,3.2221108941908265,CLEAR,0.5
21.28,6.359696404983581,3.2518001541254087,3.2278365220045835,CLEAR,0.5
21.3,6.370858914129238,3.2559033264504134,3.2332390097641768,CLEAR,0.5
21.32,6.382263052297496,3.2598183651029182,3.238320624525473,CLEAR,0.5
21.34,6.393644687184846,3.26347857179357,3.243084492336864,CLEAR,0.5
21.36,6.40364651303573,3.2674807316813586,3.247564056303531,CLEAR,0.5
21.38,6.412764860510803,3.27090955253456,3.2518001541254087,CLEAR,0.5
21.4,6.4216846336734505,3.2737897122282114,3.2559033264504134,CLEAR,0.5
21.42,6.430597345963005,3.2765615893392943,3.2598183651029182,CLEAR,0.5
21.44,6.439484199279335,3.2794365942224566,3.26347857179357,CLEAR,0.5
21.46,6.448314272457211,3.2826452695851516,3.2674807316813586,CLEAR,0.5
21.48,6.456912957215752,3.2863995774039263,3.27090955253456,CLEAR,0.5
21.5,6.46526683870576,3.2905861684146007,3.2737897122282114,CLEAR,0.5
21.52,6.473513690281844,3.295161549725404,3.2765615893392943,CLEAR,0.5
21.54,6.481838964882028,3.3000977570706325,3.2794365942224566,CLEAR,0.5
21.56,6.490478426237989,3.305388620791274,3.2826452695851516,CLEAR,0.5
21.58,6.499498159555625,3.311042225303578,3.2863995774039263,CLEAR,0.5
21.6,6.508854853198833,3.3170458526749997,3.2905861684146007,CLEAR,0.5
21.62,6.518514521687726,3.3233626777801457,3.295161549725404,CLEAR,0.5
21.64,6.528352869836092,3.3299925508103096,3.3000977570706325,CLEAR,0.5
21.66,6.538103882859009,3.336947186668739,3.305388620791274,CLEAR,0.5
21.68,6.54787634455462,3.3434278726937867,3.311042225303578,CLEAR,0.5
21.7,6.557472567947418,3.349798931905434,3.3170458526749997,CLEAR,0.5
21.72,6.5673123942439435,3.3553702559932743,3.3233626777801457,CLEAR,0.5
21.74,6.577510434874975,3.3608667051379726,3.3299925508103096,CLEAR,0.5
21.76,6.587880153737888,3.3661947676523627,3.336947186668739,CLEAR,0.5
21.78,6.5981925284851854,3.3711499280694768,3.3434278726937867,CLEAR,0.5
21.8,6.608306704373677,3.3756778276252364,3.349798931905434,CLEAR,0.5
21.82,6.6183192309246,3.379763546098128,3.3553702559932743,CLEAR,0.5
21.84,6.628220811828848,3.383402538611045,3.3608667051379726,CLEAR,0.5
21.86,6.638043035974431,3.3866478581889594,3.3661947676523627,CLEAR,0.5
21.88,6.64784070392343,3.389572778007777,3.3711499280694768,CLEAR,0.5
21.9,6.657728316921534,3.392271805334337,3.3756778276252364,CLEAR,0.5
21.92,6.66778823942137,3.3948301686675704,3.379763546098128,CLEAR,0.5
21.94,6.67801333414261,3.3973048651442057,3.383402538611045,CLEAR,0.5
21.96,6.688384181186773,3.3995859209200296,3.3866478581889594,CLEAR,0.5
21.98,6.698619462305853,3.40165155400881,3.389572778007777,CLEAR,0.5
22.0,6.707779424460914,3.404196208976749,3.392271805334337,CLEAR,0.5
22.02,6.716291015058756,3.4060473940233855,3.3948301686675704,CLEAR,0.5
22.04,6.724701403138228,3.4074189108135062,3.3973048651442057,CLEAR,0.5
22.06,6.733108237415872,3.408928299020165,3.3995859209200296,CLEAR,0.5
22.08,6.741529747133249,3.410732795947816,3.40165155400881,CLEAR,0.5
22.1,6.749964574633893,3.4129466702066815,3.404196208976749,CLEAR,0.5
22.12,6.758291417292909,3.4156642401581143,3.4060473940233855,CLEAR,0.5
22.14,6.766536438071597,3.418773866183574,3.4074189108135062,CLEAR,0.5
22.16,6.7747931840759055,3.4222667570190834,3.408928299020165,CLEAR,0.5
22.18,6.783196166819773,3.426113741194632,3.410732795947816,CLEAR,0.5
22.2,6.791899021689455,3.430289888008416,3.4129466702066815,CLEAR,0.5
22.22,6.800991799144219,3.434807087561803,3.4156642401581143,CLEAR,0.5
22.24,6.810541093106196,3.439665763370411,3.418773866183574,CLEAR,0.5
22.26,6.8205635545262515,3.4449053840184316,3.4222667570190834,CLEAR,0.5
22.28,6.831038175096653,3.450561486029504,3.426113741194632,CLEAR,0.5
22.3,6.8419649608320094,3.456662939452465,3.430289888008416,CLEAR,0.5
22.32,6.853377338397224,3.4632701416514493,3.434807087561803,CLEAR,0.5
22.34,6.865291086409163,3.4703788546350975,3.439665763370411,CLEAR,0.5
22.36,6.877327812314256,3.4780471008993086,3.4449053840184316,CLEAR,0.5
22.38,6.888871396786207,3.4860456580274457,3.450561486029504,CLEAR,0.5
22.4,6.899779798750405,3.4936411591216556,3.456662939452465,CLEAR,0.5
22.42,6.9106939878944775,3.5010684806114507,3.4632701416514493,CLEAR,0.5
22.44,6.921942112401785,3.5085337937420307,3.4703788546350975,CLEAR,0.5
22.46,6.933375593685222,3.5158591514691238,3.4780471008993086,CLEAR,0.5
22.48,6.944713535010757,3.5229625392618544,3.4860456580274457,CLEAR,0.5
22.5,6.955814261923286,3.5297599202591035,3.4936411591216556,CLEAR,0.5
22.52,6.966636467749587,3.5362335972789665,3.5010684806114507,CLEAR,0.5
22.54,6.977213911106986,3.5423463098214847,3.5085337937420307,CLEAR,0.5
22.56,6.987647104108659,3.5481139303342135,3.5158591514691238,CLEAR,0.5
22.58,6.998140465027761,3.5535896962205653,3.5229625392618544,CLEAR,0.5
22.6,7.008868397841569,3.5589039619925624,3.5297599202591035,CLEAR,0.5
22.62,7.019913474227479,3.5641164145861675,3.5362335972789665,CLEAR,0.5
22.64,7.03123421978055,3.5691692003546027,3.5423463098214847,CLEAR,0.5
22.66,7.041535357848911,3.5743368827769797,3.5481139303342135,CLEAR,0.5
22.68,7.050503797845609,3.579359529756164,3.5535896962205653,CLEAR,0.5
22.7,7.058988816142164,3.583211108578898,3.5589039619925624,CLEAR,0.5
22.72,7.06743884288189,3.586691924952987,3.5641164145861675,CLEAR,0.5
22.74,7.075908664033785,3.5902641156262596,3.5691692003546027,CLEAR,0.5
22.76,7.084419565502768,3.594175052219465,3.5743368827769797,CLEAR,0.5
22.78,7.092854392578252,3.598607477725905,3.579359529756164,CLEAR,0.5
22.8,7.101080750976628,3.6034998677140333,3.583211108578898,CLEAR,0.5
22.82,7.10913970114238,3.608713501774774,3.586691924952987,CLEAR,0.5
22.84,7.117200523799014,3.614212078662644,3.5902641156262596,CLEAR,0.5
22.86,7.1254821407184785,3.6200244881995225,3.594175052219465,CLEAR,0.5
22.88,7.134126303786893,3.626180551960275,3.598607477725905,CLEAR,0.5
22.9,7.1431777739042435,3.6327392505279095,3.6034998677140333,CLEAR,0.5
22.92,7.152561382736172,3.639715381141793,3.608713501774774,CLEAR,0.5
22.94,7.162270742407496,3.6470621694452183,3.614212078662644,CLEAR,0.5
22.96,7.172316366674779,3.6548058911537513,3.6200244881995225,CLEAR,0.5
22.98,7.182427456791812,3.6630015216607337,3.626180551960275,CLEAR,0.5
23.0,7.1922730788330576,3.6713214285348843,3.6327392505279095,CLEAR,0.5
23.02,7.202184895550881,3.679122821128767,3.639715381141793,CLEAR,0.5
23.04,7.212165359109305,3.6864335505776498,3.6470621694452183,CLEAR,0.5
23.06,7.222507499274033,3.693689328095578,3.6548058911537513,CLEAR,0.5
23.08,7.233249595262517,3.700929999388981,3.6630015216607337,CLEAR,0.5
23.1,7.244104203903679,3.70799014228065,3.6713214285348843,CLEAR,0.5
23.12,7.2548496813190555,3.714714899952791,3.679122821128767,CLEAR,0.5
23.14,7.265456369960586,3.720996069966736,3.6864335505776498,CLEAR,0.5
23.16,7.275904536561296,3.726891362585516,3.693689328095578,CLEAR,0.5
23.18,7.286228481961807,3.732403560770195,3.700929999388981,CLEAR,0.5
23.2,7.296475741528138,3.7375824825989947,3.70799014228065,CLEAR,0.5
23.22,7.306762288564692,3.7424958006888205,3.714714899952791,CLEAR,0.5
23.24,7.3171941658622215,3.747248682102199,3.720996069966736,CLEAR,0.5
23.26,7.327773577721483,3.751924114210159,3.726891362585516,CLEAR,0.5
23.28,7.338510233623817,3.7564790230339833,3.732403560770195,CLEAR,0.5
23.3,7.349252103177831,3.7608373167786686,3.7375824825989947,CLEAR,0.5
23.32,7.358933566314712,3.765482384448219,3.7424958006888205,CLEAR,0.5
23.34,7.367939469834531,3.7696271315397363,3.747248682102199,CLEAR,0.5
23.36,7.376848416140914,3.773118748712588,3.751924114210159,CLEAR,0.5
23.38,7.385726732801743,3.776593100566847,3.7564790230339833,CLEAR,0.5
23.4,7.394535521975215,3.7802329772614827,3.7608373167786686,CLEAR,0.5
23.42,7.403322308543065,3.7841791423469155,3.765482384448219,CLEAR,0.5
23.44,7.412002357823977,3.7885388525627124,3.7696271315397363,CLEAR,0.5
23.46,7.420559128118935,3.7932715592747797,3.773118748712588,CLEAR,0.5
23.48,7.42909758434315,3.7983211816318314,3.776593100566847,CLEAR,0.5
23.5,7.437788871552073,3.8036898525190117,3.7802329772614827,CLEAR,0.5
23.52,7.4467863501077805,3.8094033604409714,3.7841791423469155,CLEAR,0.5
23.54,7.4562131740200535,3.8154877836165593,3.7885388525627124,CLEAR,0.5
23.56,7.466120321344137,3.8219778951469783,3.7932715592747797,CLEAR,0.5
23.58,7.476513961457925,3.8289054458695935,3.7983211816318314,CLEAR,0.5
23.6,7.487336205637541,3.836291004199098,3.8036898525190117,CLEAR,0.5
23.62,7.498569210158013,3.844132317950795,3.8094033604409714,CLEAR,0.5
23.64,7.5102841068578465,3.8524556031803807,3.8154877836165593,CLEAR,0.5
23.66,7.522281075121039,3.861325097793932,3.8219778951469783,CLEAR,0.5
23.68,7.533940449372892,3.8706508273297455,3.8289054458695935,CLEAR,0.5
23.7,7.545130902863589,3.879664785455601,3.836291004199098,CLEAR,0.5
23.72,7.55598036728984,3.8882462119384473,3.844132317950795,CLEAR,0.5
23.74,7.566921474042012,3.8968296334536956,3.8524556031803807,CLEAR,0.5
23.76,7.578037899602821,3.9052712282513546,3.861325097793932,CLEAR,0.5
23.78,7.589160085359681,3.9134964282967744,3.8706508273297455,CLEAR,0.5
23.8,7.600132187712092,3.921425086646854,3.879664785455601,CLEAR,0.5
23.82,7.6109086178302805,3.929014491588233,3.8882462119384473,CLEAR,0.5
23.84,7.621454667137402,3.9362513798996073,3.8968296334536956,CLEAR,0.5
23.86,7.631803771790029,3.9431495083788737,3.9052712282513546,CLEAR,0.5
23.88,7.642118287392634,3.9497271576875863,3.9134964282967744,CLEAR,0.5
23.9,7.652562515894671,3.956088735944115,3.921425086646854,CLEAR,0.5
23.92,7.663297395332014,3.9623852892461766,3.929014491588233,CLEAR,0.5
23.94,7.674251310033572,3.9686520075437928,3.9362513798996073,CLEAR,0.5
23.96,7.685234111750943,3.9747713492344414,3.9431495083788737,CLEAR,0.5
23.98,7.69481739260056,3.981142446359667,3.9497271576875863,CLEAR,0.5
24.0,7.703498211584322,3.9867156186032062,3.956088735944115,CLEAR,0.5
24.02,7.711908123040837,3.9914236927269777,3.9623852892461766,CLEAR,0.5
24.04,7.7202087262673205,3.995892514697656,3.9686520075437928,CLEAR,0.5
24.06,7.72842444965879,4.000395319403226,3.9747713492344414,CLEAR,0.5
24.08,7.7366040881866915,4.005138151237934,3.981142446359667,CLEAR,0.5
24.1,7.744626698600478,4.010295795611317,3.9867156186032062,CLEAR,0.5
24.12,7.752447943015645,4.015751478558096,3.9914236927269777,CLEAR,0.5
24.14,7.7601604921829335,4.021465292941472,3.995892514697656,CLEAR,0.5
24.16,7.767927984305589,4.027418327020948,4.000395319403226,CLEAR,0.5
24.18,7.7759153559744005,4.033671512312619,4.005138151237934,CLEAR,0.5
24.2,7.784226861506121,4.040277382136364,4.010295795611317,CLEAR,0.5
24.22,7.792928343059371,4.047292431304819,4.015751478558096,CLEAR,0.5
24.24,7.802006595058856,4.054767524762733,4.021465292941472,CLEAR,0.5
24.26,7.811429846992316,4.062718786781178,4.027418327020948,CLEAR,0.5
24.28,7.821232424764347,4.071140104434598,4.033671512312619,CLEAR,0.5
24.3,7.831453065447747,4.080040070520904,4.040277382136364,CLEAR,0.5
24.32,7.841952780849954,4.089418874270962,4.047292431304819,CLEAR,0.5
24.34,7.852194664177705,4.099297386839175,4.054767524762733,CLEAR,0.5
24.36,7.862343667501961,4.10862398574204,4.062718786781178,CLEAR,0.5
24.38,7.872642150971741,4.117687421157245,4.071140104434598,CLEAR,0.5
24.4,7.883363934871509,4.126731512474117,4.080040070520904,CLEAR,0.5
24.42,7.894592286614079,4.135906986124973,4.089418874270962,CLEAR,0.5
24.44,7.906044920930659,4.145091394324502,4.099297386839175,CLEAR,0.5
24.46,7.91748613102269,4.154035329382652,4.10862398574204,CLEAR,0.5
24.48,7.92880880148581,4.162593539369459,4.117687421157245,CLEAR,0.5
24.5,7.93997155619804,4.170785163385268,4.126731512474117,CLEAR,0.5
24.52,7.950947788688092,4.178628687882325,4.135906986124973,CLEAR,0.5
24.54,7.961817437710604,4.186115751597945,4.145091394324502,CLEAR,0.5
24.56,7.972698371084589,4.1933220928173025,4.154035329382652,CLEAR,0.5
24.58,7.9837156303725045,4.2003517639869825,4.162593539369459,CLEAR,0.5
24.6,7.994869253290946,4.20731839333801,4.170785163385268,CLEAR,0.5
24.62,8.006216431400826,4.214231511864319,4.178628687882325,CLEAR,0.5
24.64,8.017542439741334,4.221086910225802,4.186115751597945,CLEAR,0.5
24.66,8.027889555051178,4.228125368658531,4.1933220928173025,CLEAR,0.5
24.68,8.037478766872015,4.23477835937177,4.2003517639869825,CLEAR,0.5
24.7,8.046918601950903,4.240722987998581,4.20731839333801,CLEAR,0.5
24.72,8.056473491928697,4.2464236570810305,4.214231511864319,CLEAR,0.5
24.74,8.066049831194846,4.252254691524931,4.221086910225802,CLEAR,0.5
24.76,8.075606626595622,4.258336013520133,4.228125368658531,CLEAR,0.5
24.78,8.084983398051529,4.26478753135947,4.23477835937177,CLEAR,0.5
24.8,8.094115566916743,4.271539145228754,4.240722987998581,CLEAR,0.5
24.82,8.10317616414217,4.278485295720134,4.2464236570810305,CLEAR,0.5
24.84,8.112383878891832,4.285704628879566,4.252254691524931,CLEAR,0.5
24.86,8.121995583435957,4.293288676482645,4.258336013520133,CLEAR,0.5
24.88,8.132060478869153,4.301307451836431,4.26478753135947,CLEAR,0.5
24.9,8.142478320914742,4.309748671235109,4.271539145228754,CLEAR,0.5
24.92,8.153246555727149,4.318517344274026,4.278485295720134,CLEAR,0.5
24.94,8.164257307809912,4.327618619047303,4.285704628879566,CLEAR,0.5
24.96,8.175155240338931,4.33703391743964,4.293288676482645,CLEAR,0.5
24.98,8.18581970991005,4.346080984788627,4.301307451836431,CLEAR,0.5
25.0,8.195963739240407,4.354646861944706,4.309748671235109,CLEAR,0.5
25.02,8.2060200569449,4.362737751887313,4.318517344274026,CLEAR,0.5
25.04,8.216180009083706,4.370613812982538,4.327618619047303,CLEAR,0.5
25.06,8.226387571686466,4.378251427834825,4.33703391743964,CLEAR,0.5
25.08,8.236542053200928,4.385653601718171,4.346080984788627,CLEAR,0.5
25.1,8.246662992686076,4.392772682588961,4.354646861944706,CLEAR,0.5
25.12,8.256636615753502,4.399676640388936,4.362737751887313,CLEAR,0.5
25.14,8.26640196778487,4.406268934916733,4.370613812982538,CLEAR,0.5
25.16,8.27605526289147,4.4125309330931906,4.378251427834825,CLEAR,0.5
25.18,8.285738605372455,4.418524804020148,4.385653601718171,CLEAR,0.5
25.2,8.295591723122687,4.424348312054805,4.392772682588961,CLEAR,0.5
25.22,8.305595665389285,4.4301043293847755,4.399676640388936,CLEAR,0.5
25.24,8.315787276222364,4.435709833824638,4.406268934916733,CLEAR,0.5
25.26,8.325859442253263,4.441280780293705,4.4125309330931906,CLEAR,0.5
25.28,8.33460824882271,4.447153949658819,4.418524804020148,CLEAR,0.5
25.3,8.342526227127284,4.451850527810475,4.424348312054805,CLEAR,0.5
25.32,8.35021732775855,4.455731569120495,4.4301043293847755,CLEAR,0.5
25.34,8.357874909167299,4.459560470231932,4.435709833824638,CLEAR,0.5
25.36,8.3655541633647,4.463599266045777,4.441280780293705,CLEAR,0.5
25.38,8.373213109371335,4.467986594535903,4.447153949658819,CLEAR,0.5
25.4,8.380785483229568,4.4727190986721626,4.451850527810475,CLEAR,0.5
25.42,8.388279727102821,4.4777495154963765,4.455731569120495,CLEAR,0.5
25.44,8.395768660220925,4.483031861903872,4.459560470231932,CLEAR,0.5
25.46,8.40338061471955,4.488555799641628,4.463599266045777,CLEAR,0.5
25.48,8.41123160296777,4.494337784358654,4.467986594535903,CLEAR,0.5
25.5,8.419398540011365,4.50044897515671,4.4727190986721626,CLEAR,0.5
25.52,8.42792390184427,4.506929637695678,4.4777495154963765,CLEAR,0.5
25.54,8.436827428792206,4.51382097892075,4.483031861903872,CLEAR,0.5
25.56,8.446122858588687,4.521151459460899,4.488555799641628,CLEAR,0.5
25.58,8.455841155118677,4.528961316580157,4.494337784358654,CLEAR,0.5
25.6,8.465999262373916,4.537287111083445,4.50044897515671,CLEAR,0.5
25.62,8.476650227620159,4.546143471921527,4.506929637695678,CLEAR,0.5
25.64,8.487803154417358,4.555569931603236,4.51382097892075,CLEAR,0.5
25.66,8.499404132290644,4.565564734625464,4.521151459460899,CLEAR,0.5
25.68,8.511069682294163,4.5760799372941445,4.528961316580157,CLEAR,0.5
25.7,8.522397145989073,4.5868224641099,4.537287111083445,CLEAR,0.5
25.72,8.533361646841568,4.597102550318753,4.546143471921527,CLEAR,0.5
25.74,8.544548623662475,4.6071153234521836,4.555569931603236,CLEAR,0.5
25.76,8.556275265932138,4.617251903333822,4.565564734625464,CLEAR,0.5
25.78,8.568381934423302,4.62747122128496,4.5760799372941445,CLEAR,0.5
25.8,8.580484004521532,4.637655310525936,4.5868224641099,CLEAR,0.5
25.82,8.592395033865515,4.647583858659962,4.597102550318753,CLEAR,0.5
25.84,8.604013854359277,4.6572463246246745,4.6071153234521836,CLEAR,0.5
25.86,8.615363561397741,4.666565329811583,4.617251903333822,CLEAR,0.5
25.88,8.626642234051879,4.675545868269404,4.62747122128496,CLEAR,0.5
25.9,8.638062481132634,4.684273145211808,4.637655310525936,CLEAR,0.5
25.92,8.6497125141953,4.692938559898663,4.647583858659962,CLEAR,0.5
25.94,8.661492322890815,4.701554643230289,4.6572463246246745,CLEAR,0.5
25.96,8.673006851185285,4.710026240616449,4.666565329811583,CLEAR,0.5
25.98,8.683530995122792,4.718672347239351,4.675545868269404,CLEAR,0.5
26.0,8.6933709254377,4.726416827596205,4.684273145211808,CLEAR,0.5
26.02,8.703086407019535,4.733570814119431,4.692938559898663,CLEAR,0.5
26.04,8.712876398260489,4.740593338608299,4.701554643230289,CLEAR,0.5
26.06,8.72267628465516,4.747744546262856,4.710026240616449,CLEAR,0.5
26.08,8.732339806489945,4.7551413829751965,4.718672347239351,CLEAR,0.5
26.1,8.741721171120416,4.762820280681471,4.726416827596205,CLEAR,0.5
26.12,8.750850154285253,4.770683942168523,4.733570814119431,CLEAR,0.5
26.14,8.759950681780577,4.778701251418598,4.740593338608299,CLEAR,0.5
26.16,8.769274745274332,4.786985896840072,4.747744546262856,CLEAR,0.5
26.18,8.77901047292365,4.795639797974212,4.7551413829751965,CLEAR,0.5
26.2,8.789092090545893,4.804746074634681,4.762820280681471,CLEAR,0.5
26.22,8.799487699759128,4.814180762761206,4.770683942168523,CLEAR,0.5
26.24,8.810116729804198,4.823906707833191,4.778701251418598,CLEAR,0.5
26.26,8.820749061241813,4.833903673859156,4.786985896840072,CLEAR,0.5
26.28,8.831266582687094,4.843588126053595,4.795639797974212,CLEAR,0.5
26.3,8.841255733166147,4.852891278003627,4.804746074634681,CLEAR,0.5
26.32,8.851263493512153,4.861391154790574,4.814180762761206,CLEAR,0.5
26.34,8.861509724887874,4.869808848173683,4.823906707833191,CLEAR,0.5
26.36,8.871810074776564,4.878183842393056,4.833903673859156,CLEAR,0.5
26.38,8.882025201942042,4.886347689007389,4.843588126053595,CLEAR,0.5
26.4,8.892190699443654,4.894203675888462,4.852891278003627,CLEAR,0.5
26.42,8.902249005710939,4.901786871779918,4.861391154790574,CLEAR,0.5
26.44,8.912190292213117,4.9090710284907635,4.869808848173683,CLEAR,0.5
26.46,8.92201846719451,4.916049612760378,4.878183842393056,CLEAR,0.5
26.48,8.931822522019269,4.922762673494139,4.886347689007389,CLEAR,0.5
26.5,8.941695217961545,4.929289679129739,4.894203675888462,CLEAR,0.5
26.52,8.951720776537428,4.935707727832769,4.901786871779918,CLEAR,0.5
26.54,8.961896841794049,4.942074383700529,4.9090710284907635,CLEAR,0.5
26.56,8.97231458076393,4.948301446537121,4.916049612760378,CLEAR,0.5
26.58,8.98229995307629,4.95462025767675,4.922762673494139,CLEAR,0.5
26.6,8.99099424441335,4.96101432465912,4.929289679129739,CLEAR,0.5
26.62,8.999047837053354,4.966045594501851,4.935707727832769,CLEAR,0.5
26.64,9.006991193529972,4.970496003378293,4.942074383700529,CLEAR,0.5
26.66,9.014949069451601,4.975023471225094,4.948301446537121,CLEAR,0.5
26.68,9.022969676661575,4.979807809936673,4.95462025767675,CLEAR,0.5
26.7,9.0309722960563,4.984948212219354,4.96101432465912,CLEAR,0.5
26.72,9.038872012966449,4.990416893520811,4.966045594501851,CLEAR,0.5
26.74,9.046699145625816,4.996116616876005,4.970496003378293,CLEAR,0.5
26.76,9.05455119172403,5.002034723351289,4.975023471225094,CLEAR,0.5
26.78,9.062567160530085,5.0081850667914045,4.979807809936673,CLEAR,0.5
26.8,9.070885131088021,5.0146186603155725,4.984948212219354,CLEAR,0.5
26.82,9.079573423540506,5.021410899480845,4.990416893520811,CLEAR,0.5
26.84,9.088689668582067,5.028591968748918,4.996116616876005,CLEAR,0.5
26.86,9.09824095768407,5.036225887752707,5.002034723351289,CLEAR,0.5
26.88,9.108234357076034,5.044350508262107,5.0081850667914045,CLEAR,0.5
26.9,9.118705206247075,5.052994694338635,5.0146186603155725,CLEAR,0.5
26.92,9.129654185009903,5.062191681825971,5.021410899480845,CLEAR,0.5
26.94,9.14112327105539,5.071955713732791,5.028591968748918,CLEAR,0.5
26.96,9.15308362305704,5.0823198247889545,5.036225887752707,CLEAR,0.5
26.98,9.165189443175828,5.093266182482147,5.044350508262107,CLEAR,0.5
27.0,9.17691650640179,5.104478697409028,5.052994694338635,CLEAR,0.5
27.02,9.18807230693304,5.115270944520405,5.062191681825971,CLEAR,0.5
27.04,9.199284580614428,5.12570333817497,5.071955713732791,CLEAR,0.5
27.06,9.210945533998656,5.136156842822959,5.0823198247889545,CLEAR,0.5
27.08,9.222902389243329,5.146683386744666,5.093266182482147,CLEAR,0.5
27.1,9.234806176668556,5.157160946376142,5.104478697409028,CLEAR,0.5
27.12,9.246469923612914,5.167391921711084,5.115270944520405,CLEAR,0.5
27.14,9.257817982502507,5.1772781619572,5.12570333817497,CLEAR,0.5
27.16,9.268916101646147,5.186795961096805,5.136156842822959,CLEAR,0.5
27.18,9.279947171277287,5.195997404720181,5.146683386744666,CLEAR,0.5
27.2,9.29112183003708,5.205007771502917,5.157160946376142,CLEAR,0.5
27.22,9.302552045123178,5.214016704034502,5.167391921711084,CLEAR,0.5
27.24,9.31413783010188,5.223037728069699,5.1772781619572,CLEAR,0.5
27.26,9.325592099448661,5.2319565987295675,5.186795961096805,CLEAR,0.5
27.28,9.335761683129796,5.241008288010873,5.195997404720181,CLEAR,0.5
27.3,9.345172888309337,5.249000491104143,5.205007771502917,CLEAR,0.5
27.32,9.354409671602914,5.256230184741158,5.214016704034502,CLEAR,0.5
27.34,9.363627753724218,5.2632576198295515,5.223037728069699,CLEAR,0.5
27.36,9.37282065889304,5.27033050001418,5.2319565987295675,CLEAR,0.5
27.38,9.381925654008002,5.277607812895496,5.241008288010873,CLEAR,0.5
27.4,9.390776928588108,5.285178679128151,5.249000491104143,CLEAR,0.5
27.42,9.399386981751839,5.292875761165921,5.256230184741158,CLEAR,0.5
27.44,9.407911318194706,5.300684827426717,5.2632576198295515,CLEAR,0.5
27.46,9.416565607364415,5.308670307869132,5.27033050001418,CLEAR,0.5
27.48,9.425552487314308,5.316955395610772,5.277607812895496,CLEAR,0.5
27.5,9.434957623996214,5.3256506563203265,5.285178679128151,CLEAR,0.5
27.52,9.44470796262196,5.334774402426355,5.292875761165921,CLEAR,0.5
27.54,9.454749182348737,5.344256278050908,5.300684827426717,CLEAR,0.5
27.56,9.464950042820155,5.354091188179048,5.308670307869132,CLEAR,0.5
27.58,9.475064509670773,5.364154855159389,5.316955395610772,CLEAR,0.5
27.6,9.484996751445028,5.373850161680368,5.3256506563203265,CLEAR,0.5
27.62,9.494730836375028,5.383069240878478,5.334774402426355,CLEAR,0.5
27.64,9.504701171696682,5.391949940805387,5.344256278050908,CLEAR,0.5
27.66,9.515025089754486,5.400911752748004,5.354091188179048,CLEAR,0.5
27.68,9.525459551348458,5.409920182074967,5.364154855159389,CLEAR,0.5
27.7,9.53583664585286,5.418757024198738,5.373850161680368,CLEAR,0.5
27.72,9.546135993841677,5.427281083821096,5.383069240878478,CLEAR,0.5
27.74,9.55633020739007,5.435492321019898,5.391949940805387,CLEAR,0.5
27.76,9.566439158968308,5.443374494541506,5.400911752748004,CLEAR,0.5
27.78,9.576490836108656,5.45096081377528,5.409920182074967,CLEAR,0.5
27.8,9.58656056678216,5.458308895674907,5.418757024198738,CLEAR,0.5
27.82,9.596744842552756,5.465521202346139,5.427281083821096,CLEAR,0.5
27.84,9.607072266784991,5.47269027222287,5.435492321019898,CLEAR,0.5
27.86,9.61756035598255,5.479864174371214,5.443374494541506,CLEAR,0.5
27.88,9.628233348552484,5.486980106002427,5.45096081377528,CLEAR,0.5
27.9,9.638783243904822,5.494075860644604,5.458308895674907,CLEAR,0.5
27.92,9.648064251070886,5.501362704293742,5.465521202346139,CLEAR,0.5
27.94,9.656633958170923,5.507488778759644,5.47269027222287,CLEAR,0.5
27.96,9.665148017582782,5.512942275419589,5.479864174371214,CLEAR,0.5
27.98,9.673713384168273,5.51847811439311,5.486980106002427,CLEAR,0.5
28.0,9.682302217607388,5.52424745917545,5.494075860644604,CLEAR,0.5
28.02,9.690884426215785,5.530288560645431,5.501362704293742,CLEAR,0.5
28.04,9.699327818732131,5.536626404338722,5.507488778759644,CLEAR,0.5
28.06,9.707637599401687,5.5431311874058915,5.512942275419589,CLEAR,0.5
28.08,9.715961992047276,5.549748626839081,5.51847811439311,CLEAR,0.5
28.1,9.724450364658827,5.556581371808061,5.52424745917545,CLEAR,0.5
28.12,9.733257410089731,5.563699857719783,5.530288560645431,CLEAR,0.5
28.14,9.742475276101262,5.571195189604833,5.536626404338722,CLEAR,0.5
28.16,9.752150942787203,5.579119460254372,5.5431311874058915,CLEAR,0.5
28.18,9.762297412431442,5.587517561542253,5.549748626839081,CLEAR,0.5
28.2,9.77289549944606,5.596420887221242,5.556581371808061,CLEAR,0.5
28.22,9.783943771245127,5.605833084615052,5.563699857719783,CLEAR,0.5
28.24,9.795475002693221,5.615779884373177,5.571195189604833,CLEAR,0.5
28.26,9.807513676752423,5.62630041432574,5.579119460254372,CLEAR,0.5
28.28,9.819712413405128,5.637422825405234,5.587517561542253,CLEAR,0.5
28.3,9.831487428878054,5.6488285325395236,5.596420887221242,CLEAR,0.5
28.32,9.842619835563834,5.659861307644183,5.605833084615052,CLEAR,0.5
28.34,9.853736820818185,5.670347959834652,5.615779884373177,CLEAR,0.5
28.36,9.86517258685065,5.680843529551926,5.62630041432574,CLEAR,0.5
28.38,9.876811917535315,5.691407792501524,5.637422825405234,CLEAR,0.5
28.4,9.888342154036557,5.701926374662171,5.6488285325395236,CLEAR,0.5
28.42,9.899596199694,5.712163832751593,5.659861307644183,CLEAR,0.5
28.44,9.910551177034574,5.72202401138452,5.670347959834652,CLEAR,0.5
28.46,9.921269455752595,5.731503705714604,5.680843529551926,CLEAR,0.5
28.48,9.931855670130028,5.740652188526712,5.691407792501524,CLEAR,0.5
28.5,9.942521785219261,5.749564029841008,5.701926374662171,CLEAR,0.5
28.52,9.953425866622437,5.758433959236281,5.712163832751593,CLEAR,0.5
28.54,9.964572414693178,5.767357485479772,5.72202401138452,CLEAR,0.5
28.56,9.975975307597288,5.776272156799607,5.731503705714604,CLEAR,0.5
28.58,9.98625518606365,5.785376571378339,5.740652188526712,CLEAR,0.5
28.6,9.995405714157505,5.793825796524595,5.749564029841008,CLEAR,0.5
28.62,10.004152353904313,5.801070383719326,5.758433959236281,CLEAR,0.5
28.64,10.012778470142248,5.807897534296914,5.767357485479772,CLEAR,0.5
28.66,10.021326543568446,5.81466270524734,5.776272156799607,CLEAR,0.5
28.68,10.029862472020596,5.821531772126046,5.785376571378339,CLEAR,0.5
28.7,10.038274095558116,5.828664348417273,5.793825796524595,CLEAR,0.5
28.72,10.046456453096141,5.835998164869064,5.801070383719326,CLEAR,0.5
28.74,10.054482485145813,5.843400371136945,5.807897534296914,CLEAR,0.5
28.76,10.062521980186952,5.85089658523271,5.81466270524734,CLEAR,0.5
28.78,10.070787937517677,5.8585965649626655,5.821531772126046,CLEAR,0.5
28.8,10.079411761288394,5.866620439450441,5.828664348417273,CLEAR,0.5
28.82,10.088425511424969,5.875070639349088,5.835998164869064,CLEAR,0.5
28.84,10.09775327331145,5.883966597046994,5.843400371136945,CLEAR,0.5
28.86,10.107386937618282,5.893241195214569,5.85089658523271,CLEAR,0.5
28.88,10.117328094852349,5.902891982342362,5.8585965649626655,CLEAR,0.5
28.9,10.12721152048223,5.912968135023804,5.866620439450441,CLEAR,0.5
28.92,10.136997497911823,5.922942451462108,5.875070639349088,CLEAR,0.5
28.94,10.146843109536784,5.932728173602586,5.883966597046994,CLEAR,0.5
28.96,10.156805189554767,5.942266958208858,5.893241195214569,CLEAR,0.5
28.98,10.167170390845392,5.951664207711177,5.902891982342362,CLEAR,0.5
29.0,10.17787969087191,5.961258685987073,5.912968135023804,CLEAR,0.5
29.02,10.188696084115005,5.970892711991823,5.922942451462108,CLEAR,0.5
29.04,10.199351569681975,5.9803556836018785,5.932728173602586,CLEAR,0.5
29.06,10.209865934179906,5.989437919421422,5.942266958208858,CLEAR,0.5
29.08,10.220248410504603,5.998172061008116,5.951664207711177,CLEAR,0.5
29.1,10.23052619845881,6.0066046506755635,5.961258685987073,CLEAR,0.5
29.12,10.240725037392528,6.0147521072283885,5.970892711991823,CLEAR,0.5
29.14,10.250956249955653,6.022683404032044,5.9803556836018785,CLEAR,0.5
29.16,10.261342753824438,6.030521431786973,5.989437919421422,CLEAR,0.5
29.18,10.271885176359536,6.038394086979301,5.998172061008116,CLEAR,0.5
29.2,10.282612208420083,6.04629435802703,6.0066046506755635,CLEAR,0.5
29.22,10.293423375268345,6.054186987721666,6.0147521072283885,CLEAR,0.5
29.24,10.303225480792708,6.06228340151148,6.022683404032044,CLEAR,0.5
29.26,10.312332953855506,6.069604144005429,6.030521431786973,CLEAR,0.5
29.28,10.321345810597666,6.076175054359443,6.038394086979301,CLEAR,0.5
29.3,10.330381253327571,6.082692161688418,6.04629435802703,CLEAR,0.5
29.32,10.339373011846629,6.0893511181531945,6.054186987721666,CLEAR,0.5
29.34,10.348373060092944,6.0961630151463115,6.06228340151148,CLEAR,0.5
29.36,10.357261610676535,6.103253998882762,6.069604144005429,CLEAR,0.5
29.38,10.365998649762837,6.110509781770123,6.076175054359443,CLEAR,0.5
29.4,10.374729225313441,6.117878583414582,6.082692161688418,CLEAR,0.5
29.42,10.383617115065569,6.125441963519105,6.0893511181531945,CLEAR,0.5
29.44,10.392832280141901,6.1332881342871595,6.0961630151463115,CLEAR,0.5
29.46,10.402489775490066,6.141517414523873,6.103253998882762,CLEAR,0.5
29.48,10.4126474596779,6.150197748011834,6.110509781770123,CLEAR,0.5
29.5,10.423276384389665,6.159381053228341,6.117878583414582,CLEAR,0.5
29.52,10.434307766233298,6.169052824023418,6.125441963519105,CLEAR,0.5
29.54,10.44576024608771,6.179175518485794,6.1332881342871595,CLEAR,0.5
29.56,10.457600204106246,6.18978064731848,6.141517414523873,CLEAR,0.5
29.58,10.469284147196294,6.200893307959906,6.150197748011834,CLEAR,0.5
29.6,10.480581481338184,6.211835911741511,6.159381053228341,CLEAR,0.5
29.62,10.491330649016252,6.222376511847738,6.169052824023418,CLEAR,0.5
29.64,10.502067245546653,6.232515050888417,6.179175518485794,CLEAR,0.5
29.66,10.513008897865127,6.242583023539547,6.18978064731848,CLEAR,0.5
29.68,10.523957476678527,6.252653504176914,6.200893307959906,CLEAR,0.5
29.7,10.534726995931438,6.262541802183943,6.211835911741511,CLEAR,0.5
29.72,10.545254785594215,6.272124995951382,6.222376511847738,CLEAR,0.5
29.74,10.555541893572363,6.281364096984398,6.232515050888417,CLEAR,0.5
29.76,10.565616148703313,6.2902563661156,6.242583023539547,CLEAR,0.5
29.78,10.575596278354071,6.298846531120251,6.252653504176914,CLEAR,0.5
29.8,10.58566882164418,6.307235491159103,6.262541802183943,CLEAR,0.5
29.82,10.596002065059453,6.315597202271736,6.272124995951382,CLEAR,0.5
29.84,10.606580068827837,6.324049973009008,6.281364096984398,CLEAR,0.5
29.86,10.61747064698303,6.332522497015146,6.2902563661156,CLEAR,0.5
29.88,10.627150626494002,6.341315090073318,6.298846531120251,CLEAR,0.5
29.9,10.63573631880682,6.349258767920484,6.307235491159103,CLEAR,0.5
29.92,10.643915172373404,6.3560095693400305,6.315597202271736,CLEAR,0.5
29.94,10.651960107677759,6.362320567450274,6.324049973009008,CLEAR,0.5
29.96,10.65990778543823,6.368576186626004,6.332522497015146,CLEAR,0.5
29.98,10.667866180132378,6.374921167191738,6.341315090073318,CLEAR,0.5
30.0,10.675755396651297,6.381539378462688,6.349258767920484,CLEAR,0.5
30.02,10.683512772732342,6.388365542527401,6.3560095693400305,CLEAR,0.5
30.04,10.691173895083498,6.395324777212102,6.362320567450274,CLEAR,0.5
30.06,10.698850995070696,6.402401833613301,6.368576186626004,CLEAR,0.5
30.08,10.706705515376795,6.409650016467021,6.374921167191738,CLEAR,0.5
30.1,10.71484906508987,6.417179524722676,6.381539378462688,CLEAR,0.5
30.12,10.72336296289183,6.42507063089706,6.388365542527401,CLEAR,0.5
30.14,10.732259195687524,6.43340255018676,6.395324777212102,CLEAR,0.5
30.16,10.741541197611632,6.442205254590894,6.402401833613301,CLEAR,0.5
30.18,10.751219085226097,6.451486283342872,6.409650016467021,CLEAR,0.5
30.2,10.761319723023249,6.461261943418271,6.417179524722676,CLEAR,0.5
30.22,10.771848448331903,6.471543538043944,6.42507063089706,CLEAR,0.5
30.24,10.782640570249425,6.482337538522238,6.43340255018676,CLEAR,0.5
30.26,10.793061567845237,6.4935146226446046,6.442205254590894,CLEAR,0.5
30.28,10.803375243111084,6.504173363880747,6.451486283342872,CLEAR,0.5
30.3,10.813894620041845,6.514510499619416,6.461261943418271,CLEAR,0.5
30.32,10.824915743830742,6.525082191608583,6.471543538043944,CLEAR,0.5
30.34,10.836483739250676,6.535985729710445,6.482337538522238,CLEAR,0.5
30.36,10.84826379339554,6.547114641761036,6.4935146226446046,CLEAR,0.5
30.38,10.859996117637131,6.558157940887139,6.504173363880747,CLEAR,0.5
30.4,10.871601080531645,6.568929023797529,6.514510499619416,CLEAR,0.5
30.42,10.883009291429644,6.5794253617018565,6.525082191608583,CLEAR,0.5
30.44,10.89422345018233,6.589603967150319,6.535985729710445,CLEAR,0.5
30.46,10.90535122311987,6.599474980740777,6.547114641761036,CLEAR,0.5
30.48,10.916535255364206,6.609136920731824,6.558157940887139,CLEAR,0.5
30.5,10.927868488267839,6.61871380016336,6.568929023797529,CLEAR,0.5
30.52,10.939379461667274,6.62831903331814,6.5794253617018565,CLEAR,0.5
30.54,10.95093805576598,6.637958366456028,6.589603967150319,CLEAR,0.5
30.56,10.961853829294608,6.647540398945151,6.599474980740777,CLEAR,0.5
30.58,10.971804607278244,6.656983362858078,6.609136920731824,CLEAR,0.5
30.6,10.981412288851885,6.665437591020276,6.61871380016336,CLEAR,0.5
30.62,10.991106914602494,6.673440649945435,6.62831903331814,CLEAR,0.5
30.64,11.00086287099212,6.681481363292146,6.637958366456028,CLEAR,0.5
30.66,11.010593711411317,6.689680041396485,6.647540398945151,CLEAR,0.5
30.68,11.020172273929255,6.698068843197804,6.656983362858078,CLEAR,0.5
30.7,11.029489144633377,6.7066149671150175,6.665437591020276,CLEAR,0.5
30.72,11.038624112802783,6.715195821078972,6.673440649945435,CLEAR,0.5
30.74,11.047798648604195,6.723837263612061,6.681481363292146,CLEAR,0.5
30.76,11.057251713652578,6.732692737540151,6.689680041396485,CLEAR,0.5
30.78,11.067190713438924,6.741934790465718,6.698068843197804,CLEAR,0.5
30.8,11.07752348784728,6.75168263480614,6.7066149671150175,CLEAR,0.5
30.82,11.08817420045988,6.761829739104874,6.715195821078972,CLEAR,0.5
30.84,11.099137017043514,6.772301289040915,6.723837263612061,CLEAR,0.5
30.86,11.11005543085821,6.783141508867638,6.732692737540151,CLEAR,0.5
30.88,11.12088761915649,6.793872852967841,6.741934790465718,CLEAR,0.5
30.9,11.131156645197875,6.804356984089514,6.75168263480614,CLEAR,0.5
30.92,11.14129880836841,6.814097471252324,6.761829739104874,CLEAR,0.5
30.94,11.151549491348758,6.82367493858508,6.772301289040915,CLEAR,0.5
30.96,11.16190680954171,6.8331896366338265,6.783141508867638,CLEAR,0.5
30.98,11.172202223100618,6.842612641130596,6.793872852967841,CLEAR,0.5
31.0,11.18244447645714,6.8518165928658865,6.804356984089514,CLEAR,0.5
31.02,11.192615096611686,6.860818716060191,6.814097471252324,CLEAR,0.5
31.04,11.202575504901064,6.869608747732223,6.82367493858508,CLEAR,0.5
31.06,11.212375304652587,6.878074524990776,6.8331896366338265,CLEAR,0.5
31.08,11.222133299855827,6.8862635337721825,6.842612641130596,CLEAR,0.5
31.1,11.231971110308706,6.894288943598043,6.8518165928658865,CLEAR,0.5
31.12,11.241988943766197,6.902269421215379,6.860818716060191,CLEAR,0.5
31.14,11.252160735731668,6.910286407998248,6.869608747732223,CLEAR,0.5
31.16,11.262583099380057,6.918253062391867,6.878074524990776,CLEAR,0.5
31.18,11.27250545320341,6.9264039733463125,6.8862635337721825,CLEAR,0.5
31.2,11.281108480255682,6.9343910056206575,6.894288943598043,CLEAR,0.5
31.22,11.289076077287184,6.940935973336464,6.902269421215379,CLEAR,0.5
31.24,11.29686822521265,6.946847490805018,6.910286407998248,CLEAR,0.5
31.26,11.30462227658521,6.9527096470520675,6.918253062391867,CLEAR,0.5
31.28,11.312411071960605,6.9587029645489835,6.9264039733463125,CLEAR,0.5
31.3,11.320166983201434,6.96493452072016,6.9343910056206575,CLEAR,0.5
31.32,11.327812306770813,6.97138045376708,6.940935973336464,CLEAR,0.5
31.34,11.335374819697755,6.9779491204348805,6.946847490805018,CLEAR,0.5
31.36,11.342932723022788,6.984633696397554,6.9527096470520675,CLEAR,0.5
31.38,11.350618407589739,6.99146937219043,6.9587029645489835,CLEAR,0.5
31.4,11.358561870686229,6.998538725167252,6.96493452072016,CLEAR,0.5
31.42,11.366836379893453,7.005944295908298,6.97138045376708,CLEAR,0.5
31.44,11.375498741306718,7.013737186144429,6.9779491204348805,CLEAR,0.5
31.46,11.38458267235157,7.021968968113762,6.984633696397554,CLEAR,0.5
31.48,11.394080276720379,7.030685191680511,6.99146937219043,CLEAR,0.5
31.5,11.404022799202732,7.039888691617872,6.998538725167252,CLEAR,0.5
31.52,11.414445567565656,7.049619468065037,7.005944295908298,CLEAR,0.5
31.54,11.425357094453279,7.0599084259851175,7.013737186144429,CLEAR,0.5
31.56,11.43673055448042,7.070755217556323,7.021968968113762,CLEAR,0.5
31.58,11.44821123656222,7.082137562123003,7.030685191680511,CLEAR,0.5
31.6,11.459378106872819,7.093721268863898,7.039888691617872,CLEAR,0.5
31.62,11.470126476221486,7.1048930296789905,7.049619468065037,CLEAR,0.5
31.64,11.480980394532205,7.115687038815056,7.0599084259851175,CLEAR,0.5
31.66,11.492307004488278,7.1265324730025155,7.070755217556323,CLEAR,0.5
31.68,11.504022730859345,7.137590286442047,7.082137562123003,CLEAR,0.5
31.7,11.51572605260961,7.148777384159025,7.093721268863898,CLEAR,0.5
31.72,11.527247797163529,7.15978052567942,7.1048930296789905,CLEAR,0.5
31.74,11.538493074989129,7.17051200584108,7.115687038815056,CLEAR,0.5
31.76,11.54946115581657,7.180899959289113,7.1265324730025155,CLEAR,0.5
31.78,11.5603119815446,7.1909478486258,7.137590286442047,CLEAR,0.5
31.8,11.571236715936948,7.200752361289211,7.148777384159025,CLEAR,0.5
31.82,11.58233780573765,7.210495481029487,7.15978052567942,CLEAR,0.5
31.84,11.59360935342869,7.220273695928865,7.17051200584108,CLEAR,0.5
31.86,11.604986653305055,7.230046557274954,7.180899959289113,CLEAR,0.5
31.88,11.615495958666244,7.239885093334148,7.1909478486258,CLEAR,0.5
31.9,11.624992587662893,7.249228849368649,7.200752361289211,CLEAR,0.5
31.92,11.634111821091519,7.2574753734430875,7.210495481029487,CLEAR,0.5
31.94,11.643246761376183,7.265284126782285,7.220273695928865,CLEAR,0.5
31.96,11.652393356508032,7.273116725455961,7.230046557274954,CLEAR,0.5
31.98,11.661513876240033,7.281068469232778,7.239885093334148,CLEAR,0.5
32.0,11.670479879683812,7.289208228897315,7.249228849368649,CLEAR,0.5
32.02,11.679192075919811,7.297459083105279,7.2574753734430875,CLEAR,0.5
32.04,11.687737770336737,7.305719066610906,7.265284126782285,CLEAR,0.5
32.06,11.696328158519199,7.314022663075873,7.273116725455961,CLEAR,0.5
32.08,11.705203012940725,7.3225253383599265,7.281068469232778,CLEAR,0.5
32.1,11.714487318179604,7.3313942183948475,7.289208228897315,CLEAR,0.5
32.12,11.72410640845552,7.340699749801316,7.297459083105279,CLEAR,0.5
32.14,11.73403330732989,7.350358138582109,7.305719066610906,CLEAR,0.5
32.16,11.744169787019855,7.36034970273893,7.314022663075873,CLEAR,0.5
32.18,11.754229229767509,7.370621438468252,7.3225253383599265,CLEAR,0.5
32.2,11.764278406101397,7.380617766313882,7.3313942183948475,CLEAR,0.5
32.22,11.77399793875557,7.390466053580614,7.340699749801316,CLEAR,0.5
32.24,11.783865698196276,7.399764275077182,7.350358138582109,CLEAR,0.5
32.26,11.794078415484066,7.409110667698495,7.36034970273893,CLEAR,0.5
32.28,11.80443970254358,7.41859720932477,7.370621438468252,CLEAR,0.5
32.3,11.814779302040137,7.428020426229487,7.380617766313882,CLEAR,0.5
32.32,11.824989863007216,7.437235468892624,7.390466053580614,CLEAR,0.5
32.34,11.835100838786113,7.4461649296413075,7.399764275077182,CLEAR,0.5
32.36,11.845098715193359,7.45483889535236,7.409110667698495,CLEAR,0.5
32.38,11.855002400299842,7.463244425377704,7.41859720932477,CLEAR,0.5
32.4,11.864892466608408,7.47143220587341,7.428020426229487,CLEAR,0.5
32.42,11.874880651743432,7.479505871472902,7.437235468892624,CLEAR,0.5
32.44,11.885012929638659,7.487573458065756,7.4461649296413075,CLEAR,0.5
32.46,11.895322623517378,7.495660639566112,7.45483889535236,CLEAR,0.5
32.48,11.905830042925803,7.5037382159072585,7.463244425377704,CLEAR,0.5
32.5,11.9158214715904,7.511963694654988,7.47143220587341,CLEAR,0.5
32.52,11.924700237106629,7.519994583830002,7.479505871472902,CLEAR,0.5
32.54,11.933073188789844,7.526788663975198,7.487573458065756,CLEAR,0.5
32.56,11.9412882149869,7.533077498911878,7.495660639566112,CLEAR,0.5
32.58,11.94946564130637,7.539363090283174,7.5037382159072585,CLEAR,0.5
32.6,11.957715779209463,7.545775062841066,7.511963694654988,CLEAR,0.5
32.62,11.9659576687455,7.552455050825061,7.519994583830002,CLEAR,0.5
32.64,11.974124674192035,7.559348370515924,7.526788663975198,CLEAR,0.5
32.66,11.982238637443007,7.56638185458255,7.533077498911878,CLEAR,0.5
32.68,11.990405140779744,7.573536764788437,7.539363090283174,CLEAR,0.5
32.7,11.99874832482661,7.580880864041636,7.545775062841066,CLEAR,0.5
32.72,12.007404243953182,7.588480569320145,7.552455050825061,CLEAR,0.5
