t,robot_x,dist_true,dist_measured,zone,cmd_vx
0.0,0.00026070754631734,5.830951894845301,5.830951894845301,CLEAR,0.0
0.02,0.0007510066869291821,5.83070500459499,5.830951894845301,CLEAR,0.0
0.04,0.0011220496491874303,5.83017991324872,5.830951894845301,CLEAR,0.0
0.06,0.0013305871852394716,5.829783179428421,5.830951894845301,CLEAR,0.0
0.08,0.0012690982147340376,5.829617127305669,5.830951894845301,CLEAR,0.0
0.1,0.0009404477869093458,5.829669302898247,5.830951894845301,CLEAR,0.0
0.12,0.0004329788431614253,5.829996217830364,5.83070500459499,CLEAR,0.0
0.14,-0.0001618607911349641,5.8305145451672145,5.83017991324872,CLEAR,0.0
0.16,-0.0009747060602578501,5.831046545882938,5.829783179428421,CLEAR,0.0
0.18,-0.0019346138652258042,5.8317906405148205,5.829617127305669,CLEAR,0.0
0.2,-0.0030576942037470805,5.832644050443353,5.829669302898247,CLEAR,0.0
0.22,-0.004318775020017063,5.833604922607717,5.829996217830364,CLEAR,0.0
0.24,-0.005708138599741633,5.834675422811869,5.8305145451672145,CLEAR,0.0
0.26,-0.007197861006451564,5.8358448772647815,5.831046545882938,CLEAR,0.0
0.28,-0.008794711302852731,5.837086065142369,5.8317906405148205,CLEAR,0.0
0.3,-0.01047956873253347,5.838411447737057,5.832644050443353,CLEAR,0.0
0.32,-0.012247649726641215,5.83979801746186,5.833604922607717,CLEAR,0.0
0.34,-0.014087139983940416,5.8412567596274005,5.834675422811869,CLEAR,0.0
0.36,-0.01599353805910168,5.842775006478356,5.8358448772647815,CLEAR,0.0
0.38,-0.017947141382403744,5.844345429832923,5.837086065142369,CLEAR,0.0
0.4,-0.01994110349787154,5.84595877609893,5.838411447737057,CLEAR,0.0
0.42,-0.021956303181469933,5.847616231837112,5.83979801746186,CLEAR,0.0
0.44,-0.023995448571650976,5.849301952186775,5.8412567596274005,CLEAR,0.0
0.46,-0.02605303088860819,5.851023312646141,5.842775006478356,CLEAR,0.0
0.48,-0.02814491600883736,5.852779096002651,5.844345429832923,CLEAR,0.0
0.5,-0.030274324700457066,5.854585534472747,5.84595877609893,CLEAR,0.0
0.52,-0.03244146710423081,5.856459856946977,5.847616231837112,CLEAR,0.0
0.54,-0.03465672367257308,5.858399487008737,5.849301952186775,CLEAR,0.0
0.56,-0.036917897442783634,5.860421345224782,5.851023312646141,CLEAR,0.0
0.58,-0.03922636995979615,5.862525278814828,5.852779096002651,CLEAR,0.0
0.6,-0.041580204612956306,5.864715608373149,5.854585534472747,CLEAR,0.0
0.62,-0.04398867896620372,5.866988206214376,5.856459856946977,CLEAR,0.0
0.64,-0.046446462609577896,5.8693437374313175,5.858399487008737,CLEAR,0.0
0.66,-0.04894864208574711,5.871783320036962,5.860421345224782,CLEAR,0.0
0.68,-0.05149966227789895,5.874297761656233,5.862525278814828,CLEAR,0.0
0.7,-0.054086939684862695,5.876889369738697,5.864715608373149,CLEAR,0.0
0.72,-0.05670850519539842,5.879540771078704,5.866988206214376,CLEAR,0.0
0.74,-0.05934688797345171,5.882234295554111,5.8693437374313175,CLEAR,0.0
0.76,-0.061990041660630164,5.884940063311025,5.871783320036962,CLEAR,0.0
0.78,-0.06462510498062189,5.8876215413002795,5.874297761656233,CLEAR,0.0
0.8,-0.06731432507663625,5.890212268446178,5.876889369738697,CLEAR,0.0
0.82,-0.0700843272652434,5.892798023788847,5.879540771078704,CLEAR,0.0
0.84,-0.07296290029346489,5.895329748018676,5.882234295554111,CLEAR,0.0
0.86,-0.07571309396269639,5.89777546398373,5.884940063311025,CLEAR,0.0
0.88,-0.07824955749198208,5.899851754171099,5.8876215413002795,CLEAR,0.0
0.9,-0.08068578483342785,5.901472570973051,5.890212268446178,CLEAR,0.0
0.92,-0.08316868156925916,5.902744318366453,5.892798023788847,CLEAR,0.0
0.94,-0.08602073259775907,5.903832351249065,5.895329748018676,CLEAR,0.0
0.96,-0.08893283639102972,5.905150711322458,5.89777546398373,CLEAR,0.0
0.98,-0.09129395993765066,5.906495707941228,5.899851754171099,CLEAR,0.0
1.0,-0.09334804752664458,5.907447285866685,5.901472570973051,CLEAR,0.0
1.02,-0.09554475119450645,5.908325578244627,5.902744318366453,CLEAR,0.010000000000000009
1.04,-0.09777659473668324,5.9096265488943684,5.903832351249065,CLEAR,0.020000000000000018
1.06,-0.09980325695824155,5.911289189885832,5.905150711322458,CLEAR,0.030000000000000027
1.08,-0.10159651335142428,5.913064800932093,5.906495707941228,CLEAR,0.040000000000000036
1.1,-0.10316115919122462,5.9148175277395065,5.907447285866685,CLEAR,0.050000000000000044
1.12,-0.10463758431432664,5.91655695131994,5.908325578244627,CLEAR,0.06000000000000005
1.14,-0.10629817776727318,5.918261223307682,5.9096265488943684,CLEAR,0.07000000000000006
1.16,-0.10768473142381133,5.92011970102864,5.911289189885832,CLEAR,0.07999999999999996
1.18,-0.10891446085384811,5.921870980869767,5.913064800932093,CLEAR,0.08999999999999997
1.2,-0.11053537805728311,5.923450672519437,5.9148175277395065,CLEAR,0.09999999999999998
1.22,-0.11278582797145985,5.925396135776678,5.91655695131994,CLEAR,0.10999999999999999
1.24,-0.11519504018060527,5.927803932914607,5.918261223307682,CLEAR,0.12
1.26,-0.11743865116056841,5.9301737947126165,5.92011970102864,CLEAR,0.13
1.28,-0.1194727744410788,5.932181446030011,5.921870980869767,CLEAR,0.14
1.3,-0.12136792848683986,5.93376355533134,5.923450672519437,CLEAR,0.15000000000000002
1.32,-0.1232472590273975,5.935003756145152,5.925396135776678,CLEAR,0.16000000000000003
1.34,-0.12519084484983295,5.936007819514508,5.927803932914607,CLEAR,0.17000000000000004
1.36,-0.12731859051979286,5.936889717443371,5.9301737947126165,CLEAR,0.18000000000000005
1.38,-0.1297801211588272,5.937813641204636,5.932181446030011,CLEAR,0.19000000000000006
1.4,-0.1322914092080489,5.939103793324319,5.93376355533134,CLEAR,0.20000000000000007
1.42,-0.13386719240740919,5.940717917759626,5.935003756145152,CLEAR,0.20999999999999996
1.44,-0.13479951071738336,5.941641910876713,5.936007819514508,CLEAR,0.21999999999999997
1.46,-0.13540252555451862,5.9421285970197495,5.936889717443371,CLEAR,0.22999999999999998
1.48,-0.13550127737520032,5.942555269739741,5.937813641204636,CLEAR,0.24
1.5,-0.13521879149215998,5.942796401817016,5.939103793324319,CLEAR,0.25
1.52,-0.13471148426498342,5.9428686266862485,5.940717917759626,CLEAR,0.26
1.54,-0.13405063527506586,5.94285372073074,5.941641910876713,CLEAR,0.27
1.56,-0.1332441186747745,5.9428298443110625,5.9421285970197495,CLEAR,0.28
1.58,-0.13243541594742933,5.942834027581681,5.942555269739741,CLEAR,0.29000000000000004
1.6,-0.131586675363715,5.9429291717671,5.942796401817016,CLEAR,0.30000000000000004
1.62,-0.1302242575541161,5.943032807823392,5.9428686266862485,CLEAR,0.31000000000000005
1.64,-0.1288586039901366,5.942757847587279,5.94285372073074,CLEAR,0.32000000000000006
1.66,-0.12804167711107653,5.9424989298333415,5.9428298443110625,CLEAR,0.33000000000000007
1.68,-0.12752758053793165,5.9426000084106025,5.942834027581681,CLEAR,0.33999999999999997
1.7,-0.1269804456839886,5.94276199518114,5.9429291717671,CLEAR,0.35
1.72,-0.12624578743740714,5.942683860347257,5.943032807823392,CLEAR,0.36
1.74,-0.1252951638797717,5.942261373200961,5.942757847587279,CLEAR,0.37
1.76,-0.12419467689682263,5.941479469742979,5.9424989298333415,CLEAR,0.38
1.78,-0.1229794763014124,5.940406289863702,5.9426000084106025,CLEAR,0.39
1.8,-0.12162417286360466,5.9390778144709975,5.94276199518114,CLEAR,0.4
1.82,-0.12005543271407176,5.937498766344886,5.942683860347257,CLEAR,0.41000000000000003
1.84,-0.11820030851401442,5.935621891301202,5.942261373200961,CLEAR,0.42000000000000004
1.86,-0.11604987703658991,5.933381422250299,5.941479469742979,CLEAR,0.43000000000000005
1.88,-0.11359866081757293,5.930758253036626,5.940406289863702,CLEAR,0.44000000000000006
1.9,-0.11085814084986688,5.9277507680059305,5.9390778144709975,CLEAR,0.45000000000000007
1.92,-0.10777760212468264,5.924330909537813,5.937498766344886,CLEAR,0.45999999999999996
1.94,-0.1044759045250322,5.920512216817705,5.935621891301202,CLEAR,0.47
1.96,-0.10117288451588284,5.916414520153082,5.933381422250299,CLEAR,0.48
1.98,-0.09810589140421037,5.912250595665685,5.930758253036626,CLEAR,0.49
2.0,-0.0939076404061768,5.908769209817943,5.9277507680059305,CLEAR,0.5
2.02,-0.08869494105722472,5.9043026423682905,5.924330909537813,CLEAR,0.5
2.04,-0.08269661164700516,5.8991180567739345,5.920512216817705,CLEAR,0.5
2.06,-0.07605645249502936,5.893382607988834,5.916414520153082,CLEAR,0.5
2.08,-0.06907282599117036,5.887342761717319,5.912250595665685,CLEAR,0.5
2.1,-0.061999576999323014,5.881337084079435,5.908769209817943,CLEAR,0.5
2.12,-0.054850374912814866,5.875525489823603,5.9043026423682905,CLEAR,0.5
2.14,-0.04754819991428208,5.869898323316486,5.8991180567739345,CLEAR,0.5
2.16,-0.04002910215103263,5.864381335600977,5.893382607988834,CLEAR,0.5
2.18,-0.03222134239149689,5.858920746150137,5.887342761717319,CLEAR,0.5
2.2,-0.02400393100172591,5.853438413597617,5.881337084079435,CLEAR,0.5
2.22,-0.015345386490005433,5.847796008622462,5.875525489823603,CLEAR,0.5
2.24,-0.0061923293247112465,5.8419495229751135,5.869898323316486,CLEAR,0.5
2.26,0.002355047860187411,5.8356883321064705,5.864381335600977,CLEAR,0.5
2.28,0.010314394905130603,5.829952536287287,5.858920746150137,CLEAR,0.5
2.3,0.018123860897127496,5.824733426597137,5.853438413597617,CLEAR,0.5
2.32,0.026053678972515135,5.819531757705711,5.847796008622462,CLEAR,0.5
2.34,0.034120521913002674,5.814105282027274,5.8419495229751135,CLEAR,0.5
2.36,0.04231109126187075,5.808379058852382,5.8356883321064705,CLEAR,0.5
2.38,0.05054979320932332,5.802330417609273,5.829952536287287,CLEAR,0.5
2.4,0.05874635041364051,5.7959752758066765,5.824733426597137,CLEAR,0.5
2.42,0.0670065865403302,5.789398000463713,5.819531757705711,CLEAR,0.5
2.44,0.07549211487887655,5.782564934836332,5.814105282027274,CLEAR,0.5
2.46,0.08435717621349736,5.775405677696164,5.808379058852382,CLEAR,0.5
2.48,0.0937784731544923,5.76785350642257,5.802330417609273,CLEAR,0.5
2.5,0.10378867516117665,5.75980708689612,5.7959752758066765,CLEAR,0.5
2.52,0.11425609313745927,5.751245885399387,5.789398000463713,CLEAR,0.5
2.54,0.1251547913600168,5.7422529178052075,5.782564934836332,CLEAR,0.5
2.56,0.13650155532861055,5.732826399068672,5.775405677696164,CLEAR,0.5
2.58,0.1479527193062347,5.722905565732839,5.76785350642257,CLEAR,0.5
2.6,0.15885732060158717,5.712748702660996,5.75980708689612,CLEAR,0.5
2.62,0.1692494613718403,5.703201789596945,5.751245885399387,CLEAR,0.5
2.64,0.17958682556597236,5.694074487888187,5.7422529178052075,CLEAR,0.5
2.66,0.18995667570721825,5.684914930896755,5.732826399068672,CLEAR,0.5
2.68,0.20030515501831403,5.675884307600801,5.722905565732839,CLEAR,0.5
2.7,0.2105164230143843,5.666997507251873,5.712748702660996,CLEAR,0.5
2.72,0.220583844281208,5.65840448824732,5.703201789596945,CLEAR,0.5
2.74,0.2304663139740389,5.650118305808886,5.694074487888187,CLEAR,0.5
2.76,0.24019010760965193,5.642160709178356,5.684914930896755,CLEAR,0.5
2.78,0.24973327708886697,5.634527894355873,5.675884307600801,CLEAR,0.5
2.8,0.25923221424467335,5.627224426702095,5.666997507251873,CLEAR,0.5
2.82,0.26892048053819007,5.620133459619884,5.65840448824732,CLEAR,0.5
2.84,0.2789047329987344,5.6130600862341415,5.650118305808886,CLEAR,0.5
2.86,0.2892538355735249,5.6059597752417485,5.642160709178356,CLEAR,0.5
2.88,0.299646750819932,5.598678614598156,5.634527894355873,CLEAR,0.5
2.9,0.30852469688049455,5.59103141274365,5.627224426702095,CLEAR,0.5
2.92,0.316446951494452,5.584787495423163,5.620133459619884,CLEAR,0.5
2.94,0.3240723000422461,5.579547993797144,5.6130600862341415,CLEAR,0.5
2.96,0.3316075001317364,5.574513397826327,5.6059597752417485,CLEAR,0.5
2.98,0.33915978025333315,5.569378680050729,5.598678614598156,CLEAR,0.5
3.0,0.3467234318333735,5.563956325850422,5.59103141274365,CLEAR,0.5
3.02,0.354202775472684,5.558206003891765,5.584787495423163,CLEAR,0.5
3.04,0.36156288467937264,5.552224183779051,5.579547993797144,CLEAR,0.5
3.06,0.3688620492799271,5.546093358021589,5.574513397826327,CLEAR,0.5
3.08,0.3762154346986237,5.539808781322332,5.569378680050729,CLEAR,0.5
3.1,0.3837594001456013,5.533341777955864,5.563956325850422,CLEAR,0.5
3.12,0.3915667129760183,5.526591013239176,5.558206003891765,CLEAR,0.5
3.14,0.39967778311047836,5.519504361685823,5.552224183779051,CLEAR,0.5
3.16,0.40814001243451936,5.51203059783605,5.546093358021589,CLEAR,0.5
3.18,0.416963566531712,5.504120682262318,5.539808781322332,CLEAR,0.5
3.2,0.4261713957493191,5.495756938344239,5.533341777955864,CLEAR,0.5
3.22,0.4358074418172118,5.486924578260807,5.526591013239176,CLEAR,0.5
3.24,0.44588070587701684,5.477578152053547,5.519504361685823,CLEAR,0.5
3.26,0.4562326121918491,5.4677293526385915,5.51203059783605,CLEAR,0.5
3.28,0.4663200929813495,5.457485940977754,5.504120682262318,CLEAR,0.5
3.3,0.476303508510562,5.447534831192831,5.495756938344239,CLEAR,0.5
3.32,0.48659262788688695,5.437973020308228,5.486924578260807,CLEAR,0.5
3.34,0.4973900774102481,5.428183241453236,5.477578152053547,CLEAR,0.5
3.36,0.5087245478965938,5.418041842127879,5.4677293526385915,CLEAR,0.5
3.38,0.5203098270381036,5.407747419455881,5.457485940977754,CLEAR,0.5
3.4,0.5318513876762168,5.397570826538621,5.447534831192831,CLEAR,0.5
3.42,0.5432368067231362,5.387736154499628,5.437973020308228,CLEAR,0.5
3.44,0.5544281732419558,5.378216440098272,5.428183241453236,CLEAR,0.5
3.46,0.5654179479260444,5.36905826845119,5.418041842127879,CLEAR,0.5
3.48,0.5763153643296127,5.360252276087289,5.407747419455881,CLEAR,0.5
3.5,0.5872778155545673,5.351702823235321,5.397570826538621,CLEAR,0.5
3.52,0.5984378840939476,5.343283336084797,5.387736154499628,CLEAR,0.5
3.54,0.6098478040501447,5.334863967165459,5.378216440098272,CLEAR,0.5
3.56,0.6213405741064212,5.326417664215916,5.36905826845119,CLEAR,0.5
3.58,0.63230347319547,5.31803852132211,5.360252276087289,CLEAR,0.5
3.6,0.6423361821464628,5.309601135990936,5.351702823235321,CLEAR,0.5
3.62,0.6519427719693044,5.302085367638684,5.343283336084797,CLEAR,0.5
3.64,0.6616276737352853,5.295058419614589,5.334863967165459,CLEAR,0.5
3.66,0.6713985590819358,5.288019959307414,5.326417664215916,CLEAR,0.5
3.68,0.6812010611761194,5.280822673883659,5.31803852132211,CLEAR,0.5
3.7,0.6908890708651538,5.273341214296064,5.309601135990936,CLEAR,0.5
3.72,0.7003265698647686,5.2655883237163055,5.302085367638684,CLEAR,0.5
3.74,0.7095824468806247,5.257671634023126,5.295058419614589,CLEAR,0.5
3.76,0.7188854863708607,5.249604395655736,5.288019959307414,CLEAR,0.5
3.78,0.7284716803848129,5.241264554418179,5.280822673883659,CLEAR,0.5
3.8,0.7385304971296595,5.232548296921725,5.273341214296064,CLEAR,0.5
3.82,0.7489935864162873,5.223358819244584,5.2655883237163055,CLEAR,0.5
3.84,0.7597966671111461,5.2138095298652525,5.257671634023126,CLEAR,0.5
3.86,0.770850080935196,5.203961973822417,5.249604395655736,CLEAR,0.5
3.88,0.7819091509768619,5.193809644257178,5.241264554418179,CLEAR,0.5
3.9,0.7927542836515608,5.183899381856715,5.232548296921725,CLEAR,0.5
3.92,0.8029518065772857,5.174518285424024,5.223358819244584,CLEAR,0.5
3.94,0.8129508966436003,5.165752778887228,5.2138095298652525,CLEAR,0.5
3.96,0.8230504625938388,5.157272758455824,5.203961973822417,CLEAR,0.5
3.98,0.8331833959040755,5.148990867797719,5.193809644257178,CLEAR,0.5
4.0,0.8432721271692573,5.140910125386038,5.183899381856715,CLEAR,0.5
4.02,0.8533929899562923,5.133078834468529,5.174518285424024,CLEAR,0.5
4.04,0.8634437282390949,5.125428373006273,5.165752778887228,CLEAR,0.5
4.06,0.8733350969944826,5.118014094553169,5.157272758455824,CLEAR,0.5
4.08,0.8830924796044882,5.110941874860534,5.148990867797719,CLEAR,0.5
4.1,0.8928256581105244,5.104183571617679,5.140910125386038,CLEAR,0.5
4.12,0.9026604491357213,5.097639721271281,5.133078834468529,CLEAR,0.5
4.14,0.9126871629603335,5.0912056400389405,5.125428373006273,CLEAR,0.5
4.16,0.9228583064154475,5.084829807091688,5.118014094553169,CLEAR,0.5
4.18,0.9332363608406934,5.075008251208057,5.110941874860534,CLEAR,0.5
4.2,0.9426813033550588,5.059006871267933,5.104183571617679,CLEAR,0.5
4.22,0.9511203162246207,5.043508919005537,5.097639721271281,CLEAR,0.5
4.24,0.9591410621732823,5.0291064344352705,5.0912056400389405,CLEAR,0.5
4.26,0.9669908548956259,5.015090185452876,5.084829807091688,CLEAR,0.5
4.28,0.9747425855802094,5.001082097849287,5.075008251208057,CLEAR,0.5
4.3,0.9824548231154293,4.986921773989552,5.059006871267933,CLEAR,0.5
4.32,0.9900655118089037,4.972497707640331,5.043508919005537,CLEAR,0.5
4.34,0.9975826878757814,4.957854136125941,5.0291064344352705,CLEAR,0.5
4.36,1.0050521648986979,4.943007844699868,5.015090185452876,CLEAR,0.5
4.38,1.012578332824115,4.927978096758226,5.001082097849287,CLEAR,0.5
4.4,1.0202854407471205,4.912729280391219,4.986921773989552,CLEAR,0.5
4.42,1.028276042352355,4.8972041223888585,4.972497707640331,CLEAR,0.5
4.44,1.0366053157925255,4.8813433282844345,4.957854136125941,CLEAR,0.5
4.46,1.0453130773558914,4.865114950811947,4.943007844699868,CLEAR,0.5
4.48,1.054400105692241,4.848468806221888,4.927978096758226,CLEAR,0.5
4.5,1.063900581048359,4.831384496791162,4.912729280391219,CLEAR,0.5
4.52,1.073837761682139,4.813821563343315,4.8972041223888585,CLEAR,0.5
4.54,1.0842399480304652,4.795747635513347,4.8813433282844345,CLEAR,0.5
4.56,1.095140788795855,4.77712739685829,4.865114950811947,CLEAR,0.5
4.58,1.1065606855795003,4.757949585797434,4.848468806221888,CLEAR,0.5
4.6,1.1184080357090163,4.738190340683658,4.831384496791162,CLEAR,0.5
4.62,1.130225046250733,4.717921229965335,4.813821563343315,CLEAR,0.5
4.64,1.1415805610188559,4.697574011996384,4.795747635513347,CLEAR,0.5
4.66,1.1525476160108152,4.677890941828797,4.77712739685829,CLEAR,0.5
4.68,1.1638180842163788,4.658345320058809,4.757949585797434,CLEAR,0.5
4.7,1.1756686508372869,4.638658414991968,4.738190340683658,CLEAR,0.5
4.72,1.1877919123890202,4.6188703466281575,4.717921229965335,CLEAR,0.5
4.74,1.1997944537981007,4.59915303921609,4.697574011996384,CLEAR,0.5
4.76,1.211513326037316,4.579749665222813,4.677890941828797,CLEAR,0.5
4.78,1.2229136766689992,4.560700186228106,4.658345320058809,CLEAR,0.5
4.8,1.2340827924902327,4.542033638667345,4.638658414991968,CLEAR,0.5
4.82,1.245242862704904,4.523702125227555,4.6188703466281575,CLEAR,0.5
4.84,1.2565795344132193,4.505552373848788,4.59915303921609,CLEAR,0.5
4.86,1.2681626602690503,4.487430156087076,4.579749665222813,CLEAR,0.5
4.88,1.2798357192069796,4.469336828728108,4.560700186228106,CLEAR,0.5
4.9,1.2908823644531988,4.451321358228865,4.542033638667345,CLEAR,0.5
4.92,1.3009072148289662,4.433524499891928,4.523702125227555,CLEAR,0.5
4.94,1.310439667655556,4.416738165751571,4.505552373848788,CLEAR,0.5
4.96,1.3198734332261857,4.400475795295456,4.487430156087076,CLEAR,0.5
4.98,1.3293685266469515,4.384349886906293,4.469336828728108,CLEAR,0.5
5.0,1.3388575900404671,4.368087176362143,4.451321358228865,CLEAR,0.5
5.02,1.3481424524200256,4.351590051959854,4.433524499891928,CLEAR,0.5
5.04,1.357110107584842,4.334931886232976,4.416738165751571,CLEAR,0.5
5.06,1.3658646357215394,4.318229890947281,4.400475795295456,CLEAR,0.5
5.08,1.3746360026216013,4.301445153114288,4.384349886906293,CLEAR,0.5
5.1,1.3836691078299983,4.28445497834162,4.368087176362143,CLEAR,0.5
5.12,1.3930560940815164,4.267129671473327,4.351590051959854,CLEAR,0.5
5.14,1.402761104626341,4.249434844763079,4.334931886232976,CLEAR,0.5
5.16,1.412762120526934,4.2314615738800345,4.318229890947281,CLEAR,0.5
5.18,1.4228915392575774,4.213196439502681,4.301445153114288,CLEAR,0.5
5.2,1.433047626793425,4.194901704136928,4.28445497834162,CLEAR,0.5
5.22,1.442856376283903,4.176837190024917,4.267129671473327,CLEAR,0.5
5.24,1.4525178112140962,4.159571970245497,4.249434844763079,CLEAR,0.5
5.26,1.4623715550048968,4.142520983654854,4.2314615738800345,CLEAR,0.5
5.28,1.4724760703835023,4.1254454634865825,4.213196439502681,CLEAR,0.5
5.3,1.4826165493388959,4.1084393815746,4.194901704136928,CLEAR,0.5
5.32,1.4926475499648049,4.091665420142573,4.176837190024917,CLEAR,0.5
5.34,1.502602263722439,4.075240617791151,4.159571970245497,CLEAR,0.5
5.36,1.5124741453059773,4.059121944926945,4.142520983654854,CLEAR,0.5
5.38,1.5222598386297117,4.043304130547438,4.1254454634865825,CLEAR,0.5
5.4,1.5319810591085452,4.027759902786996,4.1084393815746,CLEAR,0.5
5.42,1.541713317569949,4.0124459845175,4.091665420142573,CLEAR,0.5
5.44,1.5515545357608325,3.9972664369688387,4.075240617791151,CLEAR,0.5
5.46,1.5615464167012336,3.9821291363292737,4.059121944926945,CLEAR,0.5
5.48,1.5716929643212705,3.9670242866485017,4.043304130547438,CLEAR,0.5
5.5,1.5820596932481263,3.9520315989909154,4.027759902786996,CLEAR,0.5
5.52,1.5916583167213243,3.9368528463227785,4.0124459845175,CLEAR,0.5
5.54,1.6003277260645918,3.922132494623229,3.9972664369688387,CLEAR,0.5
5.56,1.6085987622929927,3.9084237228529553,3.9821291363292737,CLEAR,0.5
5.58,1.6167583668215928,3.8950752865491234,3.9670242866485017,CLEAR,0.5
5.6,1.6248676452384956,3.8817067877667633,3.9520315989909154,CLEAR,0.5
5.62,1.632990519531361,3.8681949187934856,3.9368528463227785,CLEAR,0.5
5.64,1.6410626229484806,3.854439918344257,3.922132494623229,CLEAR,0.5
5.66,1.6490463945184548,3.840490473976886,3.9084237228529553,CLEAR,0.5
5.68,1.65700581564663,3.8264009712149005,3.8950752865491234,CLEAR,0.5
5.7,1.6650490589309814,3.8121503668385026,3.8817067877667633,CLEAR,0.5
5.72,1.6733127784799942,3.7976960033065184,3.8681949187934856,CLEAR,0.5
5.74,1.6818911833000203,3.7829518443374095,3.854439918344257,CLEAR,0.5
5.76,1.6908583625337057,3.7678697364901113,3.840490473976886,CLEAR,0.5
5.78,1.700267971411833,3.7524016726131215,3.8264009712149005,CLEAR,0.5
5.8,1.7101355023638856,3.736498798606778,3.8121503668385026,CLEAR,0.5
5.82,1.7204615880608356,3.72012556441317,3.7976960033065184,CLEAR,0.5
5.84,1.731279818385218,3.703255880938512,3.7829518443374095,CLEAR,0.5
5.86,1.742608246060165,3.685844969681346,3.7678697364901113,CLEAR,0.5
5.88,1.7544564372118576,3.667876460494548,3.7524016726131215,CLEAR,0.5
5.9,1.7665818556601964,3.6493332882691556,3.736498798606778,CLEAR,0.5
5.92,1.7783034822963983,3.6304226756941986,3.72012556441317,CLEAR,0.5
5.94,1.7894343372515378,3.6119322761137846,3.703255880938512,CLEAR,0.5
5.96,1.800452688988335,3.5939320494161375,3.685844969681346,CLEAR,0.5
5.98,1.811798074109284,3.5760279625651528,3.667876460494548,CLEAR,0.5
6.0,1.823383735953616,3.558052213529243,3.6493332882691556,CLEAR,0.5
6.02,1.8348852031503349,3.5400726750785356,3.6304226756941986,CLEAR,0.5
6.04,1.846114212475697,3.522353012589783,3.6119322761137846,CLEAR,0.5
6.06,1.857050778201127,3.5050270053320003,3.5939320494161375,CLEAR,0.5
6.08,1.8677480441709793,3.4881126903299333,3.5760279625651528,CLEAR,0.5
6.1,1.8783042492894189,3.4715604145132404,3.558052213529243,CLEAR,0.5
6.12,1.888928176866867,3.4552837730755046,3.5400726750785356,CLEAR,0.5
6.14,1.8998039919212066,3.439079033233233,3.522353012589783,CLEAR,0.5
6.16,1.9109445196078851,3.422814186253827,3.5050270053320003,CLEAR,0.5
6.18,1.9223766256525627,3.4065136704588825,3.4881126903299333,CLEAR,0.5
6.2,1.9327621795764833,3.3900123767225887,3.4715604145132404,CLEAR,0.5
6.22,1.9419699539123516,3.3742367592510485,3.4552837730755046,CLEAR,0.5
6.24,1.9507391284178657,3.3597345553074853,3.439079033233233,CLEAR,0.5
6.26,1.959391509771978,3.3457085032580407,3.422814186253827,CLEAR,0.5
6.28,1.9679944963325975,3.3317875034176025,3.4065136704588825,CLEAR,0.5
6.3,1.9766042512982185,3.3178094096307906,3.3900123767225887,CLEAR,0.5
6.32,1.9850829099877667,3.3036339659654046,3.3742367592510485,CLEAR,0.5
6.34,1.9933296861185053,3.2893704321074626,3.3597345553074853,CLEAR,0.5
6.36,2.00143326691069,3.2751491550500726,3.3457085032580407,CLEAR,0.5
6.38,2.009542685372369,3.2609267340217114,3.3317875034176025,CLEAR,0.5
6.4,2.0178873799767705,3.2465981990808324,3.3178094096307906,CLEAR,0.5
6.42,2.0266153204402166,3.232008425025424,3.3036339659654046,CLEAR,0.5
6.44,2.0357240587612697,3.2170329130321096,3.2893704321074626,CLEAR,0.5
6.46,2.0451478366164237,3.2016814306262167,3.2751491550500726,CLEAR,0.5
6.48,2.0548699537890105,3.186023932969508,3.2609267340217114,CLEAR,0.5
6.5,2.064791657752454,3.1700644233625233,3.2465981990808324,CLEAR,0.5
6.52,2.074563168701464,3.1538635298245103,3.232008425025424,CLEAR,0.5
6.54,2.0843617025112167,3.1380405867403884,3.2170329130321096,CLEAR,0.5
6.56,2.0940478648804133,3.122273303901229,3.2016814306262167,CLEAR,0.5
6.58,2.1040114056914234,3.1069563472672406,3.186023932969508,CLEAR,0.5
6.6,2.1143706204567723,3.0915308522595932,3.1700644233625233,CLEAR,0.5
6.62,2.124927098675485,3.07593138879623,3.1538635298245103,CLEAR,0.5
6.64,2.1354511596451675,3.0603793482386723,3.1380405867403884,CLEAR,0.5
6.66,2.145808936277063,3.0450709795547715,3.122273303901229,CLEAR,0.5
6.68,2.1560366752097426,3.0301177235482726,3.1069563472672406,CLEAR,0.5
6.7,2.1661595620404066,3.015477064897956,3.0915308522595932,CLEAR,0.5
6.72,2.1761887750176236,3.0011105281420623,3.07593138879623,CLEAR,0.5
6.74,2.1861945702928245,2.9869857116822396,3.0603793482386723,CLEAR,0.5
6.76,2.196295629788433,2.973010906566651,3.0450709795547715,CLEAR,0.5
6.78,2.206557584108208,2.9590594935061563,3.0301177235482726,CLEAR,0.5
6.8,2.216992963325576,2.9450557116005243,3.015477064897956,CLEAR,0.5
6.82,2.2276133510463483,2.931014313271585,3.0011105281420623,CLEAR,0.5
6.84,2.238291417187803,2.9169432315489883,2.9869857116822396,CLEAR,0.5
6.86,2.2478314280727654,2.9027511997889346,2.973010906566651,CLEAR,0.5
6.88,2.256670080483158,2.8896115317709086,2.9590594935061563,CLEAR,0.5
6.9,2.2654225343231924,2.8772605893940395,2.9450557116005243,CLEAR,0.5
6.92,2.274199156480594,2.8650002706366173,2.931014313271585,CLEAR,0.5
6.94,2.2829528968990638,2.8526656433856905,2.9169432315489883,CLEAR,0.5
6.96,2.2917113083730514,2.8402688734006727,2.9027511997889346,CLEAR,0.5
6.98,2.3003516676353963,2.827747952230487,2.8896115317709086,CLEAR,0.5
7.0,2.3088610009955457,2.815231673852662,2.8772605893940395,CLEAR,0.5
7.02,2.3173612697247514,2.8027605057772575,2.8650002706366173,CLEAR,0.5
7.04,2.3260141352903103,2.790245406683106,2.8526656433856905,CLEAR,0.5
7.06,2.3349849577014745,2.7775634856577947,2.8402688734006727,CLEAR,0.5
7.08,2.3443880676899695,2.7645844103057056,2.827747952230487,CLEAR,0.5
7.1,2.3542704621975754,2.751213424430824,2.815231673852662,CLEAR,0.5
7.12,2.364647090877748,2.7374100941845283,2.8027605057772575,CLEAR,0.5
7.14,2.3754546321936663,2.723150390247233,2.790245406683106,CLEAR,0.5
7.16,2.3866981779095995,2.7084842513024383,2.7775634856577947,CLEAR,0.5
7.18,2.398421012171748,2.6934026131808424,2.7645844103057056,CLEAR,0.5
7.2,2.410438515662093,2.6778603439889364,2.751213424430824,CLEAR,0.5
7.22,2.4221398226025777,2.662029466675888,2.7374100941845283,CLEAR,0.5
7.24,2.433355512994804,2.6466073284497433,2.723150390247233,CLEAR,0.5
7.26,2.4442581502668896,2.6317720388531165,2.7084842513024383,CLEAR,0.5
7.28,2.455278404277797,2.617266982471612,2.6934026131808424,CLEAR,0.5
7.3,2.4664963998279212,2.6027860930667215,2.6778603439889364,CLEAR,0.5
7.32,2.4777212232417987,2.588282953054531,2.662029466675888,CLEAR,0.5
7.34,2.4887975651543526,2.573931604834852,2.6466073284497433,CLEAR,0.5
7.36,2.4996618528115544,2.559867879415329,2.6317720388531165,CLEAR,0.5
7.38,2.510305351343483,2.5461412265044356,2.617266982471612,CLEAR,0.5
7.4,2.5207562561382626,2.5327607361301414,2.6027860930667215,CLEAR,0.5
7.42,2.531193513035934,2.5196848263167353,2.588282953054531,CLEAR,0.5
7.44,2.5417854341160537,2.506742614019232,2.573931604834852,CLEAR,0.5
7.46,2.5526726946757656,2.493760384678492,2.559867879415329,CLEAR,0.5
7.48,2.5638116276624774,2.480612765139774,2.5461412265044356,CLEAR,0.5
7.5,2.57467465024434,2.467337361008126,2.5327607361301414,CLEAR,0.5
7.52,2.584061184194141,2.4543089284948003,2.5196848263167353,CLEAR,0.5
7.54,2.59269174408411,2.44284237921535,2.506742614019232,CLEAR,0.5
7.56,2.601195457346403,2.432236972371254,2.493760384678492,CLEAR,0.5
7.58,2.6096529258396033,2.4218182241681236,2.480612765139774,CLEAR,0.5
7.6,2.6180790102268916,2.411484017958883,2.467337361008126,CLEAR,0.5
7.62,2.626475862374073,2.4011984553641352,2.4543089284948003,CLEAR,0.5
7.64,2.6346863791417987,2.390945885501975,2.44284237921535,CLEAR,0.5
7.66,2.6426853128657566,2.380900670757854,2.432236972371254,CLEAR,0.5
7.68,2.6506213061916886,2.371107601892574,2.4218182241681236,CLEAR,0.5
7.7,2.658655528653388,2.361441144013412,2.411484017958883,CLEAR,0.5
7.72,2.666951435747823,2.351757305825432,2.4011984553641352,CLEAR,0.5
7.74,2.6756185734129216,2.341906669646441,2.390945885501975,CLEAR,0.5
7.76,2.6846827483211917,2.3317888225055126,2.380900670757854,CLEAR,0.5
7.78,2.694095875604865,2.3213829437631666,2.371107601892574,CLEAR,0.5
7.8,2.703850062240753,2.3107411011527965,2.361441144013412,CLEAR,0.5
7.82,2.7139758168349806,2.299879375363193,2.351757305825432,CLEAR,0.5
7.84,2.7244320057207316,2.288773923933138,2.341906669646441,CLEAR,0.5
7.86,2.7346951562993067,2.277469995666177,2.3317888225055126,CLEAR,0.5
7.88,2.7448165672580824,2.26652365406945,2.3213829437631666,CLEAR,0.5
7.9,2.7548706549242796,2.2558706487575835,2.3107411011527965,CLEAR,0.5
7.92,2.765200349773155,2.2454430893104838,2.299879375363193,CLEAR,0.5
7.94,2.7759759631637686,2.235053002816441,2.288773923933138,CLEAR,0.5
7.96,2.787007973289933,2.224257134219479,2.277469995666177,CLEAR,0.5
7.98,2.798055631426061,2.2132131532793875,2.26652365406945,CLEAR,0.5
8.0,2.8090076732448472,2.202161238107737,2.2558706487575835,CLEAR,0.5
8.02,2.819835179951294,2.191210881808249,2.2454430893104838,CLEAR,0.5
8.04,2.8305050172651973,2.180391095738234,2.235053002816441,CLEAR,0.5
8.06,2.841041869624157,2.16973467333718,2.224257134219479,CLEAR,0.5
8.08,2.8515524559100287,2.159216647213445,2.2132131532793875,CLEAR,0.5
8.1,2.862160509518419,2.148730511869633,2.202161238107737,CLEAR,0.5
8.12,2.8729249340150567,2.138152888694567,2.191210881808249,CLEAR,0.5
8.14,2.883867492455268,2.1274247183960067,2.180391095738234,CLEAR,0.5
8.16,2.894907712648374,2.11652662212477,2.16973467333718,CLEAR,0.5
8.18,2.905325004635094,2.1055398802398315,2.159216647213445,CLEAR,0.5
8.2,2.9146650753781946,2.095161154839332,2.148730511869633,CLEAR,0.5
8.22,2.9235788287993776,2.085869359086809,2.138152888694567,CLEAR,0.5
8.24,2.932583521939463,2.077012102815681,2.1274247183960067,CLEAR,0.5
8.26,2.9416421505062806,2.0680647353586283,2.11652662212477,CLEAR,0.5
8.28,2.950681016514293,2.05905844846329,2.1055398802398315,CLEAR,0.5
8.3,2.9596564861447736,2.0500608897624,2.095161154839332,CLEAR,0.5
8.32,2.9684226782841847,2.0411121680057702,2.085869359086809,CLEAR,0.5
8.34,2.9770159793950604,2.032359105579079,2.077012102815681,CLEAR,0.5
8.36,2.985606039608825,2.023765789859256,2.0680647353586283,CLEAR,0.5
8.38,2.99442742760701,2.0151648487046394,2.05905844846329,CLEAR,0.5
8.4,3.0036418564468295,2.0063253124807088,2.0500608897624,CLEAR,0.5
8.42,3.013305404247856,1.9970873886866993,2.0411121680057702,CLEAR,0.5
8.44,3.023387335360217,1.9873962244925178,2.032359105579079,CLEAR,0.5
8.46,3.0338298404105113,1.9772829611226548,2.023765789859256,CLEAR,0.5
8.48,3.04467216197325,1.9668053126829117,2.0151648487046394,CLEAR,0.5
8.5,3.0558386983247066,1.9559236516178562,2.0063253124807088,CLEAR,0.5
8.52,3.0669008560819266,1.9447121060796504,1.9970873886866993,SLOW,0.4987864119527914
8.54,3.077683928936993,1.9336126352789773,1.9873962244925178,SLOW,0.4947484268718824
8.56,3.0878933825472874,1.9227979598878517,1.9772829611226548,SLOW,0.4905345671344395
8.58,3.0981094965175946,1.9125591503818793,1.9668053126829117,SLOW,0.4861688802845465
8.6,3.108590834230611,1.9023197724269707,1.9559236516178562,SLOW,0.4816348548407734
8.62,3.119216918808009,1.891826624876815,1.9447121060796504,SLOW,0.4769633775331877
8.64,3.129785000494505,1.8811985753319111,1.9336126352789773,SLOW,0.47233859803290723
8.66,3.1402316925260307,1.8706363775582502,1.9227979598878517,SLOW,0.46783248328660487
8.68,3.1504206477411794,1.8602022784734762,1.9125591503818793,SLOW,0.46356631265911635
8.7,3.1603498473466547,1.8500316142261313,1.9023197724269707,SLOW,0.4592999051779045
8.72,3.1701542035925794,1.8401275241382131,1.891826624876815,SLOW,0.45492776036533955
8.74,3.1799750536961415,1.830356308135874,1.8811985753319111,SLOW,0.45049940638829633
8.76,3.1899278612826305,1.8205769326747328,1.8706363775582502,SLOW,0.44609849064927093
8.78,3.1999946320980333,1.8106744748710706,1.8602022784734762,SLOW,0.44175094936394843
8.8,3.210335300317521,1.8006720590804457,1.8500316142261313,SLOW,0.43751317259422134
8.82,3.2200539931824523,1.7904059702877582,1.8401275241382131,SLOW,0.43338646839092215
8.84,3.2284533291338313,1.7807447423800113,1.830356308135874,SLOW,0.4293151283899475
8.86,3.236276023657617,1.772420907353384,1.8205769326747328,SLOW,0.425240388614472
8.88,3.24401790710046,1.764683797283845,1.8106744748710706,SLOW,0.42111436452961276
8.9,3.2516820120290495,1.7570264298664127,1.8006720590804457,SLOW,0.416946691283519
8.92,3.259278953787961,1.7494394526312944,1.7904059702877582,SLOW,0.4126691542865659
8.94,3.2667709718598252,1.7419038529600315,1.7807447423800113,SLOW,0.4086436426583381
8.96,3.2740775781608633,1.734453144273812,1.772420907353384,SLOW,0.40517537806391
8.98,3.281259212749622,1.7271690572031078,1.764683797283845,SLOW,0.40195158220160204
9.0,3.2884336343485745,1.7199918746247584,1.7570264298664127,SLOW,0.3987610124443386
9.02,3.2957611923745525,1.712807674978436,1.7494394526312944,SLOW,0.395599771929706
9.04,3.3033600589545737,1.7054596298401508,1.7419038529600315,SLOW,0.39245993873334645
9.06,3.3113185914434005,1.6978335906639959,1.734453144273812,SLOW,0.389355476780755
9.08,3.3196632899639904,1.6898414918331968,1.7271690572031078,SLOW,0.3863204405012949
9.1,3.328346739824068,1.6814559407166256,1.7199918746247584,SLOW,0.38332994776031604
9.12,3.337358875566344,1.672723311003416,1.712807674978436,SLOW,0.380336531241015
9.14,3.3467467268564586,1.663654007590823,1.7054596298401508,SLOW,0.3772748457667295
9.16,3.356526976570829,1.6542015878747713,1.6978335906639959,SLOW,0.3740973294433316
9.18,3.3665370999589213,1.6443500836864113,1.6898414918331968,SLOW,0.370767288263832
9.2,3.3763947154241603,1.6342634563090084,1.6814559407166256,SLOW,0.36727330863192736
9.22,3.3860862108063405,1.6243400301258226,1.672723311003416,SLOW,0.36363471291809
9.24,3.395391826698967,1.6145928056115018,1.663654007590823,SLOW,0.35985583649617625
9.26,3.4046736237084603,1.605237376729119,1.6542015878747713,SLOW,0.35591732828115474
9.28,3.4142505613806327,1.595913867222845,1.6443500836864113,SLOW,0.35181253486933806
9.3,3.423952133052823,1.5863105198408443,1.6342634563090084,SLOW,0.3476097734620868
9.32,3.4335384563035456,1.5765963404428591,1.6243400301258226,SLOW,0.3434750125524261
9.34,3.4428622310814294,1.567006469289404,1.6145928056115018,SLOW,0.3394136690047924
9.36,3.4518383791591076,1.5576849174064478,1.605237376729119,SLOW,0.3355155736371329
9.38,3.4605751910480245,1.5487161842183084,1.595913867222845,SLOW,0.33163077800951873
9.4,3.46928914189501,1.5399922543166027,1.5863105198408443,SLOW,0.32762938326701846
9.42,3.4781119109873653,1.5312988087175885,1.5765963404428591,SLOW,0.32358180851785795
9.44,3.4870487187143393,1.5225049884699542,1.567006469289404,SLOW,0.31958602887058496
9.46,3.4960684111391207,1.513607466203551,1.5576849174064478,SLOW,0.3157020489193532
9.48,3.5047263129174255,1.5046359937521556,1.5487161842183084,SLOW,0.31196507675762847
9.5,3.5122515899180784,1.4960141544579781,1.5399922543166027,SLOW,0.3083301059652511
9.52,3.5192665529692335,1.4885480988288045,1.5312988087175885,SLOW,0.3047078369656619
9.54,3.5262880545662485,1.4815999150331725,1.5225049884699542,SLOW,0.3010437451958142
9.56,3.533317604928338,1.4746416711089971,1.513607466203551,SLOW,0.2973364442514796
9.58,3.5402909084466043,1.467664823115771,1.5046359937521556,SLOW,0.29359833073006486
9.6,3.547105515837282,1.460726402916898,1.4960141544579781,SLOW,0.29000589769082424
9.62,3.5537047920452403,1.4539279665472222,1.4885480988288045,SLOW,0.28689504117866854
9.64,3.5601675974263123,1.4473247371220053,1.4815999150331725,SLOW,0.2839999645971552
9.66,3.5667182833277598,1.4408405288211992,1.4746416711089971,SLOW,0.28110069629541545
9.68,3.573475514084417,1.434256148304019,1.467664823115771,SLOW,0.2781936762982379
9.7,3.5804565645497335,1.4274570800054083,1.460726402916898,SLOW,0.27530266788204083
9.72,3.587679072266536,1.4204285766969331,1.4539279665472222,SLOW,0.2724699860613426
9.74,3.5951688256557435,1.4131542163380788,1.4473247371220053,SLOW,0.2697186404675022
9.76,3.6028851418106074,1.405608050031652,1.4408405288211992,SLOW,0.26701688700883297
9.78,3.610677241127474,1.3978301426455175,1.434256148304019,SLOW,0.2642733951266746
9.8,3.6185904242684233,1.389985072806841,1.4274570800054083,SLOW,0.26144045000225347
9.82,3.626191580757389,1.382032308502134,1.4204285766969331,SLOW,0.25851190695705545
9.84,3.6334731486145317,1.3744100694123014,1.4131542163380788,SLOW,0.2554809234741995
9.86,3.6405616373683625,1.3671102542017166,1.405608050031652,SLOW,0.2523366875131883
9.88,3.6476318648329307,1.3600125785610753,1.3978301426455175,SLOW,0.24909589276896563
9.9,3.654606241854916,1.3529439666937852,1.389985072806841,SLOW,0.2458271136695171
9.92,3.6614227661054106,1.3459778141139738,1.382032308502134,SLOW,0.24251346187588915
9.94,3.66804366982409,1.3391741056303814,1.3744100694123014,SLOW,0.23933752892179222
9.96,3.6745657584537015,1.3325708297956151,1.3671102542017166,SLOW,0.23629593925071524
9.98,3.6810759303552003,1.3260727774880847,1.3600125785610753,SLOW,0.23333857440044803
10.0,3.6876261597327753,1.3195958357757513,1.3529439666937852,SLOW,0.23039331945574384
10.02,3.6943010259745908,1.3130912221405593,1.3459778141139738,SLOW,0.2274907558808224
10.04,3.701242221550244,1.3064751736691278,1.3391741056303814,SLOW,0.22465587734599224
10.06,3.7076010720259664,1.2995810809635275,1.3325708297956151,SLOW,0.22190451241483963
10.08,3.713272465713133,1.293287657522282,1.3260727774880847,SLOW,0.21919699062003528
10.1,3.7186897565627257,1.287694668241476,1.3195958357757513,SLOW,0.21649826490656304
10.12,3.7240387780212805,1.28235387812088,1.3130912221405593,SLOW,0.21378800922523303
10.14,3.7293759974895844,1.2770705374111329,1.3064751736691278,SLOW,0.21103132236213656
10.16,3.7346914935648123,1.2717828349196625,1.2995810809635275,SLOW,0.20815878373480312
10.18,3.739975836119269,1.2664991318435366,1.293287657522282,SLOW,0.2055365239676175
10.2,3.745288659155895,1.2612260704513352,1.287694668241476,SLOW,0.20320611176728168
10.22,3.7507134191087332,1.2559057948274208,1.28235387812088,SLOW,0.2009807825503667
10.24,3.7562247231460826,1.2504586740756964,1.2770705374111329,SLOW,0.198779390587972
10.26,3.761851081120988,1.2449147673489755,1.2717828349196625,SLOW,0.19657618121652604
10.28,3.767646673945329,1.2392479974096542,1.2664991318435366,SLOW,0.19437463826814022
10.3,3.7736329736391605,1.2334049797952638,1.2612260704513352,SLOW,0.192177529354723
10.32,3.7797689420099005,1.2273644891160862,1.2559057948274208,SLOW,0.18996074784475867
10.34,3.7860908929531316,1.2211716484215847,1.2504586740756964,SLOW,0.18769111419820683
10.36,3.7924714528717,1.214804421744658,1.2449147673489755,SLOW,0.18538115306207315
10.38,3.7985391284960666,1.2084105937376204,1.2392479974096542,SLOW,0.18301999892068924
10.4,3.80400911539436,1.2023284581992741,1.2334049797952638,SLOW,0.18058540824802655
10.42,3.8091020501555115,1.1968445845192102,1.2273644891160862,SLOW,0.17806853713170256
10.44,3.813941496581487,1.1917446813561743,1.2211716484215847,SLOW,0.17548818684232692
10.46,3.8185628845796074,1.1869053271410466,1.214804421744658,SLOW,0.17283517572694085
10.48,3.823019407531546,1.1822865977417008,1.2084105937376204,SLOW,0.1701710807240085
10.5,3.827399905886399,1.1778349257315943,1.2023284581992741,SLOW,0.16763685758303087
10.52,3.831827163543215,1.1734639765277588,1.1968445845192102,SLOW,0.16535191021633755
10.54,3.8365467053671813,1.169056568788803,1.1917446813561743,SLOW,0.1632269505650726
10.56,3.841812075429994,1.1643562783578036,1.1869053271410466,SLOW,0.16121055297543607
10.58,3.846793410829855,1.1591173975795028,1.1822865977417008,SLOW,0.1592860823923753
10.6,3.8513359652758714,1.1541748027761802,1.1778349257315943,SLOW,0.15743121905483096
10.62,3.8557405049970277,1.1496773270810645,1.1734639765277588,SLOW,0.1556099902198995
10.64,3.860049967861612,1.145314744208584,1.169056568788803,SLOW,0.15377357032866792
10.66,3.8643107830626926,1.1410357628858228,1.1643562783578036,SLOW,0.15181511598241818
10.68,3.8685542371578943,1.1367897879243292,1.1591173975795028,SLOW,0.1496322489914595
10.7,3.8728810882361726,1.1325452979349135,1.1541748027761802,SLOW,0.14757283449007508
10.72,3.8773356092401583,1.1282004433786865,1.1496773270810645,SLOW,0.14569888628377686
10.74,3.881888504657355,1.123712869835823,1.145314744208584,SLOW,0.14388114342024333
10.76,3.8865903602171894,1.1191161114559234,1.1410357628858228,SLOW,0.14209823453575948
10.78,3.8914765540560134,1.114361755247771,1.1367897879243292,SLOW,0.1403290783018038
10.8,3.8965535559615994,1.1094166502435605,1.1325452979349135,SLOW,0.13856054080621397
10.82,3.9017362874339074,1.1042769998362618,1.1282004433786865,SLOW,0.13675018474111938
10.84,3.907120342913959,1.0990478137048243,1.123712869835823,SLOW,0.1348803624315929
10.86,3.912219413907037,1.0936533124410763,1.1191161114559234,SLOW,0.13296504643996807
10.88,3.916736024918453,1.0885394208751469,1.114361755247771,SLOW,0.1309840646865712
10.9,3.920894134389483,1.084008380090267,1.1094166502435605,SLOW,0.1289236042681502
10.92,3.924766569412247,1.0798406053248342,1.1042769998362618,SLOW,0.1267820832651091
10.94,3.9284574149233937,1.0759612897858049,1.0990478137048243,SLOW,0.12460325571034345
10.96,3.932047566059329,1.0722635051975966,1.0936533124410763,SLOW,0.12235554685044846
10.98,3.93564332762033,1.0686680784405111,1.0885394208751469,SLOW,0.12022475869797786
11.0,3.939431703402411,1.0650718249142255,1.084008380090267,SLOW,0.1183368250376112
11.02,3.943592727530402,1.0612843256451816,1.0798406053248342,SLOW,0.1166002522186809
11.04,3.9477254839422704,1.0571220862794604,1.0759612897858049,SLOW,0.11498387074408534
11.06,3.951739409893481,1.0530001019679271,1.0722635051975966,SLOW,0.11344312716566524
11.08,3.9557199154996705,1.0490017281684103,1.0686680784405111,SLOW,0.1119450326835463
11.1,3.959678858655764,1.0450359910181153,1.0650718249142255,SLOW,0.1104465937142606
11.12,3.9634968812523894,1.0410855958996772,1.0612843256451816,SLOW,0.10886846901882566
11.14,3.9672203647228255,1.0372656418044774,1.0571220862794604,SLOW,0.1071342026164418
11.16,3.9709669479720597,1.0335266815666537,1.0530001019679271,SLOW,0.10541670915330296
11.18,3.9747897824082155,1.029751494605923,1.0490017281684103,SLOW,0.10375072007017094
11.2,3.978722064443745,1.0258882753698881,1.0450359910181153,SLOW,0.10209832959088136
11.22,3.9827939619140365,1.021906812291225,1.0410855958996772,SLOW,0.10045233162486548
11.24,3.9870107579146907,1.0177795901512854,1.0372656418044774,SLOW,0.09886068408519892
11.26,3.9912740883050337,1.0135048042174708,1.0335266815666537,SLOW,0.0973027839861057
11.28,3.9957493923792793,1.0092025471573605,1.029751494605923,SLOW,0.09572978941913456
11.3,3.999879699195087,1.0047191730206182,1.0258882753698881,SLOW,0.09412011473745338
11.32,4.00346780800634,1.0005771098631955,1.021906812291225,SLOW,0.09246117178801037
11.34,4.00675579607836,0.9969790211363392,1.0177795901512854,SLOW,0.0907414958963689
11.36,4.009797064524859,0.9936855483771558,1.0135048042174708,SLOW,0.08896033509061282
11.38,4.012690633835075,0.9906402821329675,1.0092025471573605,SLOW,0.08716772798223352
11.4,4.015549685893711,0.987741394799661,1.0047191730206182,SLOW,0.08529965542525757
11.42,4.018624662996322,0.9848766294720955,1.0005771098631955,SLOW,0.08357379577633144
11.44,4.0218818557685045,0.9817971212467231,0.9969790211363392,SLOW,0.08207459214014132
11.46,4.025144479210283,0.9785307557468093,0.9936855483771558,SLOW,0.08070231182381492
11.48,4.028319294723514,0.9752599634105099,0.9906402821329675,SLOW,0.07943345088873645
11.5,4.031535054525328,0.9720846361378304,0.987741394799661,SLOW,0.07822558116652542
11.52,4.034819061587315,0.9688731122471798,0.9848766294720955,SLOW,0.07703192894670646
11.54,4.038046626077189,0.9655926445336377,0.9817971212467231,SLOW,0.07574880051946796
11.56,4.041146954605624,0.9623628065727501,0.9785307557468093,SLOW,0.07438781489450384
11.58,4.044210981303564,0.9592515528304711,0.9752599634105099,SLOW,0.07302498475437912
11.6,4.047315587649837,0.9561681052001266,0.9720846361378304,SLOW,0.07170193172409597
11.62,4.050505867053965,0.953035883891466,0.9688731122471798,SLOW,0.07036379676965822
11.64,4.053824852711053,0.9498117789475803,0.9655926445336377,SLOW,0.06899693522234902
11.66,4.0572893458052945,0.9464547071594323,0.9623628065727501,SLOW,0.06765116940531252
11.68,4.060788917651936,0.9429504131276784,0.9592515528304711,SLOW,0.06635481367936297
11.7,4.064420385374356,0.9394319922760004,0.9561681052001266,SLOW,0.06507004383338608
11.72,4.067642888688867,0.9357948572800486,0.953035883891466,SLOW,0.06376495162144415
11.74,4.070393330987653,0.9325667245075868,0.9498117789475803,SLOW,0.06242157456149177
11.76,4.072920035667931,0.9298126787482344,0.9464547071594323,SLOW,0.06102279464976342
11.78,4.075276714253223,0.9272849854023957,0.9429504131276784,SLOW,0.05956267213653263
11.8,4.077572402579626,0.924927638499314,0.9394319922760004,SLOW,0.058096663448333474
11.82,4.079992905218169,0.9226295655232671,0.9357948572800486,SLOW,0.05658119053335358
11.84,4.082676294808854,0.920205205663098,0.9325667245075868,SLOW,0.055236135211494494
11.86,4.085085295687746,0.9175172418670776,0.9298126787482344,SLOW,0.054088616145097634
11.88,4.087306789710873,0.9151006651430639,0.9272849854023957,SLOW,0.05303541058433152
11.9,4.089743306548226,0.9128758628278324,0.924927638499314,SLOW,0.0520531827080475
11.92,4.092490002962323,0.9104391758327862,0.9226295655232671,SLOW,0.05109565230136129
11.94,4.095365377562951,0.9076932071679974,0.920205205663098,SLOW,0.05008550235962417
11.96,4.098175044965335,0.9048160136819531,0.9175172418670776,SLOW,0.04896551744461566
11.98,4.100914646145506,0.9019986202392257,0.9151006651430639,SLOW,0.0479586104762766
12.0,4.103679644459413,0.8992451355197226,0.9128758628278324,SLOW,0.047031609511596816
12.02,4.106541658861221,0.8964612441623324,0.9104391758327862,SLOW,0.04601632326366091
12.04,4.109540237316196,0.8935771215678016,0.9076932071679974,SLOW,0.04487216965333223
12.06,4.112709058191655,0.8905550258702087,0.9048160136819531,SLOW,0.0436733390341471
12.08,4.115968984136277,0.8873635356613505,0.9019986202392257,SLOW,0.04249942509967737
12.1,4.119061549149658,0.8840977676426329,0.8992451355197226,SLOW,0.04135213979988441
12.12,4.121595923284588,0.8810035368224697,0.8964612441623324,SLOW,0.04019218506763849
12.14,4.12376669116496,0.8784660674482078,0.8935771215678016,SLOW,0.0389904673199173
12.16,4.125752765965693,0.8762932547262492,0.8905550258702087,SLOW,0.03773126077925362
12.18,4.127637161040833,0.8743072380796193,0.8873635356613505,SLOW,0.03640147319222936
12.2,4.129647270598036,0.8724229838428368,0.8840977676426329,SLOW,0.0350407365177637
12.22,4.131932326341853,0.8704120443288351,0.8810035368224697,SLOW,0.033751473676029015
12.24,4.134314492400491,0.868124496722769,0.8784660674482078,SLOW,0.03269419477008655
12.26,4.136174735453988,0.865740942377547,0.8762932547262492,SLOW,0.03178885613593715
12.28,4.137987656671604,0.8638737879017063,0.8743072380796193,SLOW,0.030961349199841358
12.3,4.1402801280405015,0.862057783998758,0.8724229838428368,SLOW,0.030176243267848644
12.32,4.142936194498611,0.8597646422825151,0.8704120443288351,SLOW,0.029338351803681283
12.34,4.145628514213796,0.857108214284392,0.868124496722769,SLOW,0.028385206967820414
12.36,4.1481623682747815,0.85441326867951,0.865740942377547,SLOW,0.02739205932397788
12.38,4.150609528683239,0.851873861621256,0.8638737879017063,SLOW,0.026614078292377618
12.4,4.153051674472918,0.8494188747434303,0.862057783998758,SLOW,0.025857409999482477
12.42,4.1556117972442035,0.8469679309537664,0.8597646422825151,SLOW,0.024901934284381293
12.44,4.158372372045145,0.8443993935887232,0.857108214284392,SLOW,0.02379508928516331
12.46,4.1612834929599085,0.841632469267741,0.85441326867951,SLOW,0.02267219528312913
12.48,4.1639409818153545,0.8387202321532485,0.851873861621256,SLOW,0.02161410900885665
12.5,4.166025547090462,0.8360627169294329,0.8494188747434303,SLOW,0.02059119780976259
12.52,4.167707770817472,0.8339779862409031,0.8469679309537664,SLOW,0.019569971230735998
12.54,4.169206401614606,0.8322957904556243,0.8443993935887232,SLOW,0.01849974732863464
12.56,4.170587398136989,0.8307976953428136,0.841632469267741,SLOW,0.017346862194892086
12.58,4.172068179050514,0.8294174491408817,0.8387202321532485,SLOW,0.016133430063853538
12.6,4.173767238188871,0.8279374093785673,0.8360627169294329,SLOW,0.015026132053930358
12.62,4.175645208069012,0.826238790922089,0.8339779862409031,SLOW,0.014157494267042955
12.64,4.177052864075263,0.8243616180155361,0.8322957904556243,SLOW,0.013456579356510106
12.66,4.178104484768103,0.8229542927833022,0.8307976953428136,SLOW,0.01283237305950563
12.68,4.179631988374105,0.8219021126105348,0.8294174491408817,SLOW,0.012257270475367343
12.7,4.181758178815737,0.8203753587174791,0.8279374093785673,SLOW,0.011640587241069691
12.72,4.184139124392843,0.8182504203656339,0.826238790922089,SLOW,0.010932829550870382
12.74,4.186484508719618,0.815870188715948,0.8243616180155361,SLOW,0.01015067417314002
12.76,4.188726145921328,0.8135239384180135,0.8229542927833022,SLOW,0.009564288659709246
12.78,4.190913463828504,0.8112799914178145,0.8219021126105348,SLOW,0.009125880254389485
12.8,4.19319169126954,0.8090897916208776,0.8203753587174791,SLOW,0.00848973279894962
12.82,4.1956429223667975,0.8068091862718673,0.8182504203656339,SLOW,0.007604341819014103
12.84,4.198334770620768,0.8043570810508586,0.815870188715948,SLOW,0.006612578631644966
12.86,4.200818864947846,0.8016654558059069,0.8135239384180135,SLOW,0.0056349743408389465
12.88,4.202762013277942,0.799181207989724,0.8112799914178145,SLOW,0.00469999642408935
12.9,4.204216291043558,0.7972380021055733,0.8090897916208776,SLOW,0.0037874131753656377
12.92,4.205458400836749,0.7957837093940713,0.8068091862718673,SLOW,0.002837160946611341
12.94,4.206654128217517,0.7945416572344416,0.8043570810508586,SLOW,0.0018154504378577185
12.96,4.207888996725696,0.793346153199917,0.8016654558059069,SLOW,0.0006939399191278433
12.98,4.209342427191186,0.7921116748721041,0.799181207989724,STOP,0.0
13.0,4.210797053043206,0.7906587019111562,0.7972380021055733,STOP,0.0
13.02,4.211886659182249,0.7892049849015357,0.7957837093940713,STOP,0.0
13.04,4.212630272202611,0.788116812910427,0.7945416572344416,STOP,0.0
13.06,4.213839293670549,0.7873724749930163,0.793346153199917,STOP,0.0
13.08,4.215741533423388,0.7861638036438298,0.7921116748721041,STOP,0.0
13.1,4.218022542168243,0.78426267387934,0.7906587019111562,STOP,0.0
13.12,4.220280109022293,0.7819825064798293,0.7892049849015357,STOP,0.0
13.14,4.222415092452542,0.779724644591476,0.788116812910427,STOP,0.0
13.16,4.224488597608368,0.7775883436249311,0.7873724749930163,STOP,0.0
13.18,4.226657945725738,0.7755131326509793,0.7861638036438298,STOP,0.0
13.2,4.229073538716621,0.7733424188787421,0.78426267387934,STOP,0.0
13.22,4.231641456461994,0.7709264867032435,0.7819825064798293,STOP,0.0
13.24,4.233896484098225,0.7683585464909791,0.779724644591476,STOP,0.0
13.26,4.235564970827724,0.7661035729961189,0.7775883436249311,STOP,0.0
13.28,4.236750108742768,0.7644352118685802,0.7755131326509793,STOP,0.0
13.3,4.2377385072164815,0.7632503282022454,0.7733424188787421,STOP,0.0
13.32,4.23861026097086,0.7622625385320636,0.7709264867032435,STOP,0.0
13.34,4.2395059204449606,0.7613919810110992,0.7683585464909791,STOP,0.0
13.36,4.240641875263793,0.7604982494843874,0.7661035729961189,STOP,0.0
13.38,4.242093357629558,0.7593650055065209,0.7644352118685802,STOP,0.0
13.4,4.243326973825037,0.7579173435303581,0.7632503282022454,STOP,0.0
13.42,4.244071484018502,0.7566896340541444,0.7622625385320636,STOP,0.0
13.44,4.2450643502886445,0.7559470406203008,0.7613919810110992,STOP,0.0
13.46,4.2467496496973345,0.7549566325484208,0.7604982494843874,STOP,0.0
13.48,4.248918638338803,0.7532774308063394,0.7593650055065209,STOP,0.0
13.5,4.251134046326065,0.7511151205292237,0.7579173435303581,STOP,0.0
13.52,4.253184250177498,0.7489036485257587,0.7566896340541444,STOP,0.0
13.54,4.255155286886696,0.7468538674363233,0.7559470406203008,STOP,0.0
13.56,4.25719656242671,0.7448799677581712,0.7549566325484208,STOP,0.0
13.58,4.259438625371894,0.7428335623030643,0.7532774308063394,STOP,0.0
13.6,4.262001505127491,0.7405850385051512,0.7511151205292237,STOP,0.0
13.62,4.264528840848563,0.7380172199781476,0.7489036485257587,STOP,0.0
13.64,4.266626697673701,0.7354937202708781,0.7468538674363233,STOP,0.0
13.66,4.268119574457026,0.7333997225749818,0.7448799677581712,STOP,0.0
13.68,4.269219141022246,0.7319095979210702,0.7428335623030643,STOP,0.0
13.7,4.27023877674777,0.7308132908622264,0.7405850385051512,STOP,0.0
13.72,4.271148763869586,0.72979830566732,0.7380172199781476,STOP,0.0
13.74,4.272168021144625,0.7288941093180867,0.7354937202708781,STOP,0.0
13.76,4.273515083298982,0.7278812756788932,0.7333997225749818,STOP,0.0
13.78,4.274925454185603,0.7265415167343796,0.7319095979210702,STOP,0.0
13.8,4.275891358468361,0.7251421131565119,0.7308132908622264,STOP,0.0
13.82,4.2766694874497055,0.7241880349469465,0.72979830566732,STOP,0.0
13.84,4.278117471742196,0.7234108036280369,0.7288941093180867,STOP,0.0
13.86,4.280244757274462,0.7219706347616399,0.7278812756788932,STOP,0.0
13.88,4.282593360866123,0.7198563245893995,0.7265415167343796,STOP,0.0
13.9,4.284813357089975,0.717518460435413,0.7251421131565119,STOP,0.0
13.92,4.286871889437114,0.7153024432839505,0.7241880349469465,STOP,0.0
13.94,4.288898933759587,0.7132412473896248,0.7234108036280369,STOP,0.0
13.96,4.291101560300663,0.7112062336876445,0.7219706347616399,STOP,0.0
13.98,4.293604321881031,0.7089923047846418,0.7198563245893995,STOP,0.0
14.0,4.296470056641529,0.706476518479075,0.717518460435413,STOP,0.0
14.02,4.298953490922912,0.7036040668577814,0.7153024432839505,STOP,0.0
14.04,4.300884306602736,0.7011292542712618,0.7132412473896248,STOP,0.0
14.06,4.302272546649515,0.6992040696757071,0.7112062336876445,STOP,0.0
14.08,4.303397733231494,0.6978188569783801,0.7089923047846418,STOP,0.0
14.1,4.3045042250138215,0.6966977309531539,0.706476518479075,STOP,0.0
14.12,4.305452061084498,0.6955985113393006,0.7036040668577814,STOP,0.0
14.14,4.306575153439159,0.6946599797274136,0.7011292542712618,STOP,0.0
14.16,4.308108060180005,0.6935468708659099,0.6992040696757071,STOP,0.0
14.18,4.309683502170869,0.6920256907539082,0.6978188569783801,STOP,0.0
14.2,4.310754830936161,0.6904676460776737,0.6966977309531539,STOP,0.0
14.22,4.311727267667838,0.6894070441450648,0.6955985113393006,STOP,0.0
14.24,4.313400539821452,0.6884355849755723,0.6946599797274136,STOP,0.0
14.26,4.3156577723131635,0.6867738136401815,0.6935468708659099,STOP,0.0
14.28,4.318049097399298,0.6845326148802435,0.6920256907539082,STOP,0.0
14.3,4.320264445988937,0.6821524243612731,0.6904676460776737,STOP,0.0
14.32,4.322319829630345,0.6799392467203672,0.6894070441450648,STOP,0.0
14.34,4.32434653451081,0.6778771839107992,0.6884355849755723,STOP,0.0
14.36,4.326542386308435,0.6758366895379566,0.6867738136401815,STOP,0.0
14.38,4.32900475786591,0.6736225040507703,0.6845326148802435,STOP,0.0
14.4,4.331806630809723,0.6711396879991482,0.6821524243612731,STOP,0.0
14.42,4.334204010725848,0.6683266703797451,0.6799392467203672,STOP,0.0
14.44,4.336053980302475,0.6659393025556811,0.6778771839107992,STOP,0.0
14.46,4.3373869569112316,0.6640952277623796,0.6758366895379566,STOP,0.0
14.48,4.33849151945255,0.6627644186710951,0.6736225040507703,STOP,0.0
14.5,4.339583694829431,0.6616629244534659,0.6711396879991482,STOP,0.0
14.52,4.3404759774326775,0.6605771618268624,0.6683266703797451,STOP,0.0
14.54,4.341509002394541,0.6596933176839449,0.6659393025556811,STOP,0.0
14.56,4.3428825198388825,0.6586702654332695,0.6640952277623796,STOP,0.0
14.58,4.344430474835667,0.6573089381402543,0.6627644186710951,STOP,0.0
14.6,4.345485267635344,0.6557788767771082,0.6616629244534659,STOP,0.0
14.62,4.346581752800544,0.6547272029307689,0.6605771618268624,STOP,0.0
14.64,4.348218291039261,0.6536340119488654,0.6596933176839449,STOP,0.0
14.66,4.350272356236115,0.6520106327518069,0.6586702654332695,STOP,0.0
14.68,4.352394840130461,0.6499707162122421,0.6573089381402543,STOP,0.0
14.7,4.3543710771301996,0.6478548273909298,0.6557788767771082,STOP,0.0
14.72,4.356241226174987,0.645875669111537,0.6547272029307689,STOP,0.0
14.74,4.358123008934422,0.6439931255453847,0.6536340119488654,STOP,0.0
14.76,4.360181775706289,0.6420914328922115,0.6520106327518069,STOP,0.0
14.78,4.362495717657971,0.6400070787024417,0.6499707162122421,STOP,0.0
14.8,4.365100018778979,0.6376654438495248,0.6478548273909298,STOP,0.0
14.82,4.367400760994016,0.635046733354989,0.645875669111537,STOP,0.0
14.84,4.369127256060388,0.6327501248042852,0.6439931255453847,STOP,0.0
14.86,4.370349965094113,0.6310234353748615,0.6420914328922115,STOP,0.0
14.88,4.371346326924402,0.6297988019874998,0.6400070787024417,STOP,0.0
14.9,4.372340538721891,0.6288010881821229,0.6376654438495248,STOP,0.0
14.92,4.37331452290812,0.6278073610215131,0.635046733354989,STOP,0.0
14.94,4.37447188221279,0.6266855743592704,0.6327501248042852,STOP,0.0
14.96,4.375720378311678,0.6257393868439386,0.6310234353748615,STOP,0.0
14.98,4.376632168435474,0.6250987049745962,0.6297988019874998,STOP,0.0
15.0,4.377134831035017,0.6251771518044986,0.6288010881821229,STOP,0.0
15.02,4.378001466387342,0.6261189787537083,0.6278073610215131,STOP,0.0
15.04,4.379603913362871,0.6271112009544597,0.6266855743592704,STOP,0.0
15.06,4.381654971732192,0.627733370310683,0.6257393868439386,STOP,0.0
15.08,4.383717542779361,0.6283174419747828,0.6250987049745962,STOP,0.0
15.1,4.385651015096886,0.6293604229204574,0.6251771518044986,STOP,0.0
15.12,4.387517039503667,0.6310294322711337,0.6261189787537083,STOP,0.0
15.14,4.3894944325910386,0.6332719637248835,0.6271112009544597,STOP,0.0
15.16,4.39170538326428,0.6359192053187972,0.627733370310683,STOP,0.0
15.18,4.39415726800321,0.6388536886086802,0.6283174419747828,STOP,0.0
15.2,4.396357919455355,0.6417968340736225,0.6293604229204574,STOP,0.0
15.22,4.398008786536102,0.6451509377915683,0.6310294322711337,STOP,0.0
15.24,4.3991651275804795,0.6494470774907063,0.6332719637248835,STOP,0.0
15.26,4.400032192812259,0.6545525599103323,0.6359192053187972,STOP,0.0
15.28,4.40081675007648,0.660219371368601,0.6388536886086802,STOP,0.0
15.3,4.401523934799577,0.6662247969761311,0.6417968340736225,STOP,0.0
15.32,4.402386184673748,0.6725610748118939,0.6451509377915683,STOP,0.0
15.34,4.4034550914001676,0.6790144804527734,0.6494470774907063,STOP,0.0
15.36,4.404521255065842,0.6855410050968976,0.6545525599103323,STOP,0.0
15.38,4.405178118335698,0.6922879263177488,0.660219371368601,STOP,0.0
15.4,4.4057654356045335,0.6997738351841731,0.6662247969761311,STOP,0.0
15.42,4.407052890384355,0.7078176394230455,0.6725610748118939,STOP,0.0
15.44,4.408971577683697,0.7152987627874565,0.6790144804527734,STOP,0.0
15.46,4.411089160620159,0.7224429056169952,0.6855410050968976,STOP,0.0
15.48,4.413108204992334,0.7298279011453017,0.6922879263177488,STOP,0.0
15.5,4.415024617820146,0.7377737307618789,0.6997738351841731,STOP,0.0
15.52,4.416962599644024,0.7462752525126544,0.7078176394230455,STOP,0.0
15.54,4.419069173441689,0.7552102929284243,0.7152987627874565,STOP,0.0
15.56,4.421472947628495,0.7644333598124475,0.7224429056169952,STOP,0.0
15.58,4.423936261816874,0.7736651961449698,0.7298279011453017,STOP,0.0
15.6,4.425899013965029,0.7826107510638864,0.7377737307618789,STOP,0.0
15.62,4.427300089461768,0.7917861344592787,0.7462752525126544,STOP,0.0
15.64,4.428295896110824,0.8017271535065646,0.7552102929284243,STOP,0.0
15.66,4.429221140740447,0.8121903077040854,0.7644333598124475,STOP,0.0
15.68,4.430099889966025,0.822803596899382,0.7736651961449698,STOP,0.0
15.7,4.430980956695804,0.833526398512224,0.7826107510638864,STOP,0.0
15.72,4.432071268007506,0.8443397807646341,0.7917861344592787,STOP,0.0
15.74,4.433469911549734,0.8551516196858406,0.8017271535065646,STOP,0.0
15.76,4.4345863187483445,0.8658319494436805,0.8121903077040854,STOP,0.0
15.78,4.435253111165539,0.8766660452140009,0.822803596899382,STOP,0.0
15.8,4.436263302404985,0.8885474127564339,0.833526398512224,STOP,0.0
15.82,4.438014272722359,0.9002406494101616,0.8443397807646341,STOP,0.0
15.84,4.440193633455858,0.9112479421044594,0.8551516196858406,STOP,0.0
15.86,4.44236195483003,0.9221375261151985,0.8658319494436805,STOP,0.0
15.88,4.444352958264113,0.9334579163997808,0.8766660452140009,STOP,0.0
15.9,4.446253630047194,0.9453211733746497,0.8885474127564339,STOP,0.0
15.92,4.448256206308656,0.9576334051422148,0.9002406494101616,STOP,0.0
15.94,4.450499497716139,0.9702324501982266,0.9112479421044594,STOP,0.0
15.96,4.453100469112257,0.9830017033631739,0.9221375261151985,STOP,0.0
15.98,4.455669073698185,0.9956184686586871,0.9334579163997808,STOP,0.0
16.0,4.45777906738297,1.007411413815532,0.9453211733746497,STOP,0.0
16.02,4.4592702290783075,1.0195860800625298,0.9576334051422148,STOP,0.0
16.04,4.460336430635941,1.0323073378371554,0.9702324501982266,STOP,0.0
16.06,4.461296941111944,1.0452966010658413,0.9830017033631739,STOP,0.0
16.08,4.462128850674431,1.0583040994387705,0.9956184686586871,STOP,0.0
16.1,4.463013625000898,1.0713738337075944,1.007411413815532,STOP,0.0
16.12,4.464122836149264,1.084408863686474,1.0195860800625298,STOP,0.0
16.14,4.465509853460072,1.097374405134477,1.0323073378371554,STOP,0.0
16.16,4.466588117145093,1.1101572849319943,1.0452966010658413,STOP,0.0
16.18,4.467293841157074,1.1229503819870077,1.0583040994387705,STOP,0.0
16.2,4.468478167235128,1.1368463094790753,1.0713738337075944,STOP,0.0
16.22,4.470344772258998,1.1500984562352774,1.084408863686474,STOP,0.0
16.24,4.472522023558941,1.1628176323835908,1.097374405134477,STOP,0.0
16.26,4.474633625641556,1.175622301117538,1.1101572849319943,STOP,0.0
16.28,4.4766087359219195,1.1888992360803032,1.1229503819870077,STOP,0.0
16.3,4.478519935104111,1.20262283287216,1.1368463094790753,STOP,0.0
16.32,4.480571631222349,1.216680898844507,1.1500984562352774,STOP,0.0
16.34,4.482882589501706,1.2309603790265793,1.1628176323835908,STOP,0.0
16.36,4.485497747838128,1.2453566149465616,1.175622301117538,STOP,0.0
16.38,4.487822701388234,1.2592462984640331,1.1888992360803032,STOP,0.0
16.4,4.4895906053733,1.2726039219421235,1.20262283287216,STOP,0.0
16.42,4.490857716891614,1.2864242213040595,1.216680898844507,STOP,0.0
16.44,4.491845607894362,1.3005498858899536,1.2309603790265793,STOP,0.0
16.46,4.492822970360646,1.3147751918524744,1.2453566149465616,STOP,0.0
16.48,4.493750932257689,1.3289131125138014,1.2592462984640331,STOP,0.0
16.5,4.494825163422467,1.3429856047111652,1.2726039219421235,STOP,0.0
16.52,4.496161925013754,1.356941945803462,1.2864242213040595,STOP,0.0
16.54,4.497488512832452,1.3708123959966512,1.3005498858899536,STOP,0.0
16.56,4.4983501783403925,1.3845036791910705,1.3147751918524744,STOP,0.0
16.58,4.499083604513997,1.3985295118932524,1.3289131125138014,STOP,0.0
16.6,4.500530437014472,1.413351313830707,1.3429856047111652,STOP,0.0
16.62,4.502692463980203,1.4274016640404275,1.356941945803462,STOP,0.0
16.64,4.505041973760273,1.441020083240963,1.3708123959966512,STOP,0.0
16.66,4.507236883933188,1.4548263610582803,1.3845036791910705,STOP,0.0
16.68,4.509289978684015,1.469107732431564,1.3985295118932524,STOP,0.0
16.7,4.511322886704885,1.483832019862639,1.413351313830707,STOP,0.0
16.72,4.513628135447011,1.4988856685437109,1.4274016640404275,SLOW,0.2614173600168448
16.74,4.516322135131424,1.5141261163544577,1.441020083240963,SLOW,0.2670917013504012
16.76,4.519386808461279,1.5294826437328135,1.4548263610582803,SLOW,0.2728443171076168
16.78,4.522467221993989,1.5442766308159388,1.469107732431564,SLOW,0.27879488851315165
16.8,4.525283145498561,1.558411641218653,1.483832019862639,SLOW,0.28493000827609954
16.82,4.527706944220518,1.5727704695544678,1.4988856685437109,SLOW,0.29120236189321286
16.84,4.530004063098938,1.5872393034302084,1.5141261163544577,SLOW,0.297552548481024
16.86,4.5324332547718456,1.60152961840876,1.5294826437328135,SLOW,0.30395110155533894
16.88,4.534988682067441,1.615495480899817,1.5442766308159388,SLOW,0.3101152628399745
16.9,4.537656588109466,1.62926874880631,1.558411641218653,SLOW,0.3160048505077721
16.92,4.540503681802391,1.6429347469037274,1.5727704695544678,SLOW,0.3219876956476949
16.94,4.543520006526411,1.6564296379886028,1.5872393034302084,SLOW,0.32801637642925346
16.96,4.546665726568936,1.6696774499550775,1.60152961840876,SLOW,0.3339706743369833
16.98,4.550443456461008,1.682717959652593,1.615495480899817,SLOW,0.3397897837082571
17.0,4.554194329614567,1.6959962145167158,1.62926874880631,SLOW,0.3455286453359625
17.02,4.557362787496605,1.7089900440101646,1.6429347469037274,SLOW,0.3512228112098864
17.04,4.560240796874146,1.7219716144468915,1.6564296379886028,SLOW,0.35684568249525117
17.06,4.563021536400265,1.7352569508442743,1.6696774499550775,SLOW,0.36236560414794894
17.08,4.565787503652933,1.7489018081100653,1.682717959652593,SLOW,0.3677991498552471
17.1,4.568671337014528,1.7629040119960555,1.6959962145167158,SLOW,0.37333175604863156
17.12,4.571652824620677,1.777338994112964,1.7089900440101646,SLOW,0.3787458516709019
17.14,4.574729296799698,1.7922271425580663,1.7219716144468915,SLOW,0.3841548393528715
17.16,4.577928162397004,1.8075549086132903,1.7352569508442743,SLOW,0.3896903961851143
17.18,4.58131650017424,1.8232125373007522,1.7489018081100653,SLOW,0.3953757533791939
17.2,4.584995470471215,1.8391160191562528,1.7629040119960555,SLOW,0.40121000499835646
17.22,4.589040974167307,1.8551937403744516,1.777338994112964,SLOW,0.4072245808804017
17.24,4.593459752091106,1.8714161767306197,1.7922271425580663,SLOW,0.41342797606586096
17.26,4.598247728150564,1.8878181288969826,1.8075549086132903,SLOW,0.41981454525553763
17.28,4.603360164939233,1.9044249954427837,1.8232125373007522,SLOW,0.4263385572086467
17.3,4.608751075868861,1.921220881944994,1.8391160191562528,SLOW,0.432965007981772
17.32,4.614230446595369,1.9381947448571415,1.8551937403744516,SLOW,0.43966405848935486
17.34,4.619753256444518,1.9552533653163082,1.8714161767306197,SLOW,0.4464234069710915
17.36,4.625724863155227,1.9720133070662496,1.8878181288969826,SLOW,0.4532575537070761
17.38,4.632072088742098,1.9882396328642213,1.9044249954427837,SLOW,0.4601770814344932
17.4,4.638776464491715,2.004351364684954,1.921220881944994,SLOW,0.4671753674770809
17.42,4.64589274384565,2.0201933252001365,1.9381947448571415,SLOW,0.4742478103571423
17.44,4.653235546998173,2.035484896873583,1.9552533653163082,SLOW,0.4813555688817951
17.46,4.660613190108287,2.050276288783214,1.9720133070662496,SLOW,0.48833887794427067
17.48,4.668022378408053,2.0646970174419423,1.9882396328642213,SLOW,0.4950998470267589
17.5,4.675505096920848,2.078712703859908,2.004351364684954,CLEAR,0.5
17.52,4.683093347751032,2.0922942041589834,2.0201933252001365,CLEAR,0.5
17.54,4.690844935898003,2.1054822188800224,2.035484896873583,CLEAR,0.5
17.56,4.69882518437916,2.118269683829824,2.050276288783214,CLEAR,0.5
17.58,4.707069959997768,2.1306947251690187,2.0646970174419423,CLEAR,0.5
17.6,4.715624735975652,2.142820096389196,2.078712703859908,CLEAR,0.5
17.62,4.724511693139473,2.1546629106995097,2.0922942041589834,CLEAR,0.5
17.64,4.733674170681929,2.1662077330127376,2.1054822188800224,CLEAR,0.5
17.66,4.742006638167209,2.1778157368017874,2.118269683829824,CLEAR,0.5
17.68,4.7494616043025895,2.1896944793765867,2.1306947251690187,CLEAR,0.5
17.7,4.756622127245213,2.2014859942776086,2.142820096389196,CLEAR,0.5
17.72,4.763862079558838,2.213487253230956,2.1546629106995097,CLEAR,0.5
17.74,4.771238750130184,2.225837428405341,2.1662077330127376,CLEAR,0.5
17.76,4.778735425376383,2.238663274535593,2.1778157368017874,CLEAR,0.5
17.78,4.786239707468285,2.252069995499151,2.1896944793765867,CLEAR,0.5
17.8,4.793678608875934,2.266058894532728,2.2014859942776086,CLEAR,0.5
17.82,4.801138972806689,2.2805997731807657,2.213487253230956,CLEAR,0.5
17.84,4.808770628165165,2.2955731599708113,2.225837428405341,CLEAR,0.5
17.86,4.816735659114474,2.3108559997200486,2.238663274535593,CLEAR,0.5
17.88,4.825177007583709,2.326324182177187,2.252069995499151,CLEAR,0.5
17.9,4.834139646547606,2.341918758844826,2.266058894532728,CLEAR,0.5
17.92,4.843583322339848,2.3576498788366487,2.2805997731807657,CLEAR,0.5
17.94,4.8534549316621165,2.3735939197599056,2.2955731599708113,CLEAR,0.5
17.96,4.863797812864058,2.38980099753226,2.3108559997200486,CLEAR,0.5
17.98,4.874627821420332,2.4062636288198447,2.326324182177187,CLEAR,0.5
18.0,4.885669780250027,2.4230483513781382,2.341918758844826,CLEAR,0.5
18.02,4.896452957844107,2.440135767853735,2.3576498788366487,CLEAR,0.5
18.04,4.90681813092232,2.457055597780596,2.3735939197599056,CLEAR,0.5
18.06,4.9170831766152014,2.4738681389416692,2.38980099753226,CLEAR,0.5
18.08,4.927630580827122,2.4908133192354125,2.4062636288198447,CLEAR,0.5
18.1,4.938521162084663,2.5074507564304196,2.4230483513781382,CLEAR,0.5
18.12,4.949528832546595,2.5236393721380583,2.440135767853735,CLEAR,0.5
18.14,4.960487510805448,2.5394633282523498,2.457055597780596,CLEAR,0.5
18.16,4.971260489185764,2.5550313026785574,2.4738681389416692,CLEAR,0.5
18.18,4.981757730810627,2.570358297645312,2.4908133192354125,CLEAR,0.5
18.2,4.99206686662982,2.5854899352788356,2.5074507564304196,CLEAR,0.5
18.22,5.002401215829115,2.600384354807502,2.5236393721380583,CLEAR,0.5
18.24,5.012887809925658,2.6150065974854715,2.5394633282523498,CLEAR,0.5
18.26,5.023563898206527,2.6294015728467963,2.5550313026785574,CLEAR,0.5
18.28,5.034485610071342,2.6434700379558533,2.570358297645312,CLEAR,0.5
18.3,5.044949080462629,2.65721029445807,2.5854899352788356,CLEAR,0.5
18.32,5.053958999650194,2.6716069121412933,2.600384354807502,CLEAR,0.5
18.34,5.062362384149394,2.68557790936925,2.6150065974854715,CLEAR,0.5
18.36,5.070773989043726,2.699392560888476,2.6294015728467963,CLEAR,0.5
18.38,5.079236949889887,2.7133704707748367,2.6434700379558533,CLEAR,0.5
18.4,5.087707735946827,2.7276535061447618,2.65721029445807,CLEAR,0.5
18.42,5.0961284589684395,2.742463935131895,2.6716069121412933,CLEAR,0.5
18.44,5.1043650386240484,2.7578971561687546,2.68557790936925,CLEAR,0.5
18.46,5.112416464102761,2.7738550297973745,2.699392560888476,CLEAR,0.5
18.48,5.120437127325432,2.790315235323852,2.7133704707748367,CLEAR,0.5
18.5,5.128610545163486,2.8071681351094337,2.7276535061447618,CLEAR,0.5
18.52,5.137095937504037,2.8243331752914176,2.742463935131895,CLEAR,0.5
18.54,5.145990459728003,2.841750642893779,2.7578971561687546,CLEAR,0.5
18.56,5.155319115660114,2.859402630761334,2.7738550297973745,CLEAR,0.5
18.58,5.16504071309289,2.8773000875572436,2.790315235323852,CLEAR,0.5
18.6,5.175131313360831,2.8954736309614635,2.8071681351094337,CLEAR,0.5
18.62,5.185638278368509,2.913942003920678,2.8243331752914176,CLEAR,0.5
18.64,5.19656876585541,2.9327137079170105,2.841750642893779,CLEAR,0.5
18.66,5.207534453873909,2.951844827634479,2.859402630761334,CLEAR,0.5
18.68,5.218275368931612,2.9650633598322447,2.8773000875572436,CLEAR,0.5
18.7,5.228590309194832,2.968218334578685,2.8954736309614635,CLEAR,0.5
18.72,5.238952741616777,2.9709576193018616,2.913942003920678,CLEAR,0.5
18.74,5.249687122476741,2.9735837037188597,2.9327137079170105,CLEAR,0.5
18.76,5.260773171979592,2.975829757563124,2.951844827634479,CLEAR,0.5
18.78,5.2719010848807955,2.9775717292806485,2.9650633598322447,CLEAR,0.5
18.8,5.282968993243679,2.9788761680261495,2.968218334578685,CLEAR,0.5
18.82,5.293852905971005,2.9798029470076073,2.9709576193018616,CLEAR,0.5
18.84,5.304480151769732,2.980432389393845,2.9735837037188597,CLEAR,0.5
18.86,5.314919515905114,2.9807346774909744,2.975829757563124,CLEAR,0.5
18.88,5.325323898756872,2.980767605425093,2.9775717292806485,CLEAR,0.5
18.9,5.335827791482669,2.9805168931127275,2.9788761680261495,CLEAR,0.5
18.92,5.346476743167263,2.980044236380932,2.9798029470076073,CLEAR,0.5
18.94,5.357272939114793,2.979386580021863,2.980432389393845,CLEAR,0.5
18.96,5.3682390493345125,2.978378154913856,2.9807346774909744,CLEAR,0.5
18.98,5.3783428165609655,2.9772095937607728,2.980767605425093,CLEAR,0.5
19.0,5.387342057973843,2.9769650685450753,2.9805168931127275,CLEAR,0.5
19.02,5.395975512545027,2.976108444447436,2.980044236380932,CLEAR,0.5
19.04,5.404603584479477,2.9749976267641407,2.979386580021863,CLEAR,0.5
19.06,5.413200926818146,2.9739990340582967,2.978378154913856,CLEAR,0.5
19.08,5.421765505701246,2.97333503095726,2.9772095937607728,CLEAR,0.5
19.1,5.430253232845095,2.9731796506016224,2.9769650685450753,CLEAR,0.5
19.12,5.438539776063998,2.9736291550589535,2.976108444447436,CLEAR,0.5
19.14,5.446678857163757,2.974590686138789,2.9749976267641407,CLEAR,0.5
19.16,5.454830799333649,2.9760382880814973,2.9739990340582967,CLEAR,0.5
19.18,5.463161086263435,2.9778856444731123,2.97333503095726,CLEAR,0.5
19.2,5.471832396407897,2.980050507036122,2.9731796506016224,CLEAR,0.5
19.22,5.480927770456511,2.982488738084056,2.9736291550589535,CLEAR,0.5
19.24,5.490467210778123,2.985193318272584,2.974590686138789,CLEAR,0.5
19.26,5.500376367271405,2.9881886107412834,2.9760382880814973,CLEAR,0.5
19.28,5.51065029653466,2.9914833299486507,2.9778856444731123,CLEAR,0.5
19.3,5.521345045245274,2.995138674709737,2.980050507036122,CLEAR,0.5
19.32,5.5322183653440495,2.9991675955541983,2.982488738084056,CLEAR,0.5
19.34,5.542907574090653,3.0035099381075754,2.985193318272584,CLEAR,0.5
19.36,5.553344716243933,3.007551998759242,2.9881886107412834,CLEAR,0.5
19.38,5.563663739262826,3.0110803083559046,2.9914833299486507,CLEAR,0.5
19.4,5.574265994784944,3.0145481979735167,2.995138674709737,CLEAR,0.5
19.42,5.585281204361277,3.0177850945592004,2.9991675955541983,CLEAR,0.5
19.44,5.596463932396242,3.0205989593635,3.0035099381075754,CLEAR,0.5
19.46,5.607634919165733,3.02294908893493,3.007551998759242,CLEAR,0.5
19.48,5.618680411002094,3.024867615180686,3.0110803083559046,CLEAR,0.5
19.5,5.629474626980081,3.0264396176951567,3.0145481979735167,CLEAR,0.5
19.52,5.640057774427046,3.0276889249263097,3.0177850945592004,CLEAR,0.5
19.54,5.6505390635913635,3.02858319980997,3.0205989593635,CLEAR,0.5
19.56,5.661074484162411,3.0291994647144596,3.02294908893493,CLEAR,0.5
19.58,5.671714001951428,3.029601716411385,3.024867615180686,CLEAR,0.5
19.6,5.682500582936761,3.0298267968465726,3.0264396176951567,CLEAR,0.5
19.62,5.693497631098215,3.029756628108247,3.0276889249263097,CLEAR,0.5
19.64,5.703966771946958,3.029455343693383,3.02858319980997,CLEAR,0.5
19.66,5.713224822970872,3.029833845791334,3.0291994647144596,CLEAR,0.5
19.68,5.7219835255744576,3.0294785799138153,3.029601716411385,CLEAR,0.5
19.7,5.730744603065557,3.028930255430502,3.0298267968465726,CLEAR,0.5
19.72,5.739543928463893,3.028553558305983,3.029756628108247,CLEAR,0.5
19.74,5.748359591129124,3.0285180627639408,3.029455343693383,CLEAR,0.5
19.76,5.75715042853737,3.0290066576309704,3.029833845791334,CLEAR,0.5
19.78,5.765802200666452,3.0300955373374254,3.0294785799138153,CLEAR,0.5
19.8,5.774307898811571,3.0317021068833387,3.028930255430502,CLEAR,0.5
19.82,5.782817015376014,3.033759306576889,3.028553558305983,CLEAR,0.5
19.84,5.7915298566713105,3.036186476508986,3.0285180627639408,CLEAR,0.5
19.86,5.8005796169397685,3.038946074826222,3.0290066576309704,CLEAR,0.5
19.88,5.810066157376918,3.0419956536417607,3.0300955373374254,CLEAR,0.5
19.9,5.820024713846933,3.0453310968324674,3.0317021068833387,CLEAR,0.5
19.92,5.8304031139164065,3.0489788115652607,3.033759306576889,CLEAR,0.5
19.94,5.841169680130354,3.052943616394344,3.036186476508986,CLEAR,0.5
19.96,5.852378535342589,3.057283266041394,3.038946074826222,CLEAR,0.5
19.98,5.864022871639603,3.0620132344904705,3.0419956536417607,CLEAR,0.5
20.0,5.8756371936000455,3.0672195633257533,3.0453310968324674,CLEAR,0.5
20.02,5.886893488130454,3.072547914678822,3.0489788115652607,CLEAR,0.5
20.04,5.897539433523494,3.0776357484112795,3.052943616394344,CLEAR,0.5
20.06,5.9081911989650235,3.0825220580534567,3.057283266041394,CLEAR,0.5
20.08,5.919108549488144,3.0873416479804665,3.0620132344904705,CLEAR,0.5
20.1,5.930263650528001,3.091828181677266,3.0672195633257533,CLEAR,0.5
20.12,5.941423065181879,3.095958511141496,3.072547914678822,CLEAR,0.5
20.14,5.952486232131565,3.0997672272140306,3.0776357484112795,CLEAR,0.5
20.16,5.96333836212326,3.1032675277637525,3.0825220580534567,CLEAR,0.5
20.18,5.97392377027516,3.1064675741695464,3.0873416479804665,CLEAR,0.5
20.2,5.984341291067595,3.1093425453467463,3.091828181677266,CLEAR,0.5
20.22,5.994782376656504,3.111890295770787,3.095958511141496,CLEAR,0.5
20.24,6.00539270101434,3.114197885282346,3.0997672272140306,CLEAR,0.5
20.26,6.016201788819393,3.116343731331708,3.1032675277637525,CLEAR,0.5
20.28,6.027213884693685,3.1182556205375147,3.1064675741695464,CLEAR,0.5
20.3,6.037771025319293,3.1199113937372465,3.1093425453467463,CLEAR,0.5
20.32,6.046900974847089,3.1220710815915518,3.111890295770787,CLEAR,0.5
20.34,6.055358312316575,3.1235701164278007,3.114197885282346,CLEAR,0.5
20.36,6.06372109662886,3.1245687745149966,3.116343731331708,CLEAR,0.5
20.38,6.072036998516626,3.125593465522176,3.1182556205375147,CLEAR,0.5
20.4,6.080305350205186,3.1268703588946907,3.1199113937372465,CLEAR,0.5
20.42,6.088516100335748,3.1286018896866015,3.1220710815915518,CLEAR,0.5
20.44,6.096528227749869,3.1308975943802526,3.1235701164278007,CLEAR,0.5
20.46,6.104342277952044,3.133629857597856,3.1245687745149966,CLEAR,0.5
20.48,6.112096170781325,3.136778962989138,3.125593465522176,CLEAR,0.5
20.5,6.1199521096417016,3.1402884187371893,3.1268703588946907,CLEAR,0.5
20.52,6.128060837073488,3.144138586456033,3.1286018896866015,CLEAR,0.5
20.54,6.136522702622585,3.1483208032009413,3.1308975943802526,CLEAR,0.5
20.56,6.145378472464873,3.1528746463003627,3.133629857597856,CLEAR,0.5
20.58,6.154613984635371,3.157828411308603,3.136778962989138,CLEAR,0.5
20.6,6.164203879912622,3.1632132710746306,3.1402884187371893,CLEAR,0.5
20.62,6.174181972165881,3.1690498299103504,3.144138586456033,CLEAR,0.5
20.64,6.184574723559209,3.1753329861579735,3.1483208032009413,CLEAR,0.5
20.66,6.195250074278991,3.1820492130947002,3.1528746463003627,CLEAR,0.5
20.68,6.20567846119936,3.1892892843117018,3.157828411308603,CLEAR,0.5
20.7,6.215987374386682,3.1960099391334045,3.1632132710746306,CLEAR,0.5
20.72,6.2264460019522785,3.2024739613341846,3.1690498299103504,CLEAR,0.5
20.74,6.237333145716468,3.2088555470247777,3.1753329861579735,CLEAR,0.5
20.76,6.248737845207284,3.2151957297239186,3.1820492130947002,CLEAR,0.5
20.78,6.260374419962927,3.2212842809402016,3.1892892843117018,CLEAR,0.5
20.8,6.272029261327935,3.2269628931871503,3.1960099391334045,CLEAR,0.5
20.82,6.283559395068064,3.232165887557057,3.2024739613341846,CLEAR,0.5
20.84,6.2949178884369035,3.236994682508343,3.2088555470247777,CLEAR,0.5
20.86,6.306053785013707,3.2414443204344883,3.2151957297239186,CLEAR,0.5
20.88,6.317057321598049,3.2455445332548707,3.2212842809402016,CLEAR,0.5
20.9,6.328072986138893,3.2493367209754447,3.2269628931871503,CLEAR,0.5
20.92,6.339222310441443,3.252905557513093,3.232165887557057,CLEAR,0.5
20.94,6.350507415451299,3.2563519415523965,3.236994682508343,CLEAR,0.5
20.96,6.361963521830333,3.2596517463403103,3.2414443204344883,CLEAR,0.5
20.98,6.373307611264328,3.262819052824048,3.2455445332548707,CLEAR,0.5
21.0,6.383587096383901,3.2662745821715986,3.2493367209754447,CLEAR,0.5
21.02,6.393194864946951,3.269782029934968,3.252905557513093,CLEAR,0.5
21.04,6.402734092655077,3.272737237269991,3.2563519415523965,CLEAR,0.5
21.06,6.412315199449363,3.2754496507024147,3.2596517463403103,CLEAR,0.5
21.08,6.421858983699258,3.278267166042443,3.262819052824048,CLEAR,0.5
21.1,6.431359810254089,3.281392641176061,3.2662745821715986,CLEAR,0.5
21.12,6.44065622622891,3.2850377899489724,3.269782029934968,CLEAR,0.5
21.14,6.449727752547184,3.289142640810087,3.272737237269991,CLEAR,0.5
21.16,6.458722603525934,3.293668533769886,3.2754496507024147,CLEAR,0.5
21.18,6.467869496324607,3.2985690471634124,3.278267166042443,CLEAR,0.5
21.2,6.477423778425981,3.303885582101121,3.281392641176061,CLEAR,0.5
21.22,6.487408521974154,3.3095906942620696,3.2850377899489724,CLEAR,0.5
21.24,6.497737341375354,3.31562299576849,3.289142640810087,CLEAR,0.5
21.26,6.508396164330007,3.321912375766964,3.293668533769886,CLEAR,0.5
21.28,6.519292158025909,3.328478261541011,3.2985690471634124,CLEAR,0.5
21.3,6.530070899338243,3.335350270589798,3.303885582101121,CLEAR,0.5
21.32,6.540622890922532,3.3418137936530425,3.3095906942620696,CLEAR,0.5
21.34,6.550646964430788,3.347766488453805,3.31562299576849,CLEAR,0.5
21.36,6.560593331696197,3.3533188295778213,3.321912375766964,CLEAR,0.5
21.38,6.570749866779994,3.3586441493289123,3.328478261541011,CLEAR,0.5
21.4,6.581012694787583,3.3636776276195794,3.335350270589798,CLEAR,0.5
21.42,6.5912593786236835,3.3683992990692393,3.3418137936530425,CLEAR,0.5
21.44,6.601505998771736,3.3727923136987856,3.347766488453805,CLEAR,0.5
21.46,6.6116140473430205,3.3768853323888726,3.3533188295778213,CLEAR,0.5
21.48,6.621533208364888,3.380655773609299,3.3586441493289123,CLEAR,0.5
21.5,6.631351766445955,3.384074507353624,3.3636776276195794,CLEAR,0.5
21.52,6.641175794281333,3.3871836395633146,3.3683992990692393,CLEAR,0.5
21.54,6.65114182361727,3.3900486616479317,3.3727923136987856,CLEAR,0.5
21.56,6.66126588821855,3.3927496325770248,3.3768853323888726,CLEAR,0.5
21.58,6.671541108777249,3.3952041134935174,3.380655773609299,CLEAR,0.5
21.6,6.6818916327014115,3.397409940093021,3.384074507353624,CLEAR,0.5
21.62,6.691067874314399,3.4000407918314166,3.3871836395633146,CLEAR,0.5
21.64,6.699409140180672,3.4021764438900473,3.3900486616479317,CLEAR,0.5
21.66,6.7074472452229275,3.403572927031829,3.3927496325770248,CLEAR,0.5
21.68,6.715380585167223,3.4048786430889884,3.3952041134935174,CLEAR,0.5
21.7,6.723255355451428,3.406431012373624,3.397409940093021,CLEAR,0.5
21.72,6.731120243293012,3.4083328433875093,3.4000407918314166,CLEAR,0.5
21.74,6.738883102877852,3.4107234090229275,3.4021764438900473,CLEAR,0.5
21.76,6.746555109597038,3.4135438016707917,3.403572927031829,CLEAR,0.5
21.78,6.754215413388548,3.416746167374911,3.4048786430889884,CLEAR,0.5
21.8,6.7619823388084885,3.4202899232682684,3.406431012373624,CLEAR,0.5
21.82,6.769976358356548,3.4241566330245723,3.4083328433875093,CLEAR,0.5
21.84,6.778295096786031,3.4283331660835463,3.4107234090229275,CLEAR,0.5
21.86,6.78698268060947,3.432842701798176,3.4135438016707917,CLEAR,0.5
21.88,6.796061226750647,3.437705059616674,3.416746167374911,CLEAR,0.5
21.9,6.805541119237099,3.442973415462153,3.4202899232682684,CLEAR,0.5
21.92,6.815449228972378,3.448673260600986,3.4241566330245723,CLEAR,0.5
21.94,6.825802509483752,3.454853541771886,3.4283331660835463,CLEAR,0.5
21.96,6.836641004644289,3.4615373135226495,3.432842701798176,CLEAR,0.5
21.98,6.848000926526428,3.4687543966120122,3.437705059616674,CLEAR,0.5
22.0,6.8598541577379875,3.476504388780566,3.442973415462153,CLEAR,0.5
22.02,6.871891584316473,3.484781042265034,3.448673260600986,CLEAR,0.5
22.04,6.883494679754704,3.4934381582688427,3.454853541771886,CLEAR,0.5
22.06,6.894693900684148,3.5015966873324134,3.4615373135226495,CLEAR,0.5
22.08,6.905997300919258,3.509692292238753,3.4687543966120122,CLEAR,0.5
22.1,6.917773400690869,3.517880858113706,3.476504388780566,CLEAR,0.5
22.12,6.929946437599396,3.525921780994127,3.484781042265034,CLEAR,0.5
22.14,6.942138362849786,3.5337720931269314,3.4934381582688427,CLEAR,0.5
22.16,6.954144786377323,3.541327561163691,3.5015966873324134,CLEAR,0.5
22.18,6.965864027359507,3.5486013496834623,3.509692292238753,CLEAR,0.5
22.2,6.977306488088788,3.5555622944058323,3.517880858113706,CLEAR,0.5
22.22,6.98865450990907,3.562224542907085,3.525921780994127,CLEAR,0.5
22.24,7.000142899432111,3.568615435940068,3.5337720931269314,CLEAR,0.5
22.26,7.01186082707827,3.5748653216760045,3.541327561163691,CLEAR,0.5
22.28,7.023736502639035,3.580972955737457,3.5486013496834623,CLEAR,0.5
22.3,7.035380181104669,3.586848280906228,3.5555622944058323,CLEAR,0.5
22.32,7.045953207635197,3.593129023268658,3.562224542907085,CLEAR,0.5
22.34,7.0558080500152025,3.5986012336987887,3.568615435940068,CLEAR,0.5
22.36,7.065519600943397,3.603597150383755,3.5748653216760045,CLEAR,0.5
22.38,7.075301378149427,3.6084698463833194,3.580972955737457,CLEAR,0.5
22.4,7.085087478623235,3.6134666631161374,3.586848280906228,CLEAR,0.5
22.42,7.094741283200283,3.6187898455416785,3.593129023268658,CLEAR,0.5
22.44,7.104121715622764,3.6245568737650173,3.5986012336987887,CLEAR,0.5
22.46,7.113244133344468,3.63070469810659,3.603597150383755,CLEAR,0.5
22.48,7.122319202460642,3.63717736636436,3.6084698463833194,CLEAR,0.5
22.5,7.131598336568176,3.6440077885369737,3.6134666631161374,CLEAR,0.5
22.52,7.141226918314792,3.651192823688495,3.6187898455416785,CLEAR,0.5
22.54,7.151153559669355,3.658756637101324,3.6245568737650173,CLEAR,0.5
22.56,7.161377943119697,3.6665623092088064,3.63070469810659,CLEAR,0.5
22.58,7.171771678608349,3.6745971515360334,3.63717736636436,CLEAR,0.5
22.6,7.182212004387146,3.6827740497068087,3.6440077885369737,CLEAR,0.5
22.62,7.192366513206952,3.690550986997829,3.651192823688495,CLEAR,0.5
22.64,7.20215215709514,3.697654628063834,3.658756637101324,CLEAR,0.5
22.66,7.2119559900245385,3.704268566766424,3.6665623092088064,CLEAR,0.5
22.68,7.221960835971662,3.710710769670395,3.6745971515360334,CLEAR,0.5
22.7,7.232015190945794,3.7169313432602396,3.6827740497068087,CLEAR,0.5
22.72,7.242002889653232,3.7228568413158833,3.690550986997829,CLEAR,0.5
22.74,7.2519369173416885,3.7284390491209534,3.697654628063834,CLEAR,0.5
22.76,7.261783431933516,3.733690884934705,3.704268566766424,CLEAR,0.5
22.78,7.2715375816877525,3.7386054498930097,3.710710769670395,CLEAR,0.5
22.8,7.281230656491884,3.7431878920023345,3.7169313432602396,CLEAR,0.5
22.82,7.290937074008314,3.7474993070939995,3.7228568413158833,CLEAR,0.5
22.84,7.300765881745825,3.751618153842205,3.7284390491209534,CLEAR,0.5
22.86,7.310740698275701,3.755604670557257,3.733690884934705,CLEAR,0.5
22.88,7.3208664333449756,3.759430591130416,3.7386054498930097,CLEAR,0.5
22.9,7.331216765630947,3.7630168090155243,3.7431878920023345,CLEAR,0.5
22.92,7.340796985643837,3.7668133322056456,3.7474993070939995,CLEAR,0.5
22.94,7.349366206055814,3.7704852688886827,3.751618153842205,CLEAR,0.5
22.96,7.357497560876727,3.7731799793572582,3.755604670557257,CLEAR,0.5
22.98,7.365480183709749,3.7756253972136253,3.759430591130416,CLEAR,0.5
23.0,7.373399791291804,3.7782408622920465,3.7630168090155243,CLEAR,0.5
23.02,7.381358686806301,3.781131048994606,3.7668133322056456,CLEAR,0.5
23.04,7.389252666010933,3.7844636446885453,3.7704852688886827,CLEAR,0.5
23.06,7.397071008789774,3.7881720057345105,3.7731799793572582,CLEAR,0.5
23.08,7.404876359548335,3.792244817131547,3.7756253972136253,CLEAR,0.5
23.1,7.4127583817684295,3.796647479697775,3.7782408622920465,CLEAR,0.5
23.12,7.4208532067548685,3.801362148658065,3.781131048994606,CLEAR,0.5
23.14,7.42926260023115,3.806400949132121,3.7844636446885453,CLEAR,0.5
23.16,7.438053722262931,3.8117905582200096,3.7881720057345105,CLEAR,0.5
23.18,7.447257613159085,3.8175526997132816,3.792244817131547,CLEAR,0.5
23.2,7.456887591020612,3.823727121716716,3.796647479697775,CLEAR,0.5
23.22,7.466971224062342,3.830357540688681,3.801362148658065,CLEAR,0.5
23.24,7.477538848860673,3.8374789371719467,3.806400949132121,CLEAR,0.5
23.26,7.488605135747675,3.8451401939409355,3.8117905582200096,CLEAR,0.5
23.28,7.500192214699585,3.8533543095121763,3.8175526997132816,CLEAR,0.5
23.3,7.512242835714574,3.8621448283307958,3.823727121716716,CLEAR,0.5
23.32,7.524348463315892,3.871498392305567,3.830357540688681,CLEAR,0.5
23.34,7.53598552003031,3.881072757119164,3.8374789371719467,CLEAR,0.5
23.36,7.547088176627366,3.8902063652501764,3.8451401939409355,CLEAR,0.5
23.38,7.558377766788994,3.8991191387512054,3.8533543095121763,CLEAR,0.5
23.4,7.570148241805193,3.908131265302821,3.8621448283307958,CLEAR,0.5
23.42,7.582105528075022,3.9170894809220727,3.871498392305567,CLEAR,0.5
23.44,7.593913535391944,3.9258249638003284,3.881072757119164,CLEAR,0.5
23.46,7.605411524956947,3.934228371951874,3.8902063652501764,CLEAR,0.5
23.48,7.616594489940296,3.942245190181883,3.8991191387512054,CLEAR,0.5
23.5,7.627527184391555,3.9498941234903833,3.908131265302821,CLEAR,0.5
23.52,7.638414965727035,3.9572561567364346,3.9170894809220727,CLEAR,0.5
23.54,7.649468768921373,3.964420438417975,3.9258249638003284,CLEAR,0.5
23.56,7.660814009399196,3.971537197929909,3.934228371951874,CLEAR,0.5
23.58,7.672376373299339,3.978576838716614,3.942245190181883,CLEAR,0.5
23.6,7.683680226143896,3.985490067176148,3.9498941234903833,CLEAR,0.5
23.62,7.693675904544106,3.992631151070183,3.9572561567364346,CLEAR,0.5
23.64,7.702937622877506,3.9986836736523452,3.964420438417975,CLEAR,0.5
23.66,7.712078917876595,4.004149679469819,3.971537197929909,CLEAR,0.5
23.68,7.72126318676153,4.009522319637053,3.978576838716614,CLEAR,0.5
23.7,7.730456686814313,4.0150452997257435,3.985490067176148,CLEAR,0.5
23.72,7.739544441708456,4.020898297629312,3.992631151070183,CLEAR,0.5
23.74,7.748371925698545,4.027169919638694,3.9986836736523452,CLEAR,0.5
23.76,7.756974596357984,4.0337114463743395,4.004149679469819,CLEAR,0.5
23.78,7.765520635305924,4.040498611909155,4.009522319637053,CLEAR,0.5
23.8,7.7742202276283425,4.047564198329991,4.0150452997257435,CLEAR,0.5
23.82,7.783272413103733,4.054988507653899,4.020898297629312,CLEAR,0.5
23.84,7.792698031359922,4.062811046875221,4.027169919638694,CLEAR,0.5
23.86,7.80245968384108,4.071008317907099,4.0337114463743395,CLEAR,0.5
23.88,7.812531022567344,4.079533233809244,4.040498611909155,CLEAR,0.5
23.9,7.82271168580884,4.088417370908208,4.047564198329991,CLEAR,0.5
23.92,7.832869983510929,4.0974190277510365,4.054988507653899,CLEAR,0.5
23.94,7.842661913173179,4.106148476102754,4.062811046875221,CLEAR,0.5
23.96,7.852278183622858,4.114051989009594,4.071008317907099,CLEAR,0.5
23.98,7.862100054399441,4.121741817783705,4.079533233809244,CLEAR,0.5
24.0,7.872227053184619,4.129368607787637,4.088417370908208,CLEAR,0.5
24.02,7.882410960106085,4.136831197391655,4.0974190277510365,CLEAR,0.5
24.04,7.892491955450653,4.1439889428368275,4.106148476102754,CLEAR,0.5
24.06,7.902500463237527,4.1507564891261355,4.114051989009594,CLEAR,0.5
24.08,7.9123911530480004,4.157169489365819,4.121741817783705,CLEAR,0.5
24.1,7.922176117501026,4.163217343985323,4.129368607787637,CLEAR,0.5
24.12,7.931887902347702,4.168946618075472,4.136831197391655,CLEAR,0.5
24.14,7.941613350166201,4.174406438772684,4.1439889428368275,CLEAR,0.5
24.16,7.9514579394695,4.179707968622913,4.1507564891261355,CLEAR,0.5
24.18,7.961449635809204,4.184939893563163,4.157169489365819,CLEAR,0.5
24.2,7.971645687990022,4.190105236029281,4.163217343985323,CLEAR,0.5
24.22,7.981980489345468,4.195142455117412,4.168946618075472,CLEAR,0.5
24.24,7.992053587158196,4.200102145730054,4.174406438772684,CLEAR,0.5
24.26,8.000944621006116,4.205317451232433,4.179707968622913,CLEAR,0.5
24.28,8.009240221655018,4.209560492191954,4.184939893563163,CLEAR,0.5
24.3,8.017443489431125,4.213187520929196,4.190105236029281,CLEAR,0.5
24.32,8.02561638296338,4.216890055945041,4.195142455117412,CLEAR,0.5
24.34,8.033777847805602,4.220848905488306,4.200102145730054,CLEAR,0.5
24.36,8.041926012437573,4.225135589799455,4.205317451232433,CLEAR,0.5
24.38,8.049959343252954,4.229820396242822,4.209560492191954,CLEAR,0.5
24.4,8.057896443511376,4.234796944977734,4.213187520929196,CLEAR,0.5
24.42,8.065849623951982,4.240017959428712,4.216890055945041,CLEAR,0.5
24.44,8.073949995412056,4.245515382679606,4.220848905488306,CLEAR,0.5
24.46,8.082337358268303,4.251323504296912,4.225135589799455,CLEAR,0.5
24.48,8.091101682433512,4.257497180685264,4.229820396242822,CLEAR,0.5
24.5,8.100293929768146,4.264072139392057,4.234796944977734,CLEAR,0.5
24.52,8.10995101609309,4.271076684153971,4.240017959428712,CLEAR,0.5
24.54,8.120071129564032,4.278561328895552,4.245515382679606,CLEAR,0.5
24.56,8.13065538068442,4.286544484366501,4.251323504296912,CLEAR,0.5
24.58,8.14172279258496,4.295051926451629,4.257497180685264,CLEAR,0.5
24.6,8.153299798750838,4.304121723892327,4.264072139392057,CLEAR,0.5
24.62,8.165144745609105,4.313775628678081,4.271076684153971,CLEAR,0.5
24.64,8.176586048071043,4.323851699297534,4.278561328895552,CLEAR,0.5
24.66,8.1874881735949,4.333505481856846,4.286544484366501,CLEAR,0.5
24.68,8.1982769730239,4.342828141601483,4.295051926451629,CLEAR,0.5
24.7,8.209363908953048,4.352152672500215,4.304121723892327,CLEAR,0.5
24.72,8.220697630674792,4.361444458784923,4.313775628678081,CLEAR,0.5
24.74,8.231973224936423,4.3706107406922365,4.323851699297534,CLEAR,0.5
24.76,8.243031008906069,4.379487864686449,4.333505481856846,CLEAR,0.5
24.78,8.253805497037657,4.388012739808176,4.342828141601483,CLEAR,0.5
24.8,8.264326330406034,4.396161423704091,4.352152672500215,CLEAR,0.5
24.82,8.274671808660647,4.4039416087293155,4.361444458784923,CLEAR,0.5
24.84,8.285051014851584,4.411415202093689,4.3706107406922365,CLEAR,0.5
24.86,8.295624762893782,4.418734947485721,4.379487864686449,CLEAR,0.5
24.88,8.306471548383874,4.42602243305729,4.388012739808176,CLEAR,0.5
24.9,8.317576626780726,4.4332627189866995,4.396161423704091,CLEAR,0.5
24.92,8.328006010237317,4.440493095961931,4.4039416087293155,CLEAR,0.5
24.94,8.337048102663783,4.447773723802925,4.411415202093689,CLEAR,0.5
24.96,8.345501194462798,4.453694227713901,4.418734947485721,CLEAR,0.5
24.98,8.353900367917875,4.459046321478745,4.42602243305729,CLEAR,0.5
25.0,8.362315264318312,4.46438401562525,4.4332627189866995,CLEAR,0.5
25.02,8.370721672901348,4.469910683817826,4.440493095961931,CLEAR,0.5
25.04,8.379060551049228,4.4757495117695045,4.447773723802925,CLEAR,0.5
25.06,8.387190460017306,4.481962626960614,4.453694227713901,CLEAR,0.5
25.08,8.395149396425698,4.488397891300091,4.459046321478745,CLEAR,0.5
25.1,8.403079610787964,4.495030293426335,4.46438401562525,CLEAR,0.5
25.12,8.411199083777769,4.501920945135311,4.469910683817826,CLEAR,0.5
25.14,8.419657989651057,4.509136502669104,4.4757495117695045,CLEAR,0.5
25.16,8.428511980666453,4.516748446580996,4.481962626960614,CLEAR,0.5
25.18,8.43770378256247,4.524793260449584,4.488397891300091,CLEAR,0.5
25.2,8.447199477586135,4.5332252481730215,4.495030293426335,CLEAR,0.5
25.22,8.456986794162969,4.542021416027679,4.501920945135311,CLEAR,0.5
25.24,8.466735116942088,4.551227307387847,4.509136502669104,CLEAR,0.5
25.26,8.476543775451825,4.560292169131002,4.516748446580996,CLEAR,0.5
25.28,8.486227402367124,4.5693513843985665,4.524793260449584,CLEAR,0.5
25.3,8.495965372125086,4.577799263401325,4.5332252481730215,CLEAR,0.5
25.32,8.506053025456398,4.5861007685807085,4.542021416027679,CLEAR,0.5
25.34,8.516479108153536,4.594436024960795,4.551227307387847,CLEAR,0.5
25.36,8.527010641940638,4.602659748938224,4.560292169131002,CLEAR,0.5
25.38,8.537436897590489,4.610629592783165,4.5693513843985665,CLEAR,0.5
25.4,8.54774602804907,4.618218554264498,4.577799263401325,CLEAR,0.5
25.42,8.557939085702058,4.625444875502376,4.5861007685807085,CLEAR,0.5
25.44,8.568030445474932,4.632339092691828,4.594436024960795,CLEAR,0.5
25.46,8.578068888501114,4.638933269948499,4.602659748938224,CLEAR,0.5
25.48,8.588182795827976,4.645317825397636,4.610629592783165,CLEAR,0.5
25.5,8.598448292122848,4.651613856748703,4.618218554264498,CLEAR,0.5
25.52,8.60887365913764,4.657903264446126,4.625444875502376,CLEAR,0.5
25.54,8.619456967896552,4.664137383127547,4.632339092691828,CLEAR,0.5
25.56,8.629951142882835,4.670277211920916,4.638933269948499,CLEAR,0.5
25.58,8.639363696406056,4.67669694102984,4.645317825397636,CLEAR,0.5
25.6,8.64812361238466,4.682192552324625,4.651613856748703,CLEAR,0.5
25.62,8.656796130226702,4.687114443215416,4.657903264446126,CLEAR,0.5
25.64,8.665520885715189,4.692085255812043,4.664137383127547,CLEAR,0.5
25.66,8.674299552382626,4.697270047967673,4.670277211920916,CLEAR,0.5
25.68,8.683104254748603,4.70277287219701,4.67669694102984,CLEAR,0.5
25.7,8.691809115906386,4.7086465739780055,4.682192552324625,CLEAR,0.5
25.72,8.700403022627174,4.714786838936114,4.687114443215416,CLEAR,0.5
25.74,8.709001525452738,4.721142959252059,4.692085255812043,CLEAR,0.5
25.76,8.717761101432618,4.72775605427474,4.697270047967673,CLEAR,0.5
25.78,8.726849256893711,4.734661899986735,4.70277287219701,CLEAR,0.5
25.8,8.73637870329058,4.741944398160998,4.7086465739780055,CLEAR,0.5
25.82,8.74639153169071,4.749659326788983,4.714786838936114,CLEAR,0.5
25.84,8.756862779597022,4.757836748055043,4.721142959252059,CLEAR,0.5
25.86,8.767736094176788,4.766476266706098,4.72775605427474,CLEAR,0.5
25.88,8.779038547294423,4.775568079862482,4.734661899986735,CLEAR,0.5
25.9,8.790765665433527,4.785156290118862,4.741944398160998,CLEAR,0.5
25.92,8.802450097772393,4.79529586062652,4.749659326788983,CLEAR,0.5
25.94,8.813749616481925,4.8054701089777945,4.757836748055043,CLEAR,0.5
25.96,8.824455577109031,4.81530998059607,4.766476266706098,CLEAR,0.5
25.98,8.83516675877046,4.824694011586719,4.775568079862482,CLEAR,0.5
26.0,8.846087758219186,4.834100260300525,4.785156290118862,CLEAR,0.5
26.02,8.857066917016835,4.843448220538914,4.79529586062652,CLEAR,0.5
26.04,8.867885066217518,4.8526050612012135,4.8054701089777945,CLEAR,0.5
26.06,8.878447133503625,4.861432654081385,4.81530998059607,CLEAR,0.5
26.08,8.888743612615137,4.869898415720576,4.824694011586719,CLEAR,0.5
26.1,8.898809695029435,4.877979548895883,4.834100260300525,CLEAR,0.5
26.12,8.908747579565324,4.885730924830739,4.843448220538914,CLEAR,0.5
26.14,8.918760633036639,4.893227843816544,4.8526050612012135,CLEAR,0.5
26.16,8.92901780767713,4.90064126568873,4.861432654081385,CLEAR,0.5
26.18,8.939560833119979,4.908091111610649,4.869898415720576,CLEAR,0.5
26.2,8.95043709061128,4.915513753145739,4.877979548895883,CLEAR,0.5
26.22,8.960500168220078,4.923137888544002,4.885730924830739,CLEAR,0.5
26.24,8.96906775100207,4.930540975087648,4.893227843816544,CLEAR,0.5
26.26,8.977040742693108,4.936379906558705,4.90064126568873,CLEAR,0.5
26.28,8.984939338647866,4.941584662733123,4.908091111610649,CLEAR,0.5
26.3,8.992796716840875,4.946831002105429,4.915513753145739,CLEAR,0.5
26.32,9.000698655939582,4.9522715430846125,4.923137888544002,CLEAR,0.5
26.34,9.008605435112417,4.958079571429333,4.930540975087648,CLEAR,0.5
26.36,9.016386046961815,4.964279726361836,4.936379906558705,CLEAR,0.5
26.38,9.024033976812705,4.9707245337674975,4.941584662733123,CLEAR,0.5
26.4,9.031658313058848,4.977338547345996,4.946831002105429,CLEAR,0.5
26.42,9.039405851101115,4.98416570639409,4.9522715430846125,CLEAR,0.5
26.44,9.047409652774137,4.991266659934624,4.958079571429333,CLEAR,0.5
26.46,9.055781916886648,4.9987127278439285,4.964279726361836,CLEAR,0.5
26.48,9.064533305520273,5.006597982919607,4.9707245337674975,CLEAR,0.5
26.5,9.073666695247518,5.014953122252752,4.977338547345996,CLEAR,0.5
26.52,9.08316304820295,5.023786435099205,4.98416570639409,CLEAR,0.5
26.54,9.093056813084479,5.033110677639967,4.991266659934624,CLEAR,0.5
26.56,9.103329788395275,5.042926664783854,4.9987127278439285,CLEAR,0.5
26.58,9.113684572780265,5.05320295941352,5.006597982919607,CLEAR,0.5
26.6,9.123742876670889,5.063667464375429,5.014953122252752,CLEAR,0.5
26.62,9.13393831071659,5.073677088443666,5.023786435099205,CLEAR,0.5
26.64,9.144446902120425,5.083412598617257,5.033110677639967,CLEAR,0.5
26.66,9.155436221361384,5.093314330878385,5.042926664783854,CLEAR,0.5
26.68,9.166873344419503,5.10343936722261,5.05320295941352,CLEAR,0.5
26.7,9.178407178694359,5.113614596692986,5.063667464375429,CLEAR,0.5
26.72,9.189830540441585,5.1235616448942505,5.073677088443666,CLEAR,0.5
26.74,9.201099652199229,5.133145104191771,5.083412598617257,CLEAR,0.5
26.76,9.212181416732374,5.142393794464754,5.093314330878385,CLEAR,0.5
26.78,9.223072767175953,5.151307977294067,5.10343936722261,CLEAR,0.5
26.8,9.23388672860489,5.15990573919881,5.113614596692986,CLEAR,0.5
26.82,9.244773363908068,5.168283082419197,5.1235616448942505,CLEAR,0.5
26.84,9.255815810549038,5.176583353946898,5.133145104191771,CLEAR,0.5
26.86,9.267020585081248,5.184895352610984,5.142393794464754,CLEAR,0.5
26.88,9.278359925793128,5.193173191273155,5.151307977294067,CLEAR,0.5
26.9,9.2889999078384,5.201446751019841,5.15990573919881,CLEAR,0.5
26.92,9.298674243623653,5.20971046607546,5.168283082419197,CLEAR,0.5
26.94,9.30802870242231,5.216998710418559,5.176583353946898,CLEAR,0.5
26.96,9.317502271275567,5.223822584131572,5.184895352610984,CLEAR,0.5
26.98,9.32704587186119,5.230724839029075,5.193173191273155,CLEAR,0.5
27.0,9.336605340564098,5.237819941500501,5.201446751019841,CLEAR,0.5
27.02,9.346061603182115,5.245210430077005,5.20971046607546,CLEAR,0.5
27.04,9.355295170457877,5.252872255518062,5.216998710418559,CLEAR,0.5
27.06,9.364356882395631,5.260698555391076,5.223822584131572,CLEAR,0.5
27.08,9.373428014105606,5.268670951925237,5.230724839029075,CLEAR,0.5
27.1,9.382769382556077,5.276873013554174,5.237819941500501,CLEAR,0.5
27.12,9.392578982464727,5.285462278057808,5.245210430077005,CLEAR,0.5
27.14,9.402776658287912,5.294527856618453,5.252872255518062,CLEAR,0.5
27.16,9.413301495612467,5.30397969916952,5.260698555391076,CLEAR,0.5
27.18,9.42415245169459,5.313746049826484,5.268670951925237,CLEAR,0.5
27.2,9.435061730872288,5.323891745095704,5.276873013554174,CLEAR,0.5
27.22,9.445931415495801,5.33404175554316,5.285462278057808,CLEAR,0.5
27.24,9.456227314561893,5.343984235335837,5.294527856618453,CLEAR,0.5
27.26,9.466275884488585,5.353169145914559,5.30397969916952,CLEAR,0.5
27.28,9.476303595671677,5.362105584435525,5.313746049826484,CLEAR,0.5
27.3,9.486433313121564,5.3708250451910295,5.323891745095704,CLEAR,0.5
27.32,9.49655388316676,5.379382336329636,5.33404175554316,CLEAR,0.5
27.34,9.506636566627725,5.387721852022067,5.343984235335837,CLEAR,0.5
27.36,9.516648633552908,5.395846382318851,5.353169145914559,CLEAR,0.5
27.38,9.526449994255357,5.403742563761009,5.362105584435525,CLEAR,0.5
27.4,9.536072891062515,5.4113064815213825,5.3708250451910295,CLEAR,0.5
27.42,9.545649849402812,5.418571145597762,5.379382336329636,CLEAR,0.5
27.44,9.555314487262473,5.425641265152981,5.387721852022067,CLEAR,0.5
27.46,9.565159424125264,5.432636615050319,5.395846382318851,CLEAR,0.5
27.48,9.575155382284876,5.439622779842016,5.403742563761009,CLEAR,0.5
27.5,9.585352776219336,5.446483370563583,5.4113064815213825,CLEAR,0.5
27.52,9.594982548533023,5.4535034279792844,5.418571145597762,CLEAR,0.5
27.54,9.603329653913095,5.460420009959646,5.425641265152981,CLEAR,0.5
27.56,9.611060335584451,5.465924516656679,5.432636615050319,CLEAR,0.5
27.58,9.61859009272949,5.47079537695637,5.439622779842016,CLEAR,0.5
27.6,9.626054978384126,5.475630753556616,5.446483370563583,CLEAR,0.5
27.62,9.633546883662948,5.48063298850842,5.4535034279792844,CLEAR,0.5
27.64,9.640997987582216,5.485929947150118,5.460420009959646,CLEAR,0.5
27.66,9.648361388113637,5.491493341646104,5.465924516656679,CLEAR,0.5
27.68,9.655656325977377,5.497270507184642,5.47079537695637,CLEAR,0.5
27.7,9.662946992773422,5.503226018371112,5.475630753556616,CLEAR,0.5
27.72,9.670361006304876,5.5093672036901244,5.48063298850842,CLEAR,0.5
27.74,9.67799278254586,5.515779440771437,5.485929947150118,CLEAR,0.5
27.76,9.6859243796282,5.522509941915057,5.491493341646104,CLEAR,0.5
27.78,9.694216473857889,5.529615284411954,5.497270507184642,CLEAR,0.5
27.8,9.702897775523045,5.5371468396354135,5.503226018371112,CLEAR,0.5
27.82,9.711968904173299,5.545147085538579,5.5093672036901244,CLEAR,0.5
27.84,9.721468620909508,5.553628422614783,5.515779440771437,CLEAR,0.5
27.86,9.731420569178749,5.5626363582345135,5.522509941915057,CLEAR,0.5
27.88,9.741856181512125,5.572194584979633,5.529615284411954,CLEAR,0.5
27.9,9.752782428168732,5.582322005383634,5.5371468396354135,CLEAR,0.5
27.92,9.764096139075605,5.593015918588661,5.545147085538579,CLEAR,0.5
27.94,9.775254613398225,5.604201419233561,5.553628422614783,CLEAR,0.5
27.96,9.786152932561885,5.615272594910192,5.5626363582345135,CLEAR,0.5
27.98,9.7968279335043,5.625968129420294,5.572194584979633,CLEAR,0.5
28.0,9.807874618427617,5.636485100215237,5.582322005383634,CLEAR,0.5
28.02,9.819483561342366,5.647167523945258,5.593015918588661,CLEAR,0.5
28.04,9.831312121215568,5.657996028014295,5.604201419233561,CLEAR,0.5
28.06,9.842996606023124,5.668711190758695,5.615272594910192,CLEAR,0.5
28.08,9.854470441024253,5.679099892066057,5.625968129420294,CLEAR,0.5
28.1,9.865650402616916,5.689180126407218,5.636485100215237,CLEAR,0.5
28.12,9.87660165875951,5.698909282440248,5.647167523945258,CLEAR,0.5
28.14,9.887508524220467,5.708336422250562,5.657996028014295,CLEAR,0.5
28.16,9.89853706554336,5.717559382055819,5.668711190758695,CLEAR,0.5
28.18,9.909769701789397,5.726741907569704,5.679099892066057,CLEAR,0.5
28.2,9.921055702767474,5.735923505099817,5.689180126407218,CLEAR,0.5
28.22,9.932281035923667,5.744970660271442,5.698909282440248,CLEAR,0.5
28.24,9.942544253469668,5.75417876224753,5.708336422250562,CLEAR,0.5
28.26,9.952106833792728,5.762619454382386,5.717559382055819,CLEAR,0.5
28.28,9.961516256047224,5.770384481076236,5.726741907569704,CLEAR,0.5
28.3,9.970933529164194,5.7779558546340715,5.735923505099817,CLEAR,0.5
28.32,9.980335655379262,5.785542060330972,5.744970660271442,CLEAR,0.5
28.34,9.989632433092678,5.7932779228389215,5.75417876224753,CLEAR,0.5
28.36,9.998671748169262,5.801233756111856,5.762619454382386,CLEAR,0.5
28.38,10.007467926421201,5.80929065403296,5.770384481076236,CLEAR,0.5
28.4,10.016213072654747,5.817430201353478,5.7779558546340715,CLEAR,0.5
28.42,10.025147837870952,5.825761295748266,5.785542060330972,CLEAR,0.5
28.44,10.034495404512365,5.834417695155353,5.7932779228389215,CLEAR,0.5
28.46,10.044216432701466,5.843538360828746,5.801233756111856,CLEAR,0.5
28.48,10.05426413812743,5.853036342790239,5.80929065403296,CLEAR,0.5
28.5,10.064610694985388,5.862851127822999,5.817430201353478,CLEAR,0.5
28.52,10.074993258280244,5.873035835409027,5.825761295748266,CLEAR,0.5
28.54,10.085398013813533,5.8830686733615485,5.834417695155353,CLEAR,0.5
28.56,10.095265079926499,5.892963158542381,5.843538360828746,CLEAR,0.5
28.58,10.105091852951702,5.902012171912193,5.853036342790239,CLEAR,0.5
28.6,10.115195041812406,5.910946972014564,5.862851127822999,CLEAR,0.5
28.62,10.125441281344695,5.919934412925057,5.873035835409027,CLEAR,0.5
28.64,10.135653807507186,5.92880867913289,5.8830686733615485,CLEAR,0.5
28.66,10.14578443417754,5.937444645840838,5.892963158542381,CLEAR,0.5
28.68,10.15581939598618,5.945811316606438,5.902012171912193,CLEAR,0.5
28.7,10.165754958185344,5.9539060269992445,5.910946972014564,CLEAR,0.5
28.72,10.175579561433638,5.9617296275484435,5.919934412925057,CLEAR,0.5
28.74,10.185371724886455,5.969300919959832,5.92880867913289,CLEAR,0.5
28.76,10.195224378714427,5.976702732857368,5.937444645840838,CLEAR,0.5
28.78,10.20523648121086,5.984024889492346,5.945811316606438,CLEAR,0.5
28.8,10.21541121315885,5.9913515636240575,5.9539060269992445,CLEAR,0.5
28.82,10.225756897933357,5.998616982564678,5.9617296275484435,CLEAR,0.5
28.84,10.235907941539342,6.005902368600676,5.969300919959832,CLEAR,0.5
28.86,10.244844829543453,6.013326036274082,5.976702732857368,CLEAR,0.5
28.88,10.253101756308848,6.019567597372927,5.984024889492346,CLEAR,0.5
28.9,10.26118527585544,6.025087478836091,5.9913515636240575,CLEAR,0.5
28.92,10.269241694304478,6.030558566391558,5.998616982564678,CLEAR,0.5
28.94,10.277321602012393,6.03619487609565,6.005902368600676,CLEAR,0.5
28.96,10.285369393041933,6.042102242769269,6.013326036274082,CLEAR,0.5
28.98,10.293312167098412,6.048250687381276,6.019567597372927,CLEAR,0.5
29.0,10.301165108708041,6.054575797100504,6.025087478836091,CLEAR,0.5
29.02,10.30902146812719,6.061043517895248,6.030558566391558,CLEAR,0.5
29.04,10.317034854338157,6.06767872588857,6.03619487609565,CLEAR,0.5
29.06,10.32532407982011,6.074583489962578,6.042102242769269,CLEAR,0.5
29.08,10.333967188212718,6.081829942022439,6.048250687381276,CLEAR,0.5
29.1,10.343021195065768,6.089462028377161,6.054575797100504,CLEAR,0.5
29.12,10.352489521121427,6.097532589878682,6.061043517895248,CLEAR,0.5
29.14,10.362391247372647,6.106064224534872,6.06767872588857,CLEAR,0.5
29.16,10.372755350650905,6.115096084322622,6.074583489962578,CLEAR,0.5
29.18,10.383608286423632,6.1246603744894,6.081829942022439,CLEAR,0.5
29.2,10.39496718645198,6.134800041282549,6.089462028377161,CLEAR,0.5
29.22,10.406831882039247,6.145536293045305,6.097532589878682,CLEAR,0.5
29.24,10.419007430407895,6.156858219321074,6.106064224534872,CLEAR,0.5
29.26,10.430872228181755,6.16861448887452,6.115096084322622,CLEAR,0.5
29.28,10.442196869319602,6.180061217474782,6.1246603744894,CLEAR,0.5
29.3,10.453356831492737,6.1911051097767285,6.134800041282549,CLEAR,0.5
29.32,10.464832271820017,6.202060611347087,6.145536293045305,CLEAR,0.5
29.34,10.47661056238034,6.2130932286301075,6.156858219321074,CLEAR,0.5
29.36,10.488393878577526,6.224172883865962,6.16861448887452,CLEAR,0.5
29.38,10.499968634700776,6.235061526443145,6.180061217474782,CLEAR,0.5
29.4,10.511249831301809,6.245630935812847,6.1911051097767285,CLEAR,0.5
29.42,10.522297942379655,6.255832256848827,6.202060611347087,CLEAR,0.5
29.44,10.533214025743415,6.26571353632578,6.2130932286301075,CLEAR,0.5
29.46,10.544209577456721,6.275346259366711,6.224172883865962,CLEAR,0.5
29.48,10.555429261321782,6.284936827141542,6.235061526443145,CLEAR,0.5
29.5,10.566909183238328,6.294582003961915,6.245630935812847,CLEAR,0.5
29.52,10.578605660849615,6.304276286346922,6.255832256848827,CLEAR,0.5
29.54,10.589189487441068,6.314194318792999,6.26571353632578,CLEAR,0.5
29.56,10.598649495904585,6.323283132741413,6.275346259366711,CLEAR,0.5
29.58,10.60775055507282,6.331243879413046,6.284936827141542,CLEAR,0.5
29.6,10.61683644196797,6.338836728346846,6.294582003961915,CLEAR,0.5
29.62,10.625940748619634,6.346443627728114,6.304276286346922,CLEAR,0.5
29.64,10.635027093180902,6.354217665858445,6.314194318792999,CLEAR,0.5
29.66,10.643933921831145,6.362242497134397,6.323283132741413,CLEAR,0.5
29.68,10.65255141722757,6.3704023008175925,6.331243879413046,CLEAR,0.5
29.7,10.66102315162578,6.378553738193149,6.338836728346846,CLEAR,0.5
29.72,10.669554702509064,6.386801386115986,6.346443627728114,CLEAR,0.5
29.74,10.678363444088312,6.395271617895769,6.354217665858445,CLEAR,0.5
29.76,10.687566884269568,6.404103037445156,6.362242497134397,CLEAR,0.5
29.78,10.697106303022908,6.413358520971963,6.3704023008175925,CLEAR,0.5
29.8,10.706946239278748,6.422970470611334,6.378553738193149,CLEAR,0.5
29.82,10.716920251595264,6.432928581331064,6.386801386115986,CLEAR,0.5
29.84,10.726809876214402,6.443063124456961,6.395271617895769,CLEAR,0.5
29.86,10.736576370689098,6.4528590407657065,6.404103037445156,CLEAR,0.5
29.88,10.74625223973001,6.462263877059067,6.413358520971963,CLEAR,0.5
29.9,10.75617554098017,6.4714058895246325,6.422970470611334,CLEAR,0.5
29.92,10.766436946089561,6.480647983674917,6.432928581331064,CLEAR,0.5
29.94,10.776804832015427,6.489964841943155,6.443063124456961,CLEAR,0.5
29.96,10.787082564122096,6.499142822032338,6.4528590407657065,CLEAR,0.5
29.98,10.797230129685358,6.5080284124714565,6.462263877059067,CLEAR,0.5
30.0,10.807271175712414,6.5166074752317105,6.4714058895246325,CLEAR,0.5
30.02,10.817216743970897,6.524912784081364,6.480647983674917,CLEAR,0.5
30.04,10.827091712621206,6.5329499867584255,6.489964841943155,CLEAR,0.5
30.06,10.836975036340208,6.540781550331837,6.499142822032338,CLEAR,0.5
30.08,10.846970398330946,6.548504848067747,6.5080284124714565,CLEAR,0.5
30.1,10.857105370262143,6.5562233415268345,6.5166074752317105,CLEAR,0.5
30.12,10.86742195732476,6.56394227539638,6.524912784081364,CLEAR,0.5
30.14,10.877863218861215,6.57164689393194,6.5329499867584255,CLEAR,0.5
30.16,10.887794871672966,6.5794213081017325,6.540781550331837,CLEAR,0.5
30.18,10.896737477378782,6.586968645815673,6.548504848067747,CLEAR,0.5
30.2,10.905244851950343,6.593434403168726,6.5562233415268345,CLEAR,0.5
30.22,10.913652576880285,6.599521147489617,6.56394227539638,CLEAR,0.5
30.24,10.922057447149633,6.605648834225292,6.57164689393194,CLEAR,0.5
30.26,10.930503160165623,6.611960250681481,6.5794213081017325,CLEAR,0.5
30.28,10.93890156287802,6.618532751407261,6.586968645815673,CLEAR,0.5
30.3,10.947197022033508,6.625300102504126,6.593434403168726,CLEAR,0.5
30.32,10.95544207345705,6.6322047048077755,6.599521147489617,CLEAR,0.5
30.34,10.963765566661081,6.639257032394635,6.605648834225292,CLEAR,0.5
30.36,10.972312444652715,6.646527970862527,6.611960250681481,CLEAR,0.5
30.38,10.981206953365781,6.6541041490686155,6.618532751407261,CLEAR,0.5
30.4,10.99054362110626,6.662065000430834,6.625300102504126,CLEAR,0.5
30.42,11.000353319448209,6.670485212752849,6.6322047048077755,CLEAR,0.5
30.44,11.010636060100502,6.6793953537074895,6.639257032394635,CLEAR,0.5
30.46,11.021369413399547,6.688820564051753,6.646527970862527,CLEAR,0.5
30.48,11.032576956959844,6.698767869929651,6.6541041490686155,CLEAR,0.5
30.5,11.044293881906198,6.709266694161377,6.662065000430834,CLEAR,0.5
30.52,11.056480950686952,6.720351959370797,6.670485212752849,CLEAR,0.5
30.54,11.068628348013727,6.732005798150847,6.6793953537074895,CLEAR,0.5
30.56,11.080259065576943,6.743685557265959,6.688820564051753,CLEAR,0.5
30.58,11.091349209095196,6.754851068286967,6.698767869929651,CLEAR,0.5
30.6,11.102528990098774,6.765647583718269,6.709266694161377,CLEAR,0.5
30.62,11.11409824592606,6.776466053815062,6.720351959370797,CLEAR,0.5
30.64,11.125790743107178,6.78744390753216,6.732005798150847,CLEAR,0.5
30.66,11.137329159179618,6.798356945865557,6.743685557265959,CLEAR,0.5
30.68,11.148560341949809,6.809001084268856,6.754851068286967,CLEAR,0.5
30.7,11.15951394549927,6.81926918323041,6.765647583718269,CLEAR,0.5
30.72,11.17023979624677,6.829176413807947,6.776466053815062,CLEAR,0.5
30.74,11.180906133169104,6.838775157703411,6.78744390753216,CLEAR,0.5
30.76,11.19171163555435,6.848215451472278,6.798356945865557,CLEAR,0.5
30.78,11.202818235564344,6.857685019887891,6.809001084268856,CLEAR,0.5
30.8,11.214181694411478,6.867265643982959,6.81926918323041,CLEAR,0.5
30.82,11.225444290157606,6.876916416228349,6.829176413807947,CLEAR,0.5
30.84,11.235188830566303,6.886655875829494,6.838775157703411,CLEAR,0.5
30.86,11.244118303887646,6.894981151762763,6.848215451472278,CLEAR,0.5
30.88,11.252902652344476,6.902464880368993,6.857685019887891,CLEAR,0.5
30.9,11.26168639496773,6.909818182621899,6.867265643982959,CLEAR,0.5
30.92,11.270481510773648,6.91724302105245,6.876916416228349,CLEAR,0.5
30.94,11.279248017661207,6.924869983516867,6.886655875829494,CLEAR,0.5
30.96,11.287799741094823,6.9327368123881525,6.894981151762763,CLEAR,0.5
30.98,11.2961299748817,6.940658165872615,6.902464880368993,CLEAR,0.5
31.0,11.30436912488893,6.948591735276256,6.909818182621899,CLEAR,0.5
31.02,11.3127363577484,6.956624741930308,6.91724302105245,CLEAR,0.5
31.04,11.321414182116166,6.964905782007769,6.924869983516867,CLEAR,0.5
31.06,11.330510687057313,6.973567150695283,6.9327368123881525,CLEAR,0.5
31.08,11.339977186288628,6.982694885970662,6.940658165872615,CLEAR,0.5
31.1,11.349759422636822,6.99223185361751,6.948591735276256,CLEAR,0.5
31.12,11.359878111330689,7.002131114212427,6.956624741930308,CLEAR,0.5
31.14,11.37017267769827,7.012431008757908,6.964905782007769,CLEAR,0.5
31.16,11.380355620408189,7.022979137685628,6.973567150695283,CLEAR,0.5
31.18,11.390326655084662,7.0332254728198675,6.982694885970662,CLEAR,0.5
31.2,11.400151059613886,7.043080287836844,6.99223185361751,CLEAR,0.5
31.22,11.41029243483715,7.052644623556824,7.002131114212427,CLEAR,0.5
31.24,11.420875135363685,7.062386461950151,7.012431008757908,CLEAR,0.5
31.26,11.431629274710012,7.072323380847551,7.022979137685628,CLEAR,0.5
31.28,11.442322686870861,7.082206971921568,7.0332254728198675,CLEAR,0.5
31.3,11.452899076727658,7.091850120262281,7.043080287836844,CLEAR,0.5
31.32,11.463343321824176,7.101204878146335,7.052644623556824,CLEAR,0.5
31.34,11.473655084266353,7.11028386267406,7.062386461950151,CLEAR,0.5
31.36,11.483879204155205,7.119083387580346,7.072323380847551,CLEAR,0.5
31.38,11.494120104922764,7.127672627805351,7.082206971921568,CLEAR,0.5
31.4,11.50448544379032,7.136166882371125,7.091850120262281,CLEAR,0.5
31.42,11.515022005678968,7.144670062018649,7.101204878146335,CLEAR,0.5
31.44,11.52572787723335,7.15322962416085,7.11028386267406,CLEAR,0.5
31.46,11.536646168583632,7.161786276973548,7.119083387580346,CLEAR,0.5
31.48,11.546496537526394,7.170572986079789,7.127672627805351,CLEAR,0.5
31.5,11.555518624440928,7.178501547525102,7.136166882371125,CLEAR,0.5
31.52,11.564326987269117,7.185562363378982,7.144670062018649,CLEAR,0.5
31.54,11.573179831657429,7.192447174085675,7.15322962416085,CLEAR,0.5
31.56,11.582042212216257,7.199451910101548,7.161786276973548,CLEAR,0.5
31.58,11.590887758242479,7.206627717056257,7.170572986079789,CLEAR,0.5
31.6,11.599629281130506,7.214004041986275,7.178501547525102,CLEAR,0.5
31.62,11.60821091429713,7.221514493724729,7.185562363378982,CLEAR,0.5
31.64,11.616750467294825,7.22908415098058,7.192447174085675,CLEAR,0.5
31.66,11.625413544631506,7.236790072214234,7.199451910101548,CLEAR,0.5
31.68,11.634360629312084,7.244733879033302,7.206627717056257,CLEAR,0.5
31.7,11.643718200944116,7.253017052782995,7.214004041986275,CLEAR,0.5
31.72,11.65355636855562,7.2617340510143915,7.221514493724729,CLEAR,0.5
31.74,11.66388619337627,7.270947474779551,7.22908415098058,CLEAR,0.5
31.76,11.674653806202405,7.280681346518998,7.236790072214234,CLEAR,0.5
31.78,11.685838710466857,7.290899686526192,7.244733879033302,CLEAR,0.5
31.8,11.697513218748528,7.301612448283311,7.253017052782995,CLEAR,0.5
31.82,11.709584557843886,7.3128769905071005,7.2617340510143915,CLEAR,0.5
31.84,11.721406805946254,7.324652259219757,7.270947474779551,CLEAR,0.5
31.86,11.732818671082226,7.33615754975444,7.280681346518998,CLEAR,0.5
31.88,11.743772990481888,7.347247167820811,7.290899686526192,CLEAR,0.5
31.9,11.754840162110565,7.357971037404979,7.301612448283311,CLEAR,0.5
31.92,11.766127780124343,7.368725561491788,7.3128769905071005,CLEAR,0.5
31.94,11.77745274077597,7.379508758472991,7.324652259219757,CLEAR,0.5
31.96,11.788633902992135,7.390160001046095,7.33615754975444,CLEAR,0.5
31.98,11.799592704605494,7.40054693735458,7.347247167820811,CLEAR,0.5
32.0,11.810297902526095,7.410620741482621,7.357971037404979,CLEAR,0.5
32.02,11.820764992268103,7.42036025009514,7.368725561491788,CLEAR,0.5
32.04,11.83117636305327,7.429788333856717,7.379508758472991,CLEAR,0.5
32.06,11.841727751652844,7.439067454770982,7.390160001046095,CLEAR,0.5
32.08,11.852555208876726,7.448380237075966,7.40054693735458,CLEAR,0.5
32.1,11.863605649022603,7.45781952066037,7.410620741482621,CLEAR,0.5
32.12,11.874606115395865,7.467297086893162,7.42036025009514,CLEAR,0.5
32.14,11.884011294003383,7.4768783661799185,7.429788333856717,CLEAR,0.5
32.16,11.892585975340427,7.484941652271944,7.439067454770982,CLEAR,0.5
32.18,11.901007142609204,7.492130127785746,7.448380237075966,CLEAR,0.5
32.2,11.909422050034445,7.499192995150183,7.45781952066037,CLEAR,0.5
32.22,11.917839301516183,7.506325038601484,7.467297086893162,CLEAR,0.5
32.24,11.926243342930508,7.5136319792449155,7.4768783661799185,CLEAR,0.5
32.26,11.93447200048294,7.521174110733239,7.484941652271944,CLEAR,0.5
32.28,11.942467791493915,7.528776602341849,7.492130127785746,CLEAR,0.5
32.3,11.950375499234267,7.536351032986877,7.499192995150183,CLEAR,0.5
32.32,11.9583578739651,7.544000033467687,7.506325038601484,CLEAR,0.5
32.34,11.96658590205516,7.551841087513309,7.5136319792449155,CLEAR,0.5
32.36,11.975189494739432,7.56000322383633,7.521174110733239,CLEAR,0.5
32.38,11.984202690366622,7.5685904857553,7.528776602341849,CLEAR,0.5
32.4,11.993592086357399,7.577643498405672,7.536351032986877,CLEAR,0.5
32.42,12.003326206462186,7.587142976518944,7.544000033467687,CLEAR,0.5
