t,robot_x,dist_true,dist_measured,zone,cmd_vx
0.0,0.00026070754631734,5.830951894845301,5.830951894845301,CLEAR,0.0
0.02,0.0007510066869291821,5.83070500459499,5.830951894845301,CLEAR,0.0
0.04,0.0011220496491874303,5.83017991324872,5.830951894845301,CLEAR,0.0
0.06,0.0013305871852394716,5.829783179428421,5.830951894845301,CLEAR,0.0
0.08,0.0012690982147340376,5.829617127305669,5.830951894845301,CLEAR,0.0
0.1,0.0009404477869093458,5.829669302898247,5.830951894845301,CLEAR,0.0
0.12,0.0004329788431614253,5.829996217830364,5.83070500459499,CLEAR,0.0
0.14,-0.0001618607911349641,5.8305145451672145,5.83017991324872,CLEAR,0.0
0.16,-0.0009747060602578501,5.831046545882938,5.829783179428421,CLEAR,0.0
0.18,-0.0019346138652258042,5.8317906405148205,5.829617127305669,CLEAR,0.0
0.2,-0.0030576942037470805,5.832644050443353,5.829669302898247,CLEAR,0.0
0.22,-0.004318775020017063,5.833604922607717,5.829996217830364,CLEAR,0.0
0.24,-0.005708138599741633,5.834675422811869,5.8305145451672145,CLEAR,0.0
0.26,-0.007197861006451564,5.8358448772647815,5.831046545882938,CLEAR,0.0
0.28,-0.008794711302852731,5.837086065142369,5.8317906405148205,CLEAR,0.0
0.3,-0.01047956873253347,5.838411447737057,5.832644050443353,CLEAR,0.0
0.32,-0.012247649726641215,5.83979801746186,5.833604922607717,CLEAR,0.0
0.34,-0.014087139983940416,5.8412567596274005,5.834675422811869,CLEAR,0.0
0.36,-0.01599353805910168,5.842775006478356,5.8358448772647815,CLEAR,0.0
0.38,-0.017947141382403744,5.844345429832923,5.837086065142369,CLEAR,0.0
0.4,-0.01994110349787154,5.84595877609893,5.838411447737057,CLEAR,0.0
0.42,-0.021956303181469933,5.847616231837112,5.83979801746186,CLEAR,0.0
0.44,-0.023995448571650976,5.849301952186775,5.8412567596274005,CLEAR,0.0
0.46,-0.02605303088860819,5.851023312646141,5.842775006478356,CLEAR,0.0
0.48,-0.02814491600883736,5.852779096002651,5.844345429832923,CLEAR,0.0
0.5,-0.030274324700457066,5.854585534472747,5.84595877609893,CLEAR,0.0
0.52,-0.03244146710423081,5.856459856946977,5.847616231837112,CLEAR,0.0
0.54,-0.03465672367257308,5.858399487008737,5.849301952186775,CLEAR,0.0
0.56,-0.036917897442783634,5.860421345224782,5.851023312646141,CLEAR,0.0
0.58,-0.03922636995979615,5.862525278814828,5.852779096002651,CLEAR,0.0
0.6,-0.041580204612956306,5.864715608373149,5.854585534472747,CLEAR,0.0
0.62,-0.04398867896620372,5.866988206214376,5.856459856946977,CLEAR,0.0
0.64,-0.046446462609577896,5.8693437374313175,5.858399487008737,CLEAR,0.0
0.66,-0.04894864208574711,5.871783320036962,5.860421345224782,CLEAR,0.0
0.68,-0.05149966227789895,5.874297761656233,5.862525278814828,CLEAR,0.0
0.7,-0.054086939684862695,5.876889369738697,5.864715608373149,CLEAR,0.0
0.72,-0.05670850519539842,5.879540771078704,5.866988206214376,CLEAR,0.0
0.74,-0.05934688797345171,5.882234295554111,5.8693437374313175,CLEAR,0.0
0.76,-0.061990041660630164,5.884940063311025,5.871783320036962,CLEAR,0.0
0.78,-0.06462510498062189,5.8876215413002795,5.874297761656233,CLEAR,0.0
0.8,-0.06731432507663625,5.890212268446178,5.876889369738697,CLEAR,0.0
0.82,-0.0700843272652434,5.892798023788847,5.879540771078704,CLEAR,0.0
0.84,-0.07296290029346489,5.895329748018676,5.882234295554111,CLEAR,0.0
0.86,-0.07571309396269639,5.89777546398373,5.884940063311025,CLEAR,0.0
0.88,-0.07824955749198208,5.899851754171099,5.8876215413002795,CLEAR,0.0
0.9,-0.08068578483342785,5.901472570973051,5.890212268446178,CLEAR,0.0
0.92,-0.08316868156925916,5.902744318366453,5.892798023788847,CLEAR,0.0
0.94,-0.08602073259775907,5.903832351249065,5.895329748018676,CLEAR,0.0
0.96,-0.08893283639102972,5.905150711322458,5.89777546398373,CLEAR,0.0
0.98,-0.09129395993765066,5.906495707941228,5.899851754171099,CLEAR,0.0
1.0,-0.09334804752664458,5.907447285866685,5.901472570973051,CLEAR,0.0
1.02,-0.09554475119450645,5.908325578244627,5.902744318366453,CLEAR,0.010000000000000009
1.04,-0.09777659473668324,5.9096265488943684,5.903832351249065,CLEAR,0.020000000000000018
1.06,-0.09980325695824155,5.911289189885832,5.905150711322458,CLEAR,0.030000000000000027
1.08,-0.10159651335142428,5.913064800932093,5.906495707941228,CLEAR,0.040000000000000036
1.1,-0.10316115919122462,5.9148175277395065,5.907447285866685,CLEAR,0.050000000000000044
1.12,-0.10463758431432664,5.91655695131994,5.908325578244627,CLEAR,0.06000000000000005
1.14,-0.10629817776727318,5.918261223307682,5.9096265488943684,CLEAR,0.07000000000000006
1.16,-0.10768473142381133,5.92011970102864,5.911289189885832,CLEAR,0.07999999999999996
1.18,-0.10891446085384811,5.921870980869767,5.913064800932093,CLEAR,0.08999999999999997
1.2,-0.11053537805728311,5.923450672519437,5.9148175277395065,CLEAR,0.09999999999999998
1.22,-0.11278582797145985,5.925396135776678,5.91655695131994,CLEAR,0.10999999999999999
1.24,-0.11519504018060527,5.927803932914607,5.918261223307682,CLEAR,0.12
1.26,-0.11743865116056841,5.9301737947126165,5.92011970102864,CLEAR,0.13
1.28,-0.1194727744410788,5.932181446030011,5.921870980869767,CLEAR,0.14
1.3,-0.12136792848683986,5.93376355533134,5.923450672519437,CLEAR,0.15000000000000002
1.32,-0.1232472590273975,5.935003756145152,5.925396135776678,CLEAR,0.16000000000000003
1.34,-0.12519084484983295,5.936007819514508,5.927803932914607,CLEAR,0.17000000000000004
1.36,-0.12731859051979286,5.936889717443371,5.9301737947126165,CLEAR,0.18000000000000005
1.38,-0.1297801211588272,5.937813641204636,5.932181446030011,CLEAR,0.19000000000000006
1.4,-0.1322914092080489,5.939103793324319,5.93376355533134,CLEAR,0.20000000000000007
1.42,-0.13386719240740919,5.940717917759626,5.935003756145152,CLEAR,0.20999999999999996
1.44,-0.13479951071738336,5.941641910876713,5.936007819514508,CLEAR,0.21999999999999997
1.46,-0.13540252555451862,5.9421285970197495,5.936889717443371,CLEAR,0.22999999999999998
1.48,-0.13550127737520032,5.942555269739741,5.937813641204636,CLEAR,0.24
1.5,-0.13521879149215998,5.942796401817016,5.939103793324319,CLEAR,0.25
1.52,-0.13471148426498342,5.9428686266862485,5.940717917759626,CLEAR,0.26
1.54,-0.13405063527506586,5.94285372073074,5.941641910876713,CLEAR,0.27
1.56,-0.1332441186747745,5.9428298443110625,5.9421285970197495,CLEAR,0.28
1.58,-0.13243541594742933,5.942834027581681,5.942555269739741,CLEAR,0.29000000000000004
1.6,-0.131586675363715,5.9429291717671,5.942796401817016,CLEAR,0.30000000000000004
1.62,-0.1302242575541161,5.943032807823392,5.9428686266862485,CLEAR,0.31000000000000005
1.64,-0.1288586039901366,5.942757847587279,5.94285372073074,CLEAR,0.32000000000000006
1.66,-0.12804167711107653,5.9424989298333415,5.9428298443110625,CLEAR,0.33000000000000007
1.68,-0.12752758053793165,5.9426000084106025,5.942834027581681,CLEAR,0.33999999999999997
1.7,-0.1269804456839886,5.94276199518114,5.9429291717671,CLEAR,0.35
1.72,-0.12624578743740714,5.942683860347257,5.943032807823392,CLEAR,0.36
1.74,-0.1252951638797717,5.942261373200961,5.942757847587279,CLEAR,0.37
1.76,-0.12419467689682263,5.941479469742979,5.9424989298333415,CLEAR,0.38
1.78,-0.1229794763014124,5.940406289863702,5.9426000084106025,CLEAR,0.39
1.8,-0.12162417286360466,5.9390778144709975,5.94276199518114,CLEAR,0.4
1.82,-0.12005543271407176,5.937498766344886,5.942683860347257,CLEAR,0.41000000000000003
1.84,-0.11820030851401442,5.935621891301202,5.942261373200961,CLEAR,0.42000000000000004
1.86,-0.11604987703658991,5.933381422250299,5.941479469742979,CLEAR,0.43000000000000005
1.88,-0.11359866081757293,5.930758253036626,5.940406289863702,CLEAR,0.44000000000000006
1.9,-0.11085814084986688,5.9277507680059305,5.9390778144709975,CLEAR,0.45000000000000007
1.92,-0.10777760212468264,5.924330909537813,5.937498766344886,CLEAR,0.45999999999999996
1.94,-0.1044759045250322,5.920512216817705,5.935621891301202,CLEAR,0.47
1.96,-0.10117288451588284,5.916414520153082,5.933381422250299,CLEAR,0.48
1.98,-0.09810589140421037,5.912250595665685,5.930758253036626,CLEAR,0.49
2.0,-0.0939076404061768,5.908769209817943,5.9277507680059305,CLEAR,0.5
2.02,-0.08869494105722472,5.9043026423682905,5.924330909537813,CLEAR,0.5
2.04,-0.08269661164700516,5.8991180567739345,5.920512216817705,CLEAR,0.5
2.06,-0.07605645249502936,5.893382607988834,5.916414520153082,CLEAR,0.5
2.08,-0.06907282599117036,5.887342761717319,5.912250595665685,CLEAR,0.5
2.1,-0.061999576999323014,5.881337084079435,5.908769209817943,CLEAR,0.5
2.12,-0.054850374912814866,5.875525489823603,5.9043026423682905,CLEAR,0.5
2.14,-0.04754819991428208,5.869898323316486,5.8991180567739345,CLEAR,0.5
2.16,-0.04002910215103263,5.864381335600977,5.893382607988834,CLEAR,0.5
2.18,-0.03222134239149689,5.858920746150137,5.887342761717319,CLEAR,0.5
2.2,-0.02400393100172591,5.853438413597617,5.881337084079435,CLEAR,0.5
2.22,-0.015345386490005433,5.847796008622462,5.875525489823603,CLEAR,0.5
2.24,-0.0061923293247112465,5.8419495229751135,5.869898323316486,CLEAR,0.5
2.26,0.002355047860187411,5.8356883321064705,5.864381335600977,CLEAR,0.5
2.28,0.010314394905130603,5.829952536287287,5.858920746150137,CLEAR,0.5
2.3,0.018123860897127496,5.824733426597137,5.853438413597617,CLEAR,0.5
2.32,0.026053678972515135,5.819531757705711,5.847796008622462,CLEAR,0.5
2.34,0.034120521913002674,5.814105282027274,5.8419495229751135,CLEAR,0.5
2.36,0.04231109126187075,5.808379058852382,5.8356883321064705,CLEAR,0.5
2.38,0.05054979320932332,5.802330417609273,5.829952536287287,CLEAR,0.5
2.4,0.05874635041364051,5.7959752758066765,5.824733426597137,CLEAR,0.5
2.42,0.0670065865403302,5.789398000463713,5.819531757705711,CLEAR,0.5
2.44,0.07549211487887655,5.782564934836332,5.814105282027274,CLEAR,0.5
2.46,0.08435717621349736,5.775405677696164,5.808379058852382,CLEAR,0.5
2.48,0.0937784731544923,5.76785350642257,5.802330417609273,CLEAR,0.5
2.5,0.10378867516117665,5.75980708689612,5.7959752758066765,CLEAR,0.5
2.52,0.11425609313745927,5.751245885399387,5.789398000463713,CLEAR,0.5
2.54,0.1251547913600168,5.7422529178052075,5.782564934836332,CLEAR,0.5
2.56,0.13650155532861055,5.732826399068672,5.775405677696164,CLEAR,0.5
2.58,0.1479527193062347,5.722905565732839,5.76785350642257,CLEAR,0.5
2.6,0.15885732060158717,5.712748702660996,5.75980708689612,CLEAR,0.5
2.62,0.1692494613718403,5.703201789596945,5.751245885399387,CLEAR,0.5
2.64,0.17958682556597236,5.694074487888187,5.7422529178052075,CLEAR,0.5
2.66,0.18995667570721825,5.684914930896755,5.732826399068672,CLEAR,0.5
2.68,0.20030515501831403,5.675884307600801,5.722905565732839,CLEAR,0.5
2.7,0.2105164230143843,5.666997507251873,5.712748702660996,CLEAR,0.5
2.72,0.220583844281208,5.65840448824732,5.703201789596945,CLEAR,0.5
2.74,0.2304663139740389,5.650118305808886,5.694074487888187,CLEAR,0.5
2.76,0.24019010760965193,5.642160709178356,5.684914930896755,CLEAR,0.5
2.78,0.24973327708886697,5.634527894355873,5.675884307600801,CLEAR,0.5
2.8,0.25923221424467335,5.627224426702095,5.666997507251873,CLEAR,0.5
2.82,0.26892048053819007,5.620133459619884,5.65840448824732,CLEAR,0.5
2.84,0.2789047329987344,5.6130600862341415,5.650118305808886,CLEAR,0.5
2.86,0.2892538355735249,5.6059597752417485,5.642160709178356,CLEAR,0.5
2.88,0.299646750819932,5.598678614598156,5.634527894355873,CLEAR,0.5
2.9,0.30852469688049455,5.59103141274365,5.627224426702095,CLEAR,0.5
2.92,0.316446951494452,5.584787495423163,5.620133459619884,CLEAR,0.5
2.94,0.3240723000422461,5.579547993797144,5.6130600862341415,CLEAR,0.5
2.96,0.3316075001317364,5.574513397826327,5.6059597752417485,CLEAR,0.5
2.98,0.33915978025333315,5.569378680050729,5.598678614598156,CLEAR,0.5
3.0,0.3467234318333735,5.563956325850422,5.59103141274365,CLEAR,0.5
3.02,0.354202775472684,5.558206003891765,5.584787495423163,CLEAR,0.5
3.04,0.36156288467937264,5.552224183779051,5.579547993797144,CLEAR,0.5
3.06,0.3688620492799271,5.546093358021589,5.574513397826327,CLEAR,0.5
3.08,0.3762154346986237,5.539808781322332,5.569378680050729,CLEAR,0.5
3.1,0.3837594001456013,5.533341777955864,5.563956325850422,CLEAR,0.5
3.12,0.3915667129760183,5.526591013239176,5.558206003891765,CLEAR,0.5
3.14,0.39967778311047836,5.519504361685823,5.552224183779051,CLEAR,0.5
3.16,0.40814001243451936,5.51203059783605,5.546093358021589,CLEAR,0.5
3.18,0.416963566531712,5.504120682262318,5.539808781322332,CLEAR,0.5
3.2,0.4261713957493191,5.495756938344239,5.533341777955864,CLEAR,0.5
3.22,0.4358074418172118,5.486924578260807,5.526591013239176,CLEAR,0.5
3.24,0.44588070587701684,5.477578152053547,5.519504361685823,CLEAR,0.5
3.26,0.4562326121918491,5.4677293526385915,5.51203059783605,CLEAR,0.5
3.28,0.4663200929813495,5.457485940977754,5.504120682262318,CLEAR,0.5
3.3,0.476303508510562,5.447534831192831,5.495756938344239,CLEAR,0.5
3.32,0.48659262788688695,5.437973020308228,5.486924578260807,CLEAR,0.5
3.34,0.4973900774102481,5.428183241453236,5.477578152053547,CLEAR,0.5
3.36,0.5087245478965938,5.418041842127879,5.4677293526385915,CLEAR,0.5
3.38,0.5203098270381036,5.407747419455881,5.457485940977754,CLEAR,0.5
3.4,0.5318513876762168,5.397570826538621,5.447534831192831,CLEAR,0.5
3.42,0.5432368067231362,5.387736154499628,5.437973020308228,CLEAR,0.5
3.44,0.5544281732419558,5.378216440098272,5.428183241453236,CLEAR,0.5
3.46,0.5654179479260444,5.36905826845119,5.418041842127879,CLEAR,0.5
3.48,0.5763153643296127,5.360252276087289,5.407747419455881,CLEAR,0.5
3.5,0.5872778155545673,5.351702823235321,5.397570826538621,CLEAR,0.5
3.52,0.5984378840939476,5.343283336084797,5.387736154499628,CLEAR,0.5
3.54,0.6098478040501447,5.334863967165459,5.378216440098272,CLEAR,0.5
3.56,0.6213405741064212,5.326417664215916,5.36905826845119,CLEAR,0.5
3.58,0.63230347319547,5.31803852132211,5.360252276087289,CLEAR,0.5
3.6,0.6423361821464628,5.309601135990936,5.351702823235321,CLEAR,0.5
3.62,0.6519427719693044,5.302085367638684,5.343283336084797,CLEAR,0.5
3.64,0.6616276737352853,5.295058419614589,5.334863967165459,CLEAR,0.5
3.66,0.6713985590819358,5.288019959307414,5.326417664215916,CLEAR,0.5
3.68,0.6812010611761194,5.280822673883659,5.31803852132211,CLEAR,0.5
3.7,0.6908890708651538,5.273341214296064,5.309601135990936,CLEAR,0.5
3.72,0.7003265698647686,5.2655883237163055,5.302085367638684,CLEAR,0.5
3.74,0.7095824468806247,5.257671634023126,5.295058419614589,CLEAR,0.5
3.76,0.7188854863708607,5.249604395655736,5.288019959307414,CLEAR,0.5
3.78,0.7284716803848129,5.241264554418179,5.280822673883659,CLEAR,0.5
3.8,0.7385304971296595,5.232548296921725,5.273341214296064,CLEAR,0.5
3.82,0.7489935864162873,5.223358819244584,5.2655883237163055,CLEAR,0.5
3.84,0.7597966671111461,5.2138095298652525,5.257671634023126,CLEAR,0.5
3.86,0.770850080935196,5.203961973822417,5.249604395655736,CLEAR,0.5
3.88,0.7819091509768619,5.193809644257178,5.241264554418179,CLEAR,0.5
3.9,0.7927542836515608,5.183899381856715,5.232548296921725,CLEAR,0.5
3.92,0.8029518065772857,5.174518285424024,5.223358819244584,CLEAR,0.5
3.94,0.8129508966436003,5.165752778887228,5.2138095298652525,CLEAR,0.5
3.96,0.8230504625938388,5.157272758455824,5.203961973822417,CLEAR,0.5
3.98,0.8331833959040755,5.148990867797719,5.193809644257178,CLEAR,0.5
4.0,0.8432721271692573,5.140910125386038,5.183899381856715,CLEAR,0.5
4.02,0.8533929899562923,5.133078834468529,5.174518285424024,CLEAR,0.5
4.04,0.8634437282390949,5.125428373006273,5.165752778887228,CLEAR,0.5
4.06,0.8733350969944826,5.118014094553169,5.157272758455824,CLEAR,0.5
4.08,0.8830924796044882,5.110941874860534,5.148990867797719,CLEAR,0.5
4.1,0.8928256581105244,5.104183571617679,5.140910125386038,CLEAR,0.5
4.12,0.9026604491357213,5.097639721271281,5.133078834468529,CLEAR,0.5
4.14,0.9126871629603335,5.0912056400389405,5.125428373006273,CLEAR,0.5
4.16,0.9228583064154475,5.084829807091688,5.118014094553169,CLEAR,0.5
4.18,0.9332363608406934,5.075008251208057,5.110941874860534,CLEAR,0.5
4.2,0.9426813033550588,5.059006871267933,5.104183571617679,CLEAR,0.5
4.22,0.9511203162246207,5.043508919005537,5.097639721271281,CLEAR,0.5
4.24,0.9591410621732823,5.0291064344352705,5.0912056400389405,CLEAR,0.5
4.26,0.9669908548956259,5.015090185452876,5.084829807091688,CLEAR,0.5
4.28,0.9747425855802094,5.001082097849287,5.075008251208057,CLEAR,0.5
4.3,0.9824548231154293,4.986921773989552,5.059006871267933,CLEAR,0.5
4.32,0.9900655118089037,4.972497707640331,5.043508919005537,CLEAR,0.5
4.34,0.9975826878757814,4.957854136125941,5.0291064344352705,CLEAR,0.5
4.36,1.0050521648986979,4.943007844699868,5.015090185452876,CLEAR,0.5
4.38,1.012578332824115,4.927978096758226,5.001082097849287,CLEAR,0.5
4.4,1.0202854407471205,4.912729280391219,4.986921773989552,CLEAR,0.5
4.42,1.028276042352355,4.8972041223888585,4.972497707640331,CLEAR,0.5
4.44,1.0366053157925255,4.8813433282844345,4.957854136125941,CLEAR,0.5
4.46,1.0453130773558914,4.865114950811947,4.943007844699868,CLEAR,0.5
4.48,1.054400105692241,4.848468806221888,4.927978096758226,CLEAR,0.5
4.5,1.063900581048359,4.831384496791162,4.912729280391219,CLEAR,0.5
4.52,1.073837761682139,4.813821563343315,4.8972041223888585,CLEAR,0.5
4.54,1.0842399480304652,4.795747635513347,4.8813433282844345,CLEAR,0.5
4.56,1.095140788795855,4.77712739685829,4.865114950811947,CLEAR,0.5
4.58,1.1065606855795003,4.757949585797434,4.848468806221888,CLEAR,0.5
4.6,1.1184080357090163,4.738190340683658,4.831384496791162,CLEAR,0.5
4.62,1.130225046250733,4.717921229965335,4.813821563343315,CLEAR,0.5
4.64,1.1415805610188559,4.697574011996384,4.795747635513347,CLEAR,0.5
4.66,1.1525476160108152,4.677890941828797,4.77712739685829,CLEAR,0.5
4.68,1.1638180842163788,4.658345320058809,4.757949585797434,CLEAR,0.5
4.7,1.1756686508372869,4.638658414991968,4.738190340683658,CLEAR,0.5
4.72,1.1877919123890202,4.6188703466281575,4.717921229965335,CLEAR,0.5
4.74,1.1997944537981007,4.59915303921609,4.697574011996384,CLEAR,0.5
4.76,1.211513326037316,4.579749665222813,4.677890941828797,CLEAR,0.5
4.78,1.2229136766689992,4.560700186228106,4.658345320058809,CLEAR,0.5
4.8,1.2340827924902327,4.542033638667345,4.638658414991968,CLEAR,0.5
4.82,1.245242862704904,4.523702125227555,4.6188703466281575,CLEAR,0.5
4.84,1.2565795344132193,4.505552373848788,4.59915303921609,CLEAR,0.5
4.86,1.2681626602690503,4.487430156087076,4.579749665222813,CLEAR,0.5
4.88,1.2798357192069796,4.469336828728108,4.560700186228106,CLEAR,0.5
4.9,1.2908823644531988,4.451321358228865,4.542033638667345,CLEAR,0.5
4.92,1.3009072148289662,4.433524499891928,4.523702125227555,CLEAR,0.5
4.94,1.310439667655556,4.416738165751571,4.505552373848788,CLEAR,0.5
4.96,1.3198734332261857,4.400475795295456,4.487430156087076,CLEAR,0.5
4.98,1.3293685266469515,4.384349886906293,4.469336828728108,CLEAR,0.5
5.0,1.3388575900404671,4.368087176362143,4.451321358228865,CLEAR,0.5
5.02,1.3481424524200256,4.351590051959854,4.433524499891928,CLEAR,0.5
5.04,1.357110107584842,4.334931886232976,4.416738165751571,CLEAR,0.5
5.06,1.3658646357215394,4.318229890947281,4.400475795295456,CLEAR,0.5
5.08,1.3746360026216013,4.301445153114288,4.384349886906293,CLEAR,0.5
5.1,1.3836691078299983,4.28445497834162,4.368087176362143,CLEAR,0.5
5.12,1.3930560940815164,4.267129671473327,4.351590051959854,CLEAR,0.5
5.14,1.402761104626341,4.249434844763079,4.334931886232976,CLEAR,0.5
5.16,1.412762120526934,4.2314615738800345,4.318229890947281,CLEAR,0.5
5.18,1.4228915392575774,4.213196439502681,4.301445153114288,CLEAR,0.5
5.2,1.433047626793425,4.194901704136928,4.28445497834162,CLEAR,0.5
5.22,1.442856376283903,4.176837190024917,4.267129671473327,CLEAR,0.5
5.24,1.4525178112140962,4.159571970245497,4.249434844763079,CLEAR,0.5
5.26,1.4623715550048968,4.142520983654854,4.2314615738800345,CLEAR,0.5
5.28,1.4724760703835023,4.1254454634865825,4.213196439502681,CLEAR,0.5
5.3,1.4826165493388959,4.1084393815746,4.194901704136928,CLEAR,0.5
5.32,1.4926475499648049,4.091665420142573,4.176837190024917,CLEAR,0.5
5.34,1.502602263722439,4.075240617791151,4.159571970245497,CLEAR,0.5
5.36,1.5124741453059773,4.059121944926945,4.142520983654854,CLEAR,0.5
5.38,1.5222598386297117,4.043304130547438,4.1254454634865825,CLEAR,0.5
5.4,1.5319810591085452,4.027759902786996,4.1084393815746,CLEAR,0.5
5.42,1.541713317569949,4.0124459845175,4.091665420142573,CLEAR,0.5
5.44,1.5515545357608325,3.9972664369688387,4.075240617791151,CLEAR,0.5
5.46,1.5615464167012336,3.9821291363292737,4.059121944926945,CLEAR,0.5
5.48,1.5716929643212705,3.9670242866485017,4.043304130547438,CLEAR,0.5
5.5,1.5820596932481263,3.9520315989909154,4.027759902786996,CLEAR,0.5
5.52,1.5916583167213243,3.9368528463227785,4.0124459845175,CLEAR,0.5
5.54,1.6003277260645918,3.922132494623229,3.9972664369688387,CLEAR,0.5
5.56,1.6085987622929927,3.9084237228529553,3.9821291363292737,CLEAR,0.5
5.58,1.6167583668215928,3.8950752865491234,3.9670242866485017,CLEAR,0.5
5.6,1.6248676452384956,3.8817067877667633,3.9520315989909154,CLEAR,0.5
5.62,1.632990519531361,3.8681949187934856,3.9368528463227785,CLEAR,0.5
5.64,1.6410626229484806,3.854439918344257,3.922132494623229,CLEAR,0.5
5.66,1.6490463945184548,3.840490473976886,3.9084237228529553,CLEAR,0.5
5.68,1.65700581564663,3.8264009712149005,3.8950752865491234,CLEAR,0.5
5.7,1.6650490589309814,3.8121503668385026,3.8817067877667633,CLEAR,0.5
5.72,1.6733127784799942,3.7976960033065184,3.8681949187934856,CLEAR,0.5
5.74,1.6818911833000203,3.7829518443374095,3.854439918344257,CLEAR,0.5
5.76,1.6908583625337057,3.7678697364901113,3.840490473976886,CLEAR,0.5
5.78,1.700267971411833,3.7524016726131215,3.8264009712149005,CLEAR,0.5
5.8,1.7101355023638856,3.736498798606778,3.8121503668385026,CLEAR,0.5
5.82,1.7204615880608356,3.72012556441317,3.7976960033065184,CLEAR,0.5
5.84,1.731279818385218,3.703255880938512,3.7829518443374095,CLEAR,0.5
5.86,1.742608246060165,3.685844969681346,3.7678697364901113,CLEAR,0.5
5.88,1.7544564372118576,3.667876460494548,3.7524016726131215,CLEAR,0.5
5.9,1.7665818556601964,3.6493332882691556,3.736498798606778,CLEAR,0.5
5.92,1.7783034822963983,3.6304226756941986,3.72012556441317,CLEAR,0.5
5.94,1.7894343372515378,3.6119322761137846,3.703255880938512,CLEAR,0.5
5.96,1.800452688988335,3.5939320494161375,3.685844969681346,CLEAR,0.5
5.98,1.811798074109284,3.5760279625651528,3.667876460494548,CLEAR,0.5
6.0,1.823383735953616,3.558052213529243,3.6493332882691556,CLEAR,0.5
6.02,1.8348852031503349,3.5400726750785356,3.6304226756941986,CLEAR,0.5
6.04,1.846114212475697,3.522353012589783,3.6119322761137846,CLEAR,0.5
6.06,1.857050778201127,3.5050270053320003,3.5939320494161375,CLEAR,0.5
6.08,1.8677480441709793,3.4881126903299333,3.5760279625651528,CLEAR,0.5
6.1,1.8783042492894189,3.4715604145132404,3.558052213529243,CLEAR,0.5
6.12,1.888928176866867,3.4552837730755046,3.5400726750785356,CLEAR,0.5
6.14,1.8998039919212066,3.439079033233233,3.522353012589783,CLEAR,0.5
6.16,1.9109445196078851,3.422814186253827,3.5050270053320003,CLEAR,0.5
6.18,1.9223766256525627,3.4065136704588825,3.4881126903299333,CLEAR,0.5
6.2,1.9327621795764833,3.3900123767225887,3.4715604145132404,CLEAR,0.5
6.22,1.9419699539123516,3.3742367592510485,3.4552837730755046,CLEAR,0.5
6.24,1.9507391284178657,3.3597345553074853,3.439079033233233,CLEAR,0.5
6.26,1.959391509771978,3.3457085032580407,3.422814186253827,CLEAR,0.5
6.28,1.9679944963325975,3.3317875034176025,3.4065136704588825,CLEAR,0.5
6.3,1.9766042512982185,3.3178094096307906,3.3900123767225887,CLEAR,0.5
6.32,1.9850829099877667,3.3036339659654046,3.3742367592510485,CLEAR,0.5
6.34,1.9933296861185053,3.2893704321074626,3.3597345553074853,CLEAR,0.5
6.36,2.00143326691069,3.2751491550500726,3.3457085032580407,CLEAR,0.5
6.38,2.009542685372369,3.2609267340217114,3.3317875034176025,CLEAR,0.5
6.4,2.0178873799767705,3.2465981990808324,3.3178094096307906,CLEAR,0.5
6.42,2.0266153204402166,3.232008425025424,3.3036339659654046,CLEAR,0.5
6.44,2.0357240587612697,3.2170329130321096,3.2893704321074626,CLEAR,0.5
6.46,2.0451478366164237,3.2016814306262167,3.2751491550500726,CLEAR,0.5
6.48,2.0548699537890105,3.186023932969508,3.2609267340217114,CLEAR,0.5
6.5,2.064791657752454,3.1700644233625233,3.2465981990808324,CLEAR,0.5
6.52,2.074563168701464,3.1538635298245103,3.232008425025424,CLEAR,0.5
6.54,2.0843617025112167,3.1380405867403884,3.2170329130321096,CLEAR,0.5
6.56,2.0940478648804133,3.122273303901229,3.2016814306262167,CLEAR,0.5
6.58,2.1040114056914234,3.1069563472672406,3.186023932969508,CLEAR,0.5
6.6,2.1143706204567723,3.0915308522595932,3.1700644233625233,CLEAR,0.5
6.62,2.124927098675485,3.07593138879623,3.1538635298245103,CLEAR,0.5
6.64,2.1354511596451675,3.0603793482386723,3.1380405867403884,CLEAR,0.5
6.66,2.145808936277063,3.0450709795547715,3.122273303901229,CLEAR,0.5
6.68,2.1560366752097426,3.0301177235482726,3.1069563472672406,CLEAR,0.5
6.7,2.1661595620404066,3.015477064897956,3.0915308522595932,CLEAR,0.5
6.72,2.1761887750176236,3.0011105281420623,3.07593138879623,CLEAR,0.5
6.74,2.1861945702928245,2.9869857116822396,3.0603793482386723,CLEAR,0.5
6.76,2.196295629788433,2.973010906566651,3.0450709795547715,CLEAR,0.5
6.78,2.206557584108208,2.9590594935061563,3.0301177235482726,CLEAR,0.5
6.8,2.216992963325576,2.9450557116005243,3.015477064897956,CLEAR,0.5
6.82,2.2276133510463483,2.931014313271585,3.0011105281420623,CLEAR,0.5
6.84,2.238291417187803,2.9169432315489883,2.9869857116822396,CLEAR,0.5
6.86,2.2478314280727654,2.9027511997889346,2.973010906566651,CLEAR,0.5
6.88,2.256670080483158,2.8896115317709086,2.9590594935061563,CLEAR,0.5
6.9,2.2654225343231924,2.8772605893940395,2.9450557116005243,CLEAR,0.5
6.92,2.274199156480594,2.8650002706366173,2.931014313271585,CLEAR,0.5
6.94,2.2829528968990638,2.8526656433856905,2.9169432315489883,CLEAR,0.5
6.96,2.2917113083730514,2.8402688734006727,2.9027511997889346,CLEAR,0.5
6.98,2.3003516676353963,2.827747952230487,2.8896115317709086,CLEAR,0.5
7.0,2.3088610009955457,2.815231673852662,2.8772605893940395,CLEAR,0.5
7.02,2.3173613352018303,2.8027605057772575,2.8650002706366173,SLOW,0.49791677943192386
7.04,2.3260144883351996,2.790245399300725,2.8526656433856905,SLOW,0.49277735141070433
7.06,2.3349861735448765,2.7775633693795974,2.8402688734006727,SLOW,0.4876120305836136
7.08,2.344391060180707,2.764583674751765,2.827747952230487,SLOW,0.48239498009603615
7.1,2.3542767419202515,2.751211422238461,2.815231673852662,SLOW,0.47717986410527574
7.12,2.364652291524312,2.737406111422414,2.8027605057772575,SLOW,0.4719835440738573
7.14,2.3754442960849254,2.7231498577368636,2.790245399300725,SLOW,0.46676891637530205
7.16,2.3866542393174894,2.7085035568732443,2.7775633693795974,SLOW,0.46148473724149885
7.18,2.3983204034793464,2.6934592403796387,2.764583674751765,SLOW,0.45607653114656876
7.2,2.4101869080479985,2.6779793953042526,2.751211422238461,SLOW,0.45050475926602546
7.22,2.4215787386139613,2.6623070802667907,2.737406111422414,SLOW,0.44475254642600576
7.24,2.4323997920840754,2.6472379280250307,2.7231498577368636,SLOW,0.43881244072369313
7.26,2.443006348101467,2.6328141128085063,2.7085035568732443,SLOW,0.4327098153638518
7.28,2.453683289746689,2.618621253500447,2.6934592403796387,SLOW,0.42644135015818274
7.3,2.46442429943447,2.6045065370178424,2.6779793953042526,SLOW,0.4199914147101052
7.32,2.4750297752041956,2.5904846523025893,2.6623070802667907,SLOW,0.4134612834444961
7.34,2.485398669029685,2.57674337026322,2.6472379280250307,SLOW,0.4071824700104294
7.36,2.4954872384385403,2.563364476533688,2.6328141128085063,SLOW,0.40117254700354427
7.38,2.5053052915242198,2.5503917742336935,2.618621253500447,SLOW,0.3952588556251862
7.4,2.5149214714330013,2.537805138840205,2.6045065370178424,SLOW,0.3893777237574343
7.42,2.5245080908826467,2.5255361155487344,2.5904846523025893,SLOW,0.3835352717927455
7.44,2.534244452610595,2.513415721922479,2.57674337026322,SLOW,0.377809737609675
7.46,2.54421824486151,2.5012661013764803,2.563364476533688,SLOW,0.3722351985557033
7.48,2.55450656809333,2.4890148774863707,2.5503917742336935,SLOW,0.3668299059307056
7.5,2.5639206218029806,2.4765285224328877,2.537805138840205,SLOW,0.36158547451675216
7.52,2.5721439818309433,2.464890743749931,2.5255361155487344,SLOW,0.3564733814786393
7.54,2.579895600455972,2.4545909201737643,2.513415721922479,SLOW,0.3514232174676995
7.56,2.5875425230855473,2.444854545607168,2.5012661013764803,SLOW,0.34636087557353346
7.58,2.5950609658636563,2.4352667941300132,2.4890148774863707,SLOW,0.34125619895265447
7.6,2.602489328096643,2.425827870200967,2.4765285224328877,SLOW,0.33605355101370316
7.62,2.609750789988581,2.416488414123929,2.464890743749931,SLOW,0.3312044765624712
7.64,2.61679538178281,2.4073355136173453,2.4545909201737643,SLOW,0.3269128834057351
7.66,2.6236910646309917,2.3984298075778057,2.444854545607168,SLOW,0.3228560606696534
7.68,2.6306132726671105,2.389726682095413,2.4352667941300132,SLOW,0.3188611642208388
7.7,2.6377249948618067,2.3810714262859443,2.425827870200967,SLOW,0.3149282792504028
7.72,2.6451037009196425,2.3723194120132356,2.416488414123929,SLOW,0.3110368392183038
7.74,2.6527213123791697,2.3634034623447255,2.4073355136173453,SLOW,0.3072231306738939
7.76,2.660563191845892,2.354359428104942,2.3984298075778057,SLOW,0.30351241982408567
7.78,2.6686423724568953,2.3452051731192345,2.389726682095413,SLOW,0.2998861175397554
7.8,2.6768247500916638,2.3359301787074953,2.3810714262859443,SLOW,0.29627976095247677
7.82,2.6851009522146057,2.3266800027040966,2.3723194120132356,SLOW,0.29263308833884816
7.84,2.69331890229981,2.317491331577411,2.3634034623447255,SLOW,0.2889181093103023
7.86,2.7012777764804445,2.308515634269881,2.354359428104942,SLOW,0.2851497617103924
7.88,2.709058188853019,2.2999384429586245,2.3452051731192345,SLOW,0.281335488799681
7.9,2.716864555931035,2.291669661542127,2.3359301787074953,SLOW,0.2774709077947897
7.92,2.7246648484500753,2.2835062162496857,2.3266800027040966,SLOW,0.27361666779337357
7.94,2.7323014902671274,2.2756695722387597,2.317491331577411,SLOW,0.26978805482392115
7.96,2.739716381000372,2.2680357607828867,2.308515634269881,SLOW,0.2660481809457837
7.98,2.746896608123596,2.2606272294695433,2.2999384429586245,SLOW,0.2624743512327602
8.0,2.753931734502768,2.25345699181307,2.291669661542127,SLOW,0.2590290256425529
8.02,2.7609458684509742,2.2464354535406565,2.2835062162496857,SLOW,0.25562759010403574
8.04,2.7680057873442157,2.2394397857460633,2.2756695722387597,SLOW,0.25236232176614987
8.06,2.7750960013396395,2.2324046263669057,2.2680357607828867,SLOW,0.24918156699286945
8.08,2.7823943683738084,2.2253468723330876,2.2606272294695433,SLOW,0.24609467894564305
8.1,2.789425516839634,2.218081226491086,2.25345699181307,SLOW,0.24310707992211242
8.12,2.795674328593402,2.2110806897533006,2.2464354535406565,SLOW,0.24018143897527355
8.14,2.801433527198191,2.2048754749093593,2.2394397857460633,SLOW,0.23726657739419302
8.16,2.8070424416481115,2.1991630655218017,2.2324046263669057,SLOW,0.2343352609862107
8.18,2.8125980461232163,2.193596826076435,2.2253468723330876,SLOW,0.2313945301387865
8.2,2.818136190363831,2.188075336743851,2.218081226491086,SLOW,0.2283671777046192
8.22,2.8236149253106015,2.1825614617089735,2.2110806897533006,SLOW,0.2254502873972086
8.24,2.829055294296703,2.1770954810127288,2.2048754749093593,SLOW,0.22286478121223305
8.26,2.8345723532193046,2.1716566642113797,2.1991630655218017,SLOW,0.22048461063408406
8.28,2.840189226945566,2.1661313023577913,2.193596826076435,SLOW,0.21816534419851463
8.3,2.8459030495893987,2.1604988043224385,2.188075336743851,SLOW,0.21586472364327125
8.32,2.8517843453727263,2.154764063997911,2.1825614617089735,SLOW,0.2135672757120723
8.34,2.8578801000370015,2.148857474383529,2.1770954810127288,SLOW,0.21128978375530366
8.36,2.864177013926498,2.14273196555509,2.1716566642113797,SLOW,0.20902361008807488
8.38,2.8706467035229157,2.1364013574565677,2.1661313023577913,SLOW,0.20672137598241302
8.4,2.877358853488446,2.129901294714798,2.1604988043224385,SLOW,0.20437450180101602
8.42,2.8838794291071683,2.123168374689588,2.154764063997911,SLOW,0.2019850266657963
8.44,2.8899462970651784,2.116640065572713,2.148857474383529,SLOW,0.19952394765980372
8.46,2.895619684704611,2.1105660771367614,2.14273196555509,SLOW,0.19697165231462085
8.48,2.901114828490242,2.10488928283923,2.1364013574565677,SLOW,0.19433389894023653
8.5,2.9064810262215905,2.0993955197051246,2.129901294714798,SLOW,0.19162553946449923
8.52,2.9116867318856356,2.094033867609341,2.123168374689588,SLOW,0.18882015612066166
8.54,2.9167543279944956,2.088834287044719,2.116640065572713,SLOW,0.1861000273219637
8.56,2.921798369148682,2.083774565699258,2.1105660771367614,SLOW,0.1835691988069839
8.58,2.9268921758987667,2.078742616459053,2.10488928283923,SLOW,0.1812038678496791
8.6,2.932349860788778,2.073668672330667,2.0993955197051246,SLOW,0.17891479987713527
8.62,2.938023707809101,2.068227077917217,2.094033867609341,SLOW,0.1766807781705587
8.64,2.943280555198947,2.062578688011511,2.088834287044719,SLOW,0.1745142862686329
8.66,2.948157870796827,2.0573540731329434,2.083774565699258,SLOW,0.17240606904135755
8.68,2.9529337266306865,2.052509558728515,2.078742616459053,SLOW,0.17030942352460532
8.7,2.9576240476624127,2.0477626015196173,2.073668672330667,SLOW,0.168195280137778
8.72,2.962242665303347,2.0430927993151387,2.068227077917217,SLOW,0.16592794913217374
8.74,2.966833124233306,2.038485316438685,2.062578688011511,SLOW,0.16357445333812964
8.76,2.971482361980435,2.0338956374080177,2.0573540731329434,SLOW,0.16139753047205974
8.78,2.9762511759407646,2.0292368823525924,2.052509558728515,SLOW,0.15937898280354798
8.8,2.9811037988091127,2.024449508598656,2.0477626015196173,SLOW,0.1574010839665072
8.82,2.986094148944715,2.019572116167841,2.0430927993151387,SLOW,0.15545533304797446
8.84,2.9912659561763384,2.014552286571059,2.038485316438685,SLOW,0.1535355485161188
8.86,2.9966318526826474,2.009346934365842,2.0338956374080177,SLOW,0.15162318225334073
8.88,3.0021502279731336,2.00394445197512,2.0292368823525924,SLOW,0.14968203431358015
8.9,3.007814497449114,1.998392258640732,2.024449508598656,SLOW,0.14768729524943994
8.92,3.013331641804978,1.9927177294519425,2.019572116167841,SLOW,0.145655048403267
8.94,3.018236873546548,1.9871916474410156,2.014552286571059,SLOW,0.14356345273794127
8.96,3.022666722330821,1.9822772161622604,2.009346934365842,SLOW,0.14139455598576747
8.98,3.026812780149903,1.9778410069292935,2.00394445197512,SLOW,0.1391435216563001
9.0,3.030729529455616,1.9736915299899191,1.998392258640732,SLOW,0.13683010776697171
9.02,3.034503372349998,1.9697724057015733,1.9927177294519425,SLOW,0.13446572060497605
9.04,3.0382308718504385,1.9659968110100003,1.9871916474410156,SLOW,0.13216318643375652
9.06,3.0420211898140965,1.9622696968131241,1.9822772161622604,SLOW,0.13011550673427516
9.08,3.0461204827252124,1.9584837591710942,1.9778410069292935,SLOW,0.12826708622053898
9.1,3.050588196825047,1.9543863184696626,1.9736915299899191,SLOW,0.12653813749579965
9.12,3.0549217312660346,1.9499248747516487,1.9697724057015733,SLOW,0.12490516904232223
9.14,3.0589943167304963,1.945603947765606,1.9659968110100003,SLOW,0.12333200458750015
9.16,3.0630291717477354,1.9415464878387048,1.9622696968131241,SLOW,0.12177904033880173
9.18,3.066996679945435,1.9375254456912079,1.9584837591710942,SLOW,0.12020156632128925
9.2,3.070863321555757,1.9335650082286122,1.9543863184696626,SLOW,0.11849429936235943
9.22,3.0747091005152076,1.9296974670853253,1.9499248747516487,SLOW,0.11663536447985362
9.24,3.0786497787056994,1.9258423033817513,1.945603947765606,SLOW,0.11483497823566917
9.26,3.082704459015622,1.921883824468762,1.9415464878387048,SLOW,0.11314436993279366
9.28,3.0868954843164276,1.9178040704960655,1.9375254456912079,SLOW,0.11146893570466997
9.3,3.0912672929707448,1.9135827944757742,1.9335650082286122,SLOW,0.10981875342858843
9.32,3.095817323420758,1.9091768154145226,1.9296974670853253,SLOW,0.10820727795221889
9.34,3.100424694266451,1.9045904863845162,1.9258423033817513,SLOW,0.1066009597423964
9.36,3.1052165460430885,1.899958483497142,1.921883824468762,SLOW,0.10495159352865083
9.38,3.109692086073554,1.8951611646272664,1.9178040704960655,SLOW,0.1032516960400273
9.4,3.113581460006574,1.890678595281515,1.9135827944757742,SLOW,0.10149283103157258
9.42,3.1171514487627032,1.8867822280336926,1.9091768154145226,SLOW,0.09965700642271774
9.44,3.120500369672918,1.8832072904910608,1.9045904863845162,SLOW,0.09774603599354845
9.46,3.123728774387482,1.8798550572989556,1.899958483497142,SLOW,0.09581603479047582
9.48,3.1269144064762213,1.8766231377244276,1.8951611646272664,SLOW,0.09381715192802767
9.5,3.1302416236519615,1.8734343770857822,1.890678595281515,SLOW,0.09194941470063128
9.52,3.133849334812882,1.870105105165874,1.8867822280336926,SLOW,0.09032592834737191
9.54,3.1374643602855867,1.8664941552700178,1.8832072904910608,SLOW,0.08883637103794204
9.56,3.140995445766049,1.8628766508375547,1.8798550572989556,SLOW,0.0874396072078982
9.58,3.1445830902472376,1.8593476409775387,1.8766231377244276,SLOW,0.08609297405184484
9.6,3.148258965833467,1.855764569606686,1.8734343770857822,SLOW,0.0847643237857426
9.62,3.1519063089269124,1.85209339642686,1.870105105165874,SLOW,0.08337712715244748
9.64,3.1553861884610157,1.8484466720644823,1.8664941552700178,SLOW,0.08187256469584078
9.66,3.1587717064106737,1.8449616459993479,1.8628766508375547,SLOW,0.08036527118231448
9.68,3.1621883910826907,1.8415643523933813,1.8593476409775387,SLOW,0.0788948504073078
9.7,3.1656989610930517,1.8381297157331893,1.855764569606686,SLOW,0.07740190400278586
9.72,3.1693519058625954,1.834596114354129,1.85209339642686,SLOW,0.07587224851119169
9.74,3.173149891907181,1.8309165492352542,1.8484466720644823,SLOW,0.07435278002686765
9.76,3.1770520884116804,1.8270899153159932,1.8449616459993479,SLOW,0.07290068583306163
9.78,3.1810392925390265,1.82316162718951,1.8415643523933813,SLOW,0.07148514683057558
9.8,3.18489942703858,1.8191684174768477,1.8381297157331893,SLOW,0.07005404822216223
9.82,3.188144775337449,1.8153034226139262,1.834596114354129,SLOW,0.06858171431422042
9.84,3.1910234845542234,1.8120530288536403,1.8309165492352542,SLOW,0.06704856218135592
9.86,3.1936926140041337,1.8091709828678266,1.8270899153159932,SLOW,0.06545413138166385
9.88,3.1962225042120895,1.806500302934388,1.82316162718951,SLOW,0.06381734466229581
9.9,3.198786760662678,1.8039688048699065,1.8191684174768477,SLOW,0.062153507282019876
9.92,3.2015613525749327,1.8014021149506334,1.8153034226139262,SLOW,0.0605430927558026
9.94,3.2045197731888546,1.7986243034053864,1.8120530288536403,SLOW,0.059188762022350135
9.96,3.207097428267776,1.795662664627912,1.8091709828678266,SLOW,0.05798790952826111
9.98,3.2096547158827198,1.7930791244787414,1.806500302934388,SLOW,0.05687512622266169
10.0,3.212488620077658,1.7905193024357524,1.8039688048699065,SLOW,0.05582033536246107
10.02,3.215565900209716,1.7876853023142085,1.8014021149506334,SLOW,0.05475088122943061
10.04,3.2186340211403626,1.7846083476687837,1.7986243034053864,SLOW,0.053593459752244346
10.06,3.221544894942034,1.7815379060930903,1.795662664627912,SLOW,0.05235944359496332
10.08,3.2243868941418734,1.7786202690416255,1.7930791244787414,SLOW,0.05128296853280894
10.1,3.2272580292946955,1.775767206342117,1.7905193024357524,SLOW,0.05021637601489686
10.12,3.230256163048573,1.7728815021036677,1.7876853023142085,SLOW,0.04903554263092024
10.14,3.2334164371335916,1.76986645706942,1.7846083476687837,SLOW,0.047753478195326576
10.16,3.236795262644501,1.7666880039769335,1.7815379060930903,SLOW,0.04647412753878763
10.18,3.240228899923612,1.7632920066434856,1.7786202690416255,SLOW,0.045258445434010655
10.2,3.243398841767231,1.759855280498968,1.775767206342117,SLOW,0.04406966930921546
10.22,3.245964165342379,1.756683033941372,1.7728815021036677,SLOW,0.04286729254319489
10.24,3.248182111953827,1.7541149671837521,1.76986645706942,SLOW,0.04161102377892503
10.26,3.250229641727627,1.7518951163477405,1.7666880039769335,SLOW,0.04028666832372231
10.28,3.252146342343591,1.7498472048138873,1.7632920066434856,SLOW,0.0388716694347857
10.3,3.254192374402167,1.7479302012315483,1.759855280498968,SLOW,0.03743970020790336
10.32,3.256485274791509,1.7458832370438941,1.756683033941372,SLOW,0.036117930808905
10.34,3.2589640237040665,1.7435885025435036,1.7541149671837521,SLOW,0.03504790299323009
10.36,3.260923970776427,1.74110897618219,1.7518951163477405,SLOW,0.034122965144891916
10.38,3.2628082710303334,1.7391440051474902,1.7498472048138873,SLOW,0.03326966867245308
10.4,3.265124365419644,1.7372577325131808,1.7479302012315483,SLOW,0.03247091717981181
10.42,3.2678257577265812,1.7349416595591338,1.7458832370438941,SLOW,0.03161801543495592
10.44,3.2705807798235944,1.732240147061523,1.7435885025435036,SLOW,0.0306618760597932
10.46,3.273203317985966,1.729483000583457,1.74110897618219,SLOW,0.029628740075912555
10.48,3.2757784569510586,1.7268555423718337,1.7391440051474902,SLOW,0.028810002144787624
10.5,3.2783546773678287,1.7242731207871052,1.7372577325131808,SLOW,0.02802405521382537
10.52,3.281044680463022,1.7216880598344473,1.7349416595591338,SLOW,0.027059024816305784
10.54,3.283895587964623,1.7189884244634,1.732240147061523,SLOW,0.025933394608967927
10.56,3.286962273763545,1.716128230194352,1.729483000583457,SLOW,0.02478458357644042
10.58,3.2898122043522036,1.713057244270433,1.7268555423718337,SLOW,0.0236898093215974
10.6,3.2921240948456667,1.7102070242647398,1.7242731207871052,SLOW,0.022613800327960506
10.62,3.293989674064763,1.7078942875701277,1.7216880598344473,SLOW,0.021536691597686394
10.64,3.295673041598374,1.706027883143215,1.7189884244634,SLOW,0.02041184352641667
10.66,3.297253548054679,1.7043443839899481,1.716128230194352,SLOW,0.01922009591431332
10.68,3.2988724565362713,1.7027641707659176,1.713057244270433,SLOW,0.017940518446013794
10.7,3.3007500399954632,1.7011455798354957,1.7102070242647398,SLOW,0.016752926776974948
10.72,3.302826484065066,1.699267935801619,1.7078942875701277,SLOW,0.01578928648755325
10.74,3.3045101526073077,1.6971915320372237,1.706027883143215,SLOW,0.015011617976339596
10.76,3.3058354640535437,1.695507450642969,1.7043443839899481,SLOW,0.014310159995811754
10.78,3.3075756930288174,1.6941805665602179,1.7027641707659176,SLOW,0.01365173781913235
10.8,3.3098650638439673,1.6924401179587079,1.7011455798354957,SLOW,0.012977324931456589
10.82,3.3123832745324275,1.6901511711895805,1.699267935801619,SLOW,0.012194973250674588
10.84,3.3148207021254374,1.6876327709279522,1.6971915320372237,SLOW,0.011329805015509915
10.86,3.3171278418141235,1.6851938266863828,1.695507450642969,SLOW,0.01062810443457046
10.88,3.319365335144615,1.682883894837419,1.6941805665602179,SLOW,0.010075236066757474
10.9,3.321696344316875,1.6806429207159117,1.6924401179587079,SLOW,0.009350049149461635
10.92,3.3242096589297327,1.6783084175184788,1.6901511711895805,SLOW,0.008396321328991891
10.94,3.327015854612883,1.67579225781751,1.6876327709279522,SLOW,0.007346987886646763
10.96,3.329675718062743,1.6729848966593508,1.6851938266863828,SLOW,0.0063307611193262146
10.98,3.331821040388626,1.670325158054481,1.682883894837419,SLOW,0.005368289515591262
11.0,3.3334221772598793,1.6681798260670628,1.6806429207159117,SLOW,0.004434550298296572
11.02,3.3347595538756356,1.6665786858450495,1.6783084175184788,SLOW,0.003461840632699534
11.04,3.336012027065037,1.6652414033889584,1.67579225781751,SLOW,0.0024134407572958443
11.06,3.3372816398441465,1.6639891424292863,1.6729848966593508,SLOW,0.001243706941396194
11.08,3.3387661910978537,1.6627197625556216,1.670325158054481,SLOW,0.00013548252270040304
11.1,3.340361045800161,1.661235342123044,1.6681798260670628,STOP,-0.0
11.12,3.3416455280306088,1.6596407284960346,1.6665786858450495,STOP,-0.004799528285653814
11.14,3.3424856581222877,1.6583568184882205,1.6652414033889584,STOP,-0.008688470390827926
11.16,3.343524379357625,1.6575163330317604,1.6639891424292863,STOP,-0.011184966352750684
11.18,3.345309967239576,1.6564773833237327,1.6627197625556216,STOP,-0.01428255914858369
11.2,3.3475778465904016,1.6546920794467839,1.661235342123044,STOP,-0.019655045214388933
11.22,3.3498859985959766,1.652424536942121,1.6596407284960346,STOP,-0.02647492261061844
11.24,3.3520430687149196,1.650116248731492,1.6583568184882205,STOP,-0.03338743552528735
11.26,3.354119430414384,1.647958530793513,1.6575163330317604,STOP,-0.039811536873277355
11.28,3.356225823118255,1.645881303781569,1.6564773833237327,STOP,-0.04595756640153119
11.3,3.358483872062693,1.6437742709782972,1.6546920794467839,STOP,-0.052165383368490637
11.32,3.3609382867091244,1.6415162183115424,1.652424536942121,STOP,-0.058810011873322555
11.34,3.362986649144393,1.639061934424379,1.650116248731492,STOP,-0.0661141806352842
11.36,3.3644508465148713,1.6370134310894229,1.647958530793513,STOP,-0.0722979219775914
11.38,3.3654342182070973,1.6355491846081112,1.645881303781569,STOP,-0.07669015118499455
11.4,3.3661857497637735,1.6345657889385523,1.6437742709782972,STOP,-0.07963293374261637
11.42,3.3668721311223138,1.633814253672867,1.6415162183115424,STOP,-0.08190685747270263
11.44,3.367560254358338,1.633127938302962,1.639061934424379,STOP,-0.08400950337602657
11.46,3.368397765039656,1.6324399927573325,1.6370134310894229,STOP,-0.08612873233672007
11.48,3.369267653103561,1.6316027973172327,1.6355491846081112,STOP,-0.08870865243063392
11.5,3.3698166346449763,1.6307334171170162,1.6345657889385523,STOP,-0.09138632308795365
11.52,3.369981272047261,1.6301853492242058,1.633814253672867,STOP,-0.09311068148726181
11.54,3.3702891107041784,1.6300211885116358,1.633127938302962,STOP,-0.09363500513295892
11.56,3.371363244619481,1.62971331516109,1.6324399927573325,STOP,-0.09455337033463301
11.58,3.372973092892775,1.6286399380123655,1.6316027973172327,STOP,-0.09782602850215996
11.6,3.3746510454129885,1.6270311148171197,1.6307334171170162,STOP,-0.10271200205320685
11.62,3.376238133040591,1.625353697214212,1.6301853492242058,STOP,-0.10777048442793438
11.64,3.3777308715900873,1.623766350805239,1.6300211885116358,STOP,-0.11251240315384742
11.66,3.3792447277547675,1.622272704481347,1.62971331516109,STOP,-0.11692781738389307
11.68,3.3810082799941057,1.6207576191541444,1.6286399380123655,STOP,-0.12136941875343707
11.7,3.3825189920757155,1.6189935075335462,1.6270311148171197,STOP,-0.1265964966882444
11.72,3.383301843701812,1.6174830742767532,1.625353697214212,STOP,-0.13115184587600387
11.74,3.383542309431064,1.6167013325815418,1.623766350805239,STOP,-0.1335935298608143
11.76,3.3834420728591645,1.6164617759591828,1.622272704481347,STOP,-0.1343725590226239
11.78,3.3833341307470555,1.6165628704190522,1.6207576191541444,STOP,-0.13412208758667352
11.8,3.383252375418765,1.6166720350443051,1.6189935075335462,STOP,-0.13386779098358773
11.82,3.3832138328833063,1.6167556804336898,1.6174830742767532,STOP,-0.13371805473655413
11.84,3.3833026364341405,1.6167966071267699,1.6167013325815418,STOP,-0.133703221276919
11.86,3.3832021800015957,1.6167107400645466,1.6164617759591828,STOP,-0.13406290928071485
11.88,3.3827792214870973,1.616815050521788,1.6165628704190522,STOP,-0.133874062013707
11.9,3.382266785558984,1.6172422670607136,1.6166720350443051,STOP,-0.1327325996866696
11.92,3.382386187276889,1.6177544790377658,1.6167556804336898,STOP,-0.13120686576946022
11.94,3.383075138350833,1.6176371054230376,1.6167966071267699,STOP,-0.13161893846864392
11.96,3.3838804131524847,1.6169517629512307,1.6167107400645466,STOP,-0.1337773201916799
11.98,3.3845451134482243,1.6161491700628947,1.616815050521788,STOP,-0.1362616603649845
12.0,3.3851070517919952,1.6154849370437983,1.6172422670607136,STOP,-0.1382805352483878
12.02,3.385696696290876,1.614921615724072,1.6177544790377658,STOP,-0.1399582838255956
12.04,3.3865262825906033,1.6143292991999703,1.6176371054230376,STOP,-0.1416770604601125
12.06,3.387458743237792,1.613497437216825,1.6169517629512307,STOP,-0.14411738147825418
12.08,3.3878455794144937,1.6125646859791907,1.6161491700628947,STOP,-0.14690372790250233
12.1,3.3874641676099126,1.612179786480148,1.6154849370437983,STOP,-0.14809888734009075
12.12,3.38666479272583,1.6125648624930968,1.614921615724072,STOP,-0.14702610569506833
12.14,3.385737583330919,1.613366028966183,1.6143292991999703,STOP,-0.14468259499195457
12.16,3.3849220096623718,1.6142941432849065,1.613497437216825,STOP,-0.14194611158617365
12.18,3.3841803623113234,1.615111122509127,1.6125646859791907,STOP,-0.13954680125698982
12.2,3.3834521564461943,1.6158550496192137,1.612179786480148,STOP,-0.13736762861050247
12.22,3.3826390199930234,1.6165863085805796,1.6125648624930968,STOP,-0.13522280903694106
12.24,3.3814801157737038,1.617403239620589,1.613366028966183,STOP,-0.13285919779581806
12.26,3.3801005768445647,1.6185665663851498,1.6142941432849065,STOP,-0.12951254516067845
12.28,3.3792754488550703,1.6199439547507095,1.615111122509127,STOP,-0.1253845530626935
12.3,3.379089013000864,1.6207696469033954,1.6158550496192137,STOP,-0.12293470264665612
12.32,3.379122411734734,1.6209582365888895,1.6165863085805796,STOP,-0.12242777793578338
12.34,3.3790639952200463,1.6209257458304738,1.617403239620589,STOP,-0.12256255591581192
12.36,3.3789242782683093,1.6209823207240197,1.6185665663851498,STOP,-0.12237144306598788
12.38,3.378823873001386,1.621118116651193,1.6199439547507095,STOP,-0.12190104942086713
12.4,3.3788954693530133,1.621213389870023,1.6207696469033954,STOP,-0.12150414533788394
12.42,3.3791782918648305,1.6211358363464807,1.6209582365888895,STOP,-0.12158064947714897
12.44,3.379213002613743,1.6208491223141346,1.6209257458304738,STOP,-0.12232017990191149
12.46,3.3786068912939426,1.620812488504552,1.6209823207240197,STOP,-0.12234450737220501
12.48,3.3775946823993848,1.6214199199952728,1.621118116651193,STOP,-0.12053809567137214
12.5,3.3763768319761738,1.622432256919845,1.621213389870023,STOP,-0.11750264502891938
12.52,3.3751759952502645,1.6236495382048313,1.6211358363464807,STOP,-0.11384691582525344
12.54,3.374025766493477,1.6248499366245646,1.6208491223141346,STOP,-0.1102418124107876
12.56,3.3729250308978767,1.6260003271629457,1.620812488504552,STOP,-0.10679475789865203
12.58,3.3717060823182123,1.6271015469694827,1.6214199199952728,STOP,-0.10349878145875173
12.6,3.3701436109414153,1.6283215620940539,1.622432256919845,STOP,-0.09988264519972674
12.62,3.368720664422403,1.6298820738051192,1.6236495382048313,STOP,-0.09517674574738241
12.64,3.3678328743460493,1.631303782318499,1.6248499366245646,STOP,-0.09088799557822633
12.66,3.367378328027163,1.63219061904937,1.6260003271629457,STOP,-0.08820026688281636
12.68,3.3670384106630165,1.632643938952617,1.6271015469694827,STOP,-0.08681311992365998
12.7,3.366650909139589,1.6329815425716203,1.6283215620940539,STOP,-0.0857240410824153
12.72,3.3663050273186164,1.6333655474325495,1.6298820738051192,STOP,-0.08443683434760665
12.74,3.3660949902727264,1.6337071936167447,1.631303782318499,STOP,-0.08322120832301691
12.76,3.366057169268622,1.6339128536994756,1.63219061904937,STOP,-0.08235782688996324
12.78,3.3660782570624312,1.6339469242832836,1.632643938952617,STOP,-0.0819727309606992
12.8,3.3656846349096163,1.6339236811184414,1.6329815425716203,STOP,-0.08181440358197983
12.82,3.364808479444818,1.6343164803026033,1.6333655474325495,STOP,-0.08052893069707356
12.84,3.3636814332022125,1.6351925414571962,1.6337071936167447,STOP,-0.07790211432991638
12.86,3.362505055652565,1.6363193430158705,1.6339128536994756,STOP,-0.07448508590262409
12.88,3.3614379356424964,1.6374954934274195,1.6339469242832836,STOP,-0.07091375185721492
12.9,3.360469685272339,1.6385624759567552,1.6339236811184414,STOP,-0.0676864365777977
12.92,3.3595948183515425,1.6395306288467322,1.6343164803026033,STOP,-0.06476496493373063
12.94,3.35841541452339,1.64040542549205,1.6351925414571962,STOP,-0.06213460266935148
12.96,3.356915948699089,1.641584716322916,1.6363193430158705,STOP,-0.05855948193681137
12.98,3.3556130686026497,1.643084065117934,1.6374954934274195,STOP,-0.0539797926595144
13.0,3.354715148834904,1.6443869339112878,1.6385624759567552,STOP,-0.050031572634707824
13.02,3.3542149810204807,1.6452849020284948,1.6395306288467322,STOP,-0.047293011300543114
13.04,3.3538656748543465,1.6457852322772717,1.64040542549205,STOP,-0.04571317506443872
13.06,3.3535376439096827,1.6461349910340266,1.641584716322916,STOP,-0.044539693037382096
13.08,3.353275852339325,1.6464641350100224,1.643084065117934,STOP,-0.043372871959721865
13.1,3.353116017424628,1.6467282013313735,1.6443869339112878,STOP,-0.042336279599884286
13.12,3.3530257139541653,1.6468921137626649,1.6452849020284948,STOP,-0.04154346459228056
13.14,3.3528148967824785,1.64698848735446,1.6457852322772717,STOP,-0.040926749549406186
13.16,3.3523165619621995,1.6472038176705444,1.6461349910340266,STOP,-0.04009084666210847
13.18,3.3515599553088213,1.6477031547837735,1.6464641350100224,STOP,-0.038611765788189215
13.2,3.3506253475958276,1.6484609984521428,1.6467282013313735,STOP,-0.036320767140218056
13.22,3.3497200899706376,1.649396694199074,1.6468921137626649,STOP,-0.03347952123144814
13.24,3.348948804481035,1.6503022056534655,1.64698848735446,STOP,-0.030764955466310737
13.26,3.348354239421179,1.6510733332029155,1.6472038176705444,STOP,-0.02848884350499954
13.28,3.3478175408257416,1.6516683767386233,1.6477031547837735,STOP,-0.026738833243287456
13.3,3.3468714746547317,1.6522058018643042,1.6484609984521428,STOP,-0.02515375637708685
13.32,3.345773096611036,1.6531539434245082,1.649396694199074,STOP,-0.022214096834623533
13.34,3.344784885603582,1.6542531270720093,1.6503022056534655,STOP,-0.018898248544682715
13.36,3.344062845108275,1.6552419644934764,1.6510733332029155,STOP,-0.0159627527067048
13.38,3.343625419598366,1.655965127661016,1.6516683767386233,STOP,-0.013793344809644458
13.4,3.343306464659345,1.6564045681432062,1.6522058018643042,STOP,-0.01240871403360633
13.42,3.343039927250547,1.6567271714373695,1.6531539434245082,STOP,-0.011325880686766623
13.44,3.3428473182452993,1.6569996321142417,1.6542531270720093,STOP,-0.010334012016821692
13.46,3.342706872442346,1.6572009825427887,1.6552419644934764,STOP,-0.009478355526555775
13.48,3.3425281144448706,1.6573535969977216,1.655965127661016,STOP,-0.008722970072966256
13.5,3.342118186197764,1.657547309245592,1.6564045681432062,STOP,-0.007824978261473155
13.52,3.3418279291782715,1.6579612074597179,1.6567271714373695,STOP,-0.006496569829408891
13.54,3.3413985771604495,1.658254691787144,1.6569996321142417,STOP,-0.0056094636396453665
13.56,3.3408799344779156,1.6586872071611962,1.6572009825427887,STOP,-0.004291224391637591
13.58,3.3403846123992675,1.659206779106647,1.6573535969977216,STOP,-0.0027616143912890774
13.6,3.3399616612008307,1.6597007864264663,1.657547309245592,STOP,-0.0013634031901234714
13.62,3.3396860433380025,1.6601217044199257,1.6579612074597179,STOP,-0.00019888764040342476
13.64,3.3394666272620324,1.660396517812954,1.658254691787144,STOP,0.0005312885371747938
13.66,3.3390986360832127,1.6606187728863897,1.6586872071611962,STOP,0.0011729874052784656
13.68,3.338517852852619,1.660988025991445,1.659206779106647,STOP,0.0022823899094173566
13.7,3.3378688020319687,1.6615683806883044,1.6597007864264663,STOP,0.0039485849033915185
13.72,3.337320223921803,1.6622172976762608,1.6601217044199257,STOP,0.005784482374586727
13.74,3.336962944435593,1.6627664345424062,1.660396517812954,STOP,0.007368755041211456
13.76,3.3367385891218273,1.663125798942438,1.6606187728863897,STOP,0.008475108626491753
13.78,3.3365825547332744,1.6633550042268865,1.660988025991445,STOP,0.009242029869210359
13.8,3.3364765790862543,1.6635193906938175,1.6615683806883044,STOP,0.009897925313810462
13.82,3.3363685390203965,1.663637771094335,1.6622172976762608,STOP,0.010508239887096257
13.84,3.3360948212002977,1.6637627150023566,1.6627664345424062,STOP,0.0111596011822841
13.86,3.3358311434523547,1.6640536457324153,1.663125798942438,STOP,0.012292135592545893
13.88,3.3357462702458203,1.6643217032625068,1.6633550042268865,STOP,0.013194412134846015
13.9,3.335584594463322,1.6644115897334162,1.6635193906938175,STOP,0.013490151187256525
13.92,3.3353760466662297,1.6645757810282373,1.663637771094335,STOP,0.013977363597766395
13.94,3.335238718070721,1.6647834250703968,1.6637627150023566,STOP,0.014501717089153605
13.96,3.335213946459063,1.664917231523544,1.6640536457324153,STOP,0.014751388258774057
13.98,3.3353843969824983,1.664940437070399,1.6643217032625068,STOP,0.014661516437032058
14.0,3.335403905730729,1.6647701567076576,1.6644115897334162,STOP,0.014032799188290297
14.02,3.3351204549824893,1.664750177981971,1.6645757810282373,STOP,0.013979764283693005
14.04,3.3345868785843797,1.6650305730258994,1.6647834250703968,STOP,0.014821715833792253
14.06,3.3339632030333997,1.6655611292570907,1.664917231523544,STOP,0.01635703845214372
14.08,3.3334052503436555,1.6661831378717038,1.664940437070399,STOP,0.018139951795428662
14.1,3.333031090818084,1.6667416251140328,1.6647701567076576,STOP,0.019784609354338848
14.12,3.3328106480259616,1.667118662332739,1.664750177981971,STOP,0.020973661113431765
14.14,3.3326768408966614,1.6673447116555498,1.6650305730258994,STOP,0.021769502504585994
14.16,3.332553843743125,1.6674876381763022,1.6655611292570907,STOP,0.022376876916532014
14.18,3.332301483865309,1.6676235243796589,1.6661831378717038,STOP,0.02299920138141086
14.2,3.3321493247862,1.6678839612202263,1.6667416251140328,STOP,0.023912174107990986
14.22,3.331945252851644,1.6680412736620127,1.667118662332739,STOP,0.02438280307282061
14.24,3.331529771893924,1.6682484133331397,1.6673447116555498,STOP,0.024942339397724327
14.26,3.331058366749664,1.6686622744914663,1.6674876381763022,STOP,0.026072864670531465
14.28,3.3307223848248806,1.669127366745535,1.6676235243796589,STOP,0.027272938772372007
14.3,3.330568350333999,1.6694548705538448,1.6678839612202263,STOP,0.027971564283766896
14.32,3.330457175242551,1.6696014272119744,1.6680412736620127,STOP,0.02818071636882268
14.34,3.3302042474659905,1.6697051174707667,1.6682484133331397,STOP,0.028355200201828846
14.36,3.3297244908190913,1.669949802063106,1.6686622744914663,STOP,0.029025935145477598
14.38,3.3290294127349234,1.6704206073049173,1.669127366745535,STOP,0.030397396629748746
14.4,3.3282357905768047,1.671107316198828,1.6694548705538448,STOP,0.0324080729422207
14.42,3.3274669867833353,1.6718947105350723,1.6696014272119744,STOP,0.0347005852162591
14.44,3.326867115095561,1.672659772665926,1.6697051174707667,STOP,0.03695227543075155
14.46,3.3264716215359607,1.6732584045740253,1.669949802063106,STOP,0.03876332447646644
14.48,3.326229261165308,1.673655547404362,1.6704206073049173,STOP,0.04002708423534903
14.5,3.3259650113085075,1.6739025229347828,1.671107316198828,STOP,0.04089447490620103
14.52,3.3257357706308697,1.674171627050391,1.6718947105350723,STOP,0.04181161892053561
14.54,3.325524711313385,1.6744060141221337,1.672659772665926,STOP,0.04256682127438513
14.56,3.3252161953352406,1.6746210896013498,1.6732584045740253,STOP,0.043199780617793095
14.58,3.3247166058956497,1.6749306499376018,1.673655547404362,STOP,0.044029344399560175
14.6,3.3241518655527007,1.6754266500827997,1.6739025229347828,STOP,0.045364660928389346
14.62,3.3236985143519413,1.6759840287712888,1.674171627050391,STOP,0.04681546188895293
14.64,3.323357658701862,1.676428563958392,1.6744060141221337,STOP,0.04792450455137178
14.66,3.323029284947743,1.676760256356287,1.6746210896013498,STOP,0.04874776849126422
14.68,3.322550540505632,1.6770797005725937,1.6749306499376018,STOP,0.04958904678850063
14.7,3.321880596076533,1.6775497324990694,1.6754266500827997,STOP,0.050941910461736434
14.72,3.321054802779307,1.6782113630884443,1.6759840287712888,STOP,0.052886945087987976
14.74,3.3201747075895898,1.679030342224603,1.676428563958392,STOP,0.05530072171218024
14.76,3.319370289124379,1.6799060579430363,1.676760256356287,STOP,0.057873830001268084
14.78,3.3187728632324123,1.6807085121040168,1.6770797005725937,STOP,0.06025175991460643
14.8,3.3183466932356067,1.6813066041029192,1.6775497324990694,STOP,0.06208260405789991
14.82,3.318023163436782,1.6817365699445117,1.6782113630884443,STOP,0.06344372259711759
14.84,3.317717799853853,1.6820673282073995,1.679030342224603,STOP,0.06454787589826136
14.86,3.317229119644427,1.6823835355351806,1.6799060579430363,STOP,0.06567092640927458
14.88,3.31691400988843,1.682881712643757,1.6807085121040168,STOP,0.06731407660473815
14.9,3.3167452490513,1.6832025041687362,1.6813066041029192,STOP,0.06835775554124851
14.92,3.3164537367226052,1.683376165019327,1.6817365699445117,STOP,0.06887919796147612
14.94,3.316082206010879,1.6838977627859344,1.6820673282073995,STOP,0.06970750679537596
14.96,3.3157805077337827,1.6846653914789178,1.6823835355351806,STOP,0.07068617449139403
14.98,3.315647254391386,1.685499685310294,1.682881712643757,STOP,0.07137131925507127
15.0,3.31567130566205,1.6863017722479499,1.6832025041687362,STOP,0.07152357637987541
15.02,3.3157418019912854,1.687089125097307,1.683376165019327,STOP,0.07126641723105291
15.04,3.315660244952402,1.6879728510760827,1.6838977627859344,STOP,0.07096543258986926
15.06,3.315356730204888,1.689137216218876,1.6846653914789178,STOP,0.07116485490351063
15.08,3.314865868298979,1.690657404985904,1.685499685310294,STOP,0.07204402209636947
15.1,3.3142903124987093,1.6925110214388788,1.6863017722479499,STOP,0.07348123317516328
15.12,3.3137744737303603,1.6946084388445777,1.687089125097307,STOP,0.07516010880162796
15.14,3.313430379113681,1.6968132639487836,1.6879728510760827,STOP,0.07669197119895271
15.16,3.3132304967690986,1.699029863948717,1.689137216218876,STOP,0.07777248603460002
15.18,3.313116031183049,1.701297791863897,1.690657404985904,STOP,0.07845872792670552
15.2,3.3129821959402332,1.7036809711337004,1.6925110214388788,STOP,0.07895543226289986
15.22,3.3126031215866867,1.7062896686463285,1.6946084388445777,STOP,0.0795613714270348
15.24,3.312472231701197,1.7092751692104702,1.6968132639487836,STOP,0.08085139215901371
15.26,3.312582915347747,1.7121176631958748,1.699029863948717,STOP,0.08133103565520164
15.28,3.312655756338889,1.7148662118915636,1.701297791863897,STOP,0.08102699660044341
15.3,3.3126978444989996,1.7177457231680715,1.7036809711337004,STOP,0.08077212738644537
15.32,3.3128037126202927,1.720728029352565,1.7062896686463285,STOP,0.08051595868241831
15.34,3.3130679505485854,1.7237312614499556,1.7092751692104702,STOP,0.07999238492035005
15.36,3.3134759666939138,1.726686709185348,1.7121176631958748,STOP,0.07897282802116931
15.38,3.3139350450729372,1.729635175966645,1.7148662118915636,STOP,0.07756580354000975
15.4,3.3142427837255863,1.732688058872618,1.7177457231680715,STOP,0.07609444259887563
15.42,3.3142911398727186,1.7359786188979176,1.720728029352565,STOP,0.07512255819466193
15.44,3.3141080179511717,1.7396340666341212,1.7237312614499556,STOP,0.07493779604418328
15.46,3.3138165984452868,1.7436660150654677,1.726686709185348,SLOW,0.02361946216056167
15.48,3.3135835278186483,1.7479832998466844,1.729635175966645,SLOW,0.02484798998610214
15.5,3.313506394193441,1.7524328892096641,1.732688058872618,SLOW,0.026120024530257482
15.52,3.313546187934823,1.756947698223361,1.7359786188979176,SLOW,0.027491091207465693
15.54,3.3136272399570155,1.7615801311395656,1.7396340666341212,SLOW,0.029014194430883874
15.56,3.3136232850607885,1.7664057793913823,1.7436660150654677,SLOW,0.0306941729439449
15.58,3.3134642284756826,1.771535785066616,1.7479832998466844,SLOW,0.032493041602785204
15.6,3.313597817621317,1.7768674905714044,1.7524328892096641,SLOW,0.03434703717069341
15.62,3.313847805608839,1.781978580370985,1.756947698223361,SLOW,0.03622820759306709
15.64,3.313984834127836,1.787072896780815,1.7615801311395656,SLOW,0.03815838797481901
15.66,3.314087992399868,1.7923121051673099,1.7664057793913823,SLOW,0.04016907474640932
15.68,3.314269266495157,1.797599459546295,1.771535785066616,SLOW,0.04230657711109003
15.7,3.3145505899304384,1.8028613030663443,1.7768674905714044,SLOW,0.04452812107141851
15.72,3.314899867630331,1.8081648789779368,1.781978580370985,SLOW,0.04665774182124382
15.74,3.315124500572763,1.8135446773827564,1.787072896780815,SLOW,0.04878037365867291
15.76,3.315090717072895,1.8191189848656,1.7923121051673099,SLOW,0.0509633771530458
15.78,3.3148174763063625,1.8250241755210497,1.797599459546295,SLOW,0.05316644147762292
15.8,3.31442396335298,1.8312738718141859,1.8028613030663443,SLOW,0.05535887627764347
15.82,3.3140584184379547,1.837813768183896,1.8081648789779368,SLOW,0.05756869957414034
15.84,3.3138347323672668,1.8445265310666579,1.8135446773827564,SLOW,0.05981028224281518
15.86,3.3137709510506292,1.8513234813588997,1.8191189848656,SLOW,0.06213291036066668
15.88,3.3138074736689127,1.858204027146836,1.8250241755210497,SLOW,0.06459340646710406
15.9,3.313820184307629,1.8652354417688553,1.8312738718141859,SLOW,0.06719744658924413
15.92,3.313766953738887,1.872512730173607,1.837813768183896,SLOW,0.06992240340995667
15.94,3.31386746387047,1.8798967824903812,1.8445265310666579,SLOW,0.0727193879444408
15.96,3.3140456929486892,1.8871993644042786,1.8513234813588997,SLOW,0.07555145056620823
15.98,3.314127457490511,1.8944814486598665,1.858204027146836,SLOW,0.07841834464451505
16.0,3.3141704082090837,1.9018139564447414,1.8652354417688553,SLOW,0.08134810073702303
16.02,3.3142913527570714,1.9091071470067742,1.872512730173607,SLOW,0.08438030423900297
16.04,3.3145816339757634,1.9163026705459958,1.8798967824903812,SLOW,0.0874569927043255
16.06,3.3149912280963605,1.9233961155624608,1.8871993644042786,SLOW,0.09049973516844943
16.08,3.3154002716434445,1.9305363790009835,1.8944814486598665,SLOW,0.09353393694161104
16.1,3.3156229924702143,1.9377335791208996,1.9018139564447414,SLOW,0.09658914851864225
16.12,3.3156140194116,1.94513909826254,1.9091071470067742,SLOW,0.09962797791948927
16.14,3.3154442461060327,1.952839611468247,1.9163026705459958,SLOW,0.10262611272749826
16.16,3.3152387394015777,1.9608542797403075,1.9233961155624608,SLOW,0.10558171481769202
16.18,3.315142079614448,1.9691055896377516,1.9305363790009835,SLOW,0.10855682458374315
16.2,3.3152223719068985,1.9775039038903282,1.9377335791208996,SLOW,0.11155565796704152
16.22,3.315418668475466,1.98601209675154,1.94513909826254,SLOW,0.11464129094272503
16.24,3.31568601911301,1.994707816915201,1.952839611468247,SLOW,0.11784983811176956
16.26,3.315917807746841,2.0036151935220547,1.9608542797403075,SLOW,0.12118928322512812
16.28,3.31593851545238,2.0128106154006336,1.9691055896377516,SLOW,0.12462732901572986
16.3,3.316276094278385,2.02216715650638,1.9775039038903282,SLOW,0.12812662662097007
16.32,3.3169382054503616,2.0310980771883895,1.98601209675154,SLOW,0.13167170697980835
16.34,3.3176002730572294,2.0397954361284047,1.994707816915201,SLOW,0.13529492371466711
16.36,3.3182710259515282,2.048396071925116,2.0036151935220547,SLOW,0.1390063306341895
16.38,3.3190770942205847,2.0568549802287923,2.0128106154006336,SLOW,0.14283775641693067
16.4,3.320004155506947,2.0650896769448575,2.02216715650638,SLOW,0.14673631521099165
16.42,3.3211071289571534,2.073198965864182,2.0310980771883895,SLOW,0.15045753216182897
16.44,3.3224212660616255,2.0812178663730143,2.0397954361284047,SLOW,0.15408143172016867
16.46,3.323731225776957,2.0891449037988044,2.048396071925116,SLOW,0.15766502996879833
16.48,3.3248379945569324,2.097121702110991,2.0568549802287923,SLOW,0.16118957509533013
16.5,3.3256959350418858,2.1052339858123905,2.0650896769448575,SLOW,0.16462069872702395
16.52,3.3263831787104468,2.1136113757138446,2.073198965864182,SLOW,0.16799956911007585
16.54,3.3270747727542758,2.122303439453088,2.0812178663730143,SLOW,0.17134077765542263
16.56,3.327907208662117,2.1312268959339566,2.0891449037988044,SLOW,0.17464370991616848
16.58,3.328860673873829,2.1403289055759567,2.097121702110991,SLOW,0.17796737587957964
16.6,3.329898555732451,2.149667126189976,2.1052339858123905,SLOW,0.18134749408849604
16.62,3.3310247713852266,2.159255292394639,2.1136113757138446,SLOW,0.18483807321410192
16.64,3.332207999137048,2.169063571562888,2.122303439453088,SLOW,0.18845976643878676
16.66,3.333422070066198,2.1790898973617616,2.1312268959339566,SLOW,0.19217787330581526
16.68,3.334592716783935,2.1893350157248412,2.1403289055759567,SLOW,0.1959703773233153
16.7,3.3359267315771794,2.1997462722219816,2.149667126189976,SLOW,0.19986130257915657
16.72,3.3377757274506576,2.2099460586762003,2.159255292394639,SLOW,0.20385637183109961
16.74,3.340069895754142,2.2194212673186042,2.169063571562888,SLOW,0.20794315481787004
16.76,3.3425400804266756,2.22853890229914,2.1790898973617616,SLOW,0.21212079056740069
16.78,3.3451742813074383,2.2374394688153214,2.1893350157248412,SLOW,0.2163895898853505
16.8,3.3479027018175778,2.246049795665228,2.1997462722219816,SLOW,0.22072761342582567
16.82,3.350598028083281,2.254453139521612,2.2099460586762003,SLOW,0.2249775244484168
16.84,3.3532974265185964,2.2628122940187776,2.2194212673186042,SLOW,0.22892552804941843
16.86,3.3560864519688924,2.2710921842731047,2.22853890229914,SLOW,0.23272454262464173
16.88,3.359069968488837,2.279202463920672,2.2374394688153214,SLOW,0.23643311200638392
16.9,3.3624637252173266,2.2870516405381256,2.246049795665228,SLOW,0.24002074819384503
16.92,3.3658565646547243,2.2946916746258528,2.254453139521612,SLOW,0.24352214146733828
16.94,3.368830037537152,2.3022846502176515,2.2628122940187776,SLOW,0.247005122507824
16.96,3.3714607770295304,2.310091463577786,2.2710921842731047,SLOW,0.25045507678046025
16.98,3.3740438090135694,2.318294561567592,2.279202463920672,SLOW,0.2538343599669466
17.0,3.376688796251297,2.3267532061222944,2.2870516405381256,SLOW,0.257104850224219
17.02,3.3794006017295435,2.3354704551202845,2.2946916746258528,SLOW,0.260288197760772
17.04,3.382168820418857,2.3445121688440427,2.3022846502176515,SLOW,0.26345193759068813
17.06,3.38501299467077,2.3538654727331436,2.310091463577786,SLOW,0.2667047764907441
17.08,3.388018965490568,2.3634908674383337,2.318294561567592,SLOW,0.2701227339864966
17.1,3.3912512171054403,2.373308482995864,2.3267532061222944,SLOW,0.27364716921762267
17.12,3.3947298535132377,2.3832295527124283,2.3354704551202845,SLOW,0.2772793563001185
17.14,3.398481196728758,2.3932022550756367,2.3445121688440427,SLOW,0.2810467370183511
17.16,3.4025166981069646,2.4032176796970446,2.3538654727331436,SLOW,0.28494394697214315
17.18,3.4068059891596607,2.413280596079712,2.3634908674383337,SLOW,0.2889545280993057
17.2,3.4112045600235894,2.42340871269151,2.373308482995864,SLOW,0.29304520124827665
17.22,3.4159404240560995,2.433476291168709,2.3832295527124283,SLOW,0.29717898029684514
17.24,3.4209186453440603,2.4432305904797547,2.3932022550756367,SLOW,0.30133427294818194
17.26,3.425892901824344,2.4524782501977476,2.4032176796970446,SLOW,0.30550736654043525
17.28,3.4308922311997305,2.461764861031469,2.413280596079712,SLOW,0.3097002483665467
17.3,3.4361170097028984,2.470895227632334,2.42340871269151,SLOW,0.31392029695479584
17.32,3.44144639655017,2.4796439473681957,2.433476291168709,SLOW,0.31811512132029535
17.34,3.4467430496309954,2.4881675901756326,2.4432305904797547,SLOW,0.32217941269989775
17.36,3.4520033508506183,2.496622454218542,2.4524782501977476,SLOW,0.32603260424906144
17.38,3.457285885018532,2.504982895437983,2.461764861031469,SLOW,0.32990202542977864
17.4,3.4627024875762373,2.5131946734555703,2.470895227632334,SLOW,0.3337063448468058
17.42,3.4683105807099417,2.5211067677007954,2.4796439473681957,SLOW,0.33735164473674817
17.44,3.4744613168621554,2.5286671710700683,2.4881675901756326,SLOW,0.3409031625731802
17.46,3.4805148630905696,2.535924931829503,2.496622454218542,SLOW,0.34442602259105903
17.48,3.485805873532349,2.543252476364561,2.504982895437983,SLOW,0.34790953976582617
17.5,3.490601633495894,2.5509041640839145,2.5131946734555703,SLOW,0.35133111393982097
17.52,3.4952991646868337,2.558992765435559,2.5211067677007954,SLOW,0.35462781987533143
17.54,3.500031413333332,2.5673813618351384,2.5286671710700683,SLOW,0.3577779879458618
17.56,3.504889845967972,2.5761228960562534,2.535924931829503,SLOW,0.36080205492895956
17.58,3.5098557148926686,2.5852112880247073,2.543252476364561,SLOW,0.36385519848523373
17.6,3.5148771328229214,2.5946876668506804,2.5509041640839145,SLOW,0.367043401701631
17.62,3.519997825695387,2.604568343265361,2.558992765435559,SLOW,0.37041365226481615
17.64,3.525294662317376,2.6147805629922285,2.5673813618351384,SLOW,0.373908900764641
17.66,3.530864442941029,2.6251837321464935,2.5761228960562534,SLOW,0.37755120669010556
17.68,3.536798233996188,2.6356774846117834,2.5852112880247073,SLOW,0.38133803667696137
17.7,3.5431789526197255,2.646177514997096,2.5946876668506804,SLOW,0.38528652785445017
17.72,3.5499608217519967,2.65665256412552,2.604568343265361,SLOW,0.38940347636056705
17.74,3.557114756569623,2.667152007102703,2.6147805629922285,SLOW,0.3936585679134285
17.76,3.564634814055875,2.677721108503566,2.6251837321464935,SLOW,0.39799322172770557
17.78,3.5724926319055186,2.6883633846310606,2.6356774846117834,SLOW,0.40236561858824305
17.8,3.580375977471354,2.6991298563263637,2.646177514997096,SLOW,0.4067406312487899
17.82,3.588321901054792,2.7099154380484287,2.65665256412552,SLOW,0.4111052350522999
17.84,3.596068446220216,2.7205492796877104,2.667152007102703,SLOW,0.4154800029594596
17.86,3.6037312463426203,2.7311680424020293,2.677721108503566,SLOW,0.4198837952098192
17.88,3.6116417698747654,2.741889620885268,2.6883633846310606,SLOW,0.42431807692960855
17.9,3.619874619636162,2.7522228089836576,2.6991298563263637,SLOW,0.4288041068026515
17.92,3.6282509952443984,2.7620629221201467,2.7099154380484287,SLOW,0.43329809918684525
17.94,3.6366003927063684,2.771583095376925,2.7205492796877104,SLOW,0.43772886653654597
17.96,3.644807390605136,2.780948853552957,2.7311680424020293,SLOW,0.44215335100084546
17.98,3.6528666714352576,2.7902374612208947,2.741889620885268,SLOW,0.4466206753688617
18.0,3.66091804569121,2.799427362079957,2.7522228089836576,SLOW,0.4509261704098573
18.02,3.6691413695822663,2.8084205935683397,2.7620629221201467,SLOW,0.45502621755006106
18.04,3.6775972002400774,2.81709375154949,2.771583095376925,SLOW,0.4589929564070521
18.06,3.6863356026737355,2.825402589832716,2.780948853552957,SLOW,0.46289535564706547
18.08,3.6955043297755252,2.8332652576875192,2.7902374612208947,SLOW,0.4667656088420394
18.1,3.7040498645585753,2.840947740002551,2.799427362079957,SLOW,0.47059473419998193
18.12,3.711498066148122,2.8491154674540127,2.8084205935683397,SLOW,0.4743419139868082
18.14,3.7184124098799085,2.857505848350642,2.81709375154949,SLOW,0.47795572981228746
18.16,3.7253002710480803,2.866269440990398,2.825402589832716,SLOW,0.4814177457636316
18.18,3.7322468776237465,2.875342581007203,2.8332652576875192,SLOW,0.48469385736979964
18.2,3.7392842050613737,2.884800435839071,2.840947740002551,SLOW,0.4878948916677296
18.22,3.746319273775159,2.8947687560861937,2.8491154674540127,SLOW,0.4912981114391719
18.24,3.753283501250585,2.9052999153005494,2.857505848350642,SLOW,0.4947941034794341
18.26,3.7602273063438196,2.9163907219108376,2.866269440990398,SLOW,0.4984456004126658
18.28,3.7672665817504516,2.927935484326359,2.875342581007203,CLEAR,0.5
18.3,3.7745600979409857,2.939795484690661,2.884800435839071,CLEAR,0.5
18.32,3.7822317641855743,2.9518165644523737,2.8947687560861937,CLEAR,0.5
18.34,3.7903498322322173,2.9638974529485327,2.9052999153005494,CLEAR,0.5
18.36,3.7989129375413535,2.976024172621929,2.9163907219108376,CLEAR,0.5
18.38,3.8078951836912824,2.9882601208447954,2.927935484326359,CLEAR,0.5
18.4,3.817303620428389,3.000656522551539,2.939795484690661,CLEAR,0.5
18.42,3.8271582857045963,3.0132393583124277,2.9518165644523737,CLEAR,0.5
18.44,3.837455579323251,3.0260021945789175,2.9638974529485327,CLEAR,0.5
18.46,3.847939114961977,3.0389291826712803,2.976024172621929,CLEAR,0.5
18.48,3.858100690195075,3.0521506454100935,2.9882601208447954,CLEAR,0.5
18.5,3.8681778748483246,3.065150721939267,3.000656522551539,CLEAR,0.5
18.52,3.878426462779714,3.0779826526973677,3.0132393583124277,CLEAR,0.5
18.54,3.8891212934377557,3.090907874706458,3.0260021945789175,CLEAR,0.5
18.56,3.9002654499552722,3.1034207516761727,3.0389291826712803,CLEAR,0.5
18.58,3.9115506933241995,3.115364095676106,3.0521506454100935,CLEAR,0.5
18.6,3.9228587083912694,3.1268523710590435,3.065150721939267,CLEAR,0.5
18.62,3.934006739668865,3.137982198302798,3.0779826526973677,CLEAR,0.5
18.64,3.9449113508143743,3.1489750948064326,3.090907874706458,CLEAR,0.5
18.66,3.9556345524997942,3.159803731905546,3.1034207516761727,CLEAR,0.5
18.68,3.966308995290912,3.1647394906921984,3.115364095676106,CLEAR,0.5
18.7,3.977089914267478,3.1600263145996434,3.1268523710590435,CLEAR,0.5
18.72,3.9880293434257763,3.1550330450069053,3.137982198302798,CLEAR,0.5
18.74,3.999138494938882,3.1497695284333007,3.1489750948064326,CLEAR,0.5
18.76,4.010336408856538,3.1441317009355836,3.159803731905546,CLEAR,0.5
18.78,4.020642394408004,3.1384325802258455,3.1647394906921984,CLEAR,0.5
18.8,4.030005015365951,3.1337381591243436,3.1600263145996434,CLEAR,0.5
18.82,4.039069617614365,3.1290151201433187,3.1550330450069053,CLEAR,0.5
18.84,4.04817446296907,3.124243873891272,3.1497695284333007,CLEAR,0.5
18.86,4.057256358078889,3.1195451497509796,3.1441317009355836,CLEAR,0.5
18.88,4.066304452592841,3.1151477376689716,3.1384325802258455,CLEAR,0.5
18.9,4.075191660530813,3.1112861756949486,3.1337381591243436,CLEAR,0.5
18.92,4.08383653208213,3.1080306856555744,3.1290151201433187,CLEAR,0.5
18.94,4.092331691164109,3.1053878898435414,3.124243873891272,CLEAR,0.5
18.96,4.100853319007782,3.103240338664394,3.1195451497509796,CLEAR,0.5
18.98,4.109657225624247,3.1014678467599044,3.1151477376689716,CLEAR,0.5
19.0,4.118875906279464,3.0998778234100057,3.1112861756949486,CLEAR,0.5
19.02,4.1285402197406915,3.0983721347752975,3.1080306856555744,CLEAR,0.5
19.04,4.138573328253672,3.0969344437724455,3.1053878898435414,CLEAR,0.5
19.06,4.148952555745505,3.0956044081527962,3.103240338664394,CLEAR,0.5
19.08,4.159729176958735,3.094407468070212,3.1014678467599044,CLEAR,0.5
19.1,4.170687805027577,3.093374573252157,3.0998778234100057,CLEAR,0.5
19.12,4.181412457672845,3.0924993115046253,3.0983721347752975,CLEAR,0.5
19.14,4.1917354113769,3.091382363752056,3.0969344437724455,CLEAR,0.5
19.16,4.201839554772232,3.08987196607589,3.0956044081527962,CLEAR,0.5
19.18,4.212210911353693,3.0884296046188577,3.094407468070212,CLEAR,0.5
19.2,4.222972732842398,3.0866619810227216,3.093374573252157,CLEAR,0.5
19.22,4.2338738712373924,3.0843289012485045,3.0924993115046253,CLEAR,0.5
19.24,4.244756100090705,3.081513415700284,3.091382363752056,CLEAR,0.5
19.26,4.255584656840267,3.0782806731933237,3.08987196607589,CLEAR,0.5
19.28,4.266205414932585,3.0746834995242556,3.0884296046188577,CLEAR,0.5
19.3,4.276619188909063,3.070814451539424,3.0866619810227216,CLEAR,0.5
19.32,4.286915041199446,3.0666637075818954,3.0843289012485045,CLEAR,0.5
19.34,4.297226203505715,3.062264527852155,3.081513415700284,CLEAR,0.5
19.36,4.307638711505274,3.057611217811142,3.0782806731933237,CLEAR,0.5
19.38,4.318200964578357,3.0527190925007868,3.0746834995242556,CLEAR,0.5
19.4,4.3289309715385125,3.0474884820244816,3.070814451539424,CLEAR,0.5
19.42,4.339740246943043,3.0418380497219397,3.0666637075818954,CLEAR,0.5
19.44,4.349294281592207,3.036531170326231,3.062264527852155,CLEAR,0.5
19.46,4.358075994528227,3.031688501132782,3.057611217811142,CLEAR,0.5
19.48,4.366685219494735,3.0267579594414644,3.0527190925007868,CLEAR,0.5
19.5,4.375245203145836,3.021937327290037,3.0474884820244816,CLEAR,0.5
19.52,4.38373180772681,3.0173659213580275,3.0418380497219397,CLEAR,0.5
19.54,4.392161787690405,3.0132408217548114,3.036531170326231,CLEAR,0.5
19.56,4.40044186726474,3.0096848660176647,3.031688501132782,CLEAR,0.5
19.58,4.408583221375656,3.0066820779308348,3.0267579594414644,CLEAR,0.5
19.6,4.41668090853972,3.0041981987871953,3.021937327290037,CLEAR,0.5
19.62,4.424887164213967,3.002139783566674,3.0173659213580275,CLEAR,0.5
19.64,4.433372717435399,3.0003719434262357,3.0132408217548114,CLEAR,0.5
19.66,4.442223815574327,2.9987986647900313,3.0096848660176647,CLEAR,0.5
19.68,4.451506928028019,2.9973395205491427,3.0066820779308348,CLEAR,0.5
19.7,4.4612305871279885,2.9959918964186385,3.0041981987871953,CLEAR,0.5
19.72,4.471383850708877,2.9947958574466083,3.002139783566674,CLEAR,0.5
19.74,4.481966346317629,2.993808537759038,3.0003719434262357,CLEAR,0.5
19.76,4.493040750676351,2.9930615434580234,2.9987986647900313,CLEAR,0.5
19.78,4.504635926306023,2.9925506415030894,2.9973395205491427,CLEAR,0.5
19.8,4.516720836299391,2.9922925913584195,2.9959918964186385,CLEAR,0.5
19.82,4.5289119242275495,2.992313642112854,2.9947958574466083,CLEAR,0.5
19.84,4.54062403820945,2.99262905069512,2.993808537759038,CLEAR,0.5
19.86,4.5517549360427285,2.9928156232028673,2.9930615434580234,CLEAR,0.5
19.88,4.563003921390879,2.993275885364362,2.9925506415030894,CLEAR,0.5
19.9,4.574735764715951,2.9937095454397524,2.9922925913584195,CLEAR,0.5
19.92,4.586760673605011,2.9936334141104273,2.992313642112854,CLEAR,0.5
19.94,4.598725032120642,2.993061201880576,2.99262905069512,CLEAR,0.5
19.96,4.610478145466433,2.992174213282495,2.9928156232028673,CLEAR,0.5
19.98,4.621947006348727,2.9910783017932543,2.993275885364362,CLEAR,0.5
20.0,4.633133352575655,2.9898145257801927,2.9937095454397524,CLEAR,0.5
20.02,4.644199776580879,2.9884214706620633,2.9936334141104273,CLEAR,0.5
20.04,4.655375075478412,2.9868151118308517,2.993061201880576,CLEAR,0.5
20.06,4.666781387586936,2.9849912655306996,2.992174213282495,CLEAR,0.5
20.08,4.678380568679334,2.9828730474362946,2.9910783017932543,CLEAR,0.5
20.1,4.690031702388246,2.9803430527431383,2.9898145257801927,CLEAR,0.5
20.12,4.700405484336032,2.9780019319635027,2.9884214706620633,CLEAR,0.5
20.14,4.709852152183507,2.9762304986470105,2.9868151118308517,CLEAR,0.5
20.16,4.719086722411456,2.9742099879966957,2.9849912655306996,CLEAR,0.5
20.18,4.728326098379604,2.9720922903083253,2.9828730474362946,CLEAR,0.5
20.2,4.737514933638332,2.9700729121367275,2.9803430527431383,CLEAR,0.5
20.22,4.74663930473532,2.968406968896512,2.9780019319635027,CLEAR,0.5
20.24,4.755522119634713,2.9673684789557178,2.9762304986470105,CLEAR,0.5
20.26,4.764129678918118,2.9669805789575405,2.9742099879966957,CLEAR,0.5
20.28,4.772609879968573,2.9671811800901264,2.9720922903083253,CLEAR,0.5
20.3,4.781154174643275,2.9678697364629154,2.9700729121367275,CLEAR,0.5
20.32,4.789994695612465,2.968912206288546,2.968406968896512,CLEAR,0.5
20.34,4.799241004381413,2.9702050202191015,2.9673684789557178,CLEAR,0.5
20.36,4.8088275083922865,2.971648585485378,2.9669805789575405,CLEAR,0.5
20.38,4.818717647091831,2.973227146692699,2.9671811800901264,CLEAR,0.5
20.4,4.828816100879286,2.9749610873312244,2.9678697364629154,CLEAR,0.5
20.42,4.838860557832931,2.9769339076646997,2.968912206288546,CLEAR,0.5
20.44,4.848945696758315,2.978477122137625,2.9702050202191015,CLEAR,0.5
20.46,4.858695767473117,2.9798645242480366,2.971648585485378,CLEAR,0.5
20.48,4.868598007434546,2.9805055735181507,2.973227146692699,CLEAR,0.5
20.5,4.878815105503666,2.9809609520702574,2.9749610873312244,CLEAR,0.5
20.52,4.8892164223489205,2.9810397942654134,2.9769339076646997,CLEAR,0.5
20.54,4.899593179881643,2.9806053184799035,2.978477122137625,CLEAR,0.5
20.56,4.909840966624954,2.979716774954903,2.9798645242480366,CLEAR,0.5
20.58,4.919953937195257,2.9784113355729307,2.9805055735181507,CLEAR,0.5
20.6,4.929959661850024,2.9767054412001044,2.9809609520702574,CLEAR,0.5
20.62,4.939862940883413,2.9746214769118926,2.9810397942654134,CLEAR,0.5
20.64,4.949750512906695,2.9722188025673706,2.9806053184799035,CLEAR,0.5
20.66,4.959735381227997,2.9695727500123152,2.979716774954903,CLEAR,0.5
20.68,4.969867884957505,2.9667016735604754,2.9784113355729307,CLEAR,0.5
20.7,4.980152450936289,2.9636146698176677,2.9767054412001044,CLEAR,0.5
20.72,4.990617859511204,2.960152569757023,2.9746214769118926,CLEAR,0.5
20.74,5.000777659587453,2.956452319876272,2.9722188025673706,CLEAR,0.5
20.76,5.009788624730942,2.9535390799322454,2.9695727500123152,CLEAR,0.5
20.78,5.018182892722734,2.9501403464481144,2.9667016735604754,CLEAR,0.5
20.8,5.026462754584062,2.9466810727384347,2.9636146698176677,CLEAR,0.5
20.82,5.03476764985342,2.9435286886337435,2.960152569757023,CLEAR,0.5
20.84,5.0431520774684016,2.9407499674115227,2.956452319876272,CLEAR,0.5
20.86,5.051544500810587,2.9384785909470255,2.9535390799322454,CLEAR,0.5
20.88,5.059854977198071,2.9367664338332,2.9501403464481144,CLEAR,0.5
20.9,5.068096568365012,2.935623614628141,2.9466810727384347,CLEAR,0.5
20.92,5.076372862455513,2.9349723725196464,2.9435286886337435,CLEAR,0.5
20.94,5.084821089770682,2.9347163973587027,2.9407499674115227,CLEAR,0.5
20.96,5.093585707245602,2.934720544849141,2.9384785909470255,CLEAR,0.5
20.98,5.102773528011704,2.9349390503526265,2.9367664338332,CLEAR,0.5
21.0,5.112425608175204,2.9353377977556923,2.935623614628141,CLEAR,0.5
21.02,5.122544986790586,2.935917135778819,2.9349723725196464,CLEAR,0.5
21.04,5.133100538603098,2.9367233880134505,2.9347163973587027,CLEAR,0.5
21.06,5.14411330600608,2.937816109308601,2.934720544849141,CLEAR,0.5
21.08,5.155605514338779,2.9392356480396917,2.9349390503526265,CLEAR,0.5
21.1,5.1675732892953095,2.941005074777188,2.9353377977556923,CLEAR,0.5
21.12,5.179621671388451,2.9431701089781925,2.935917135778819,CLEAR,0.5
21.14,5.191154439530775,2.9456488551636415,2.9367233880134505,CLEAR,0.5
21.16,5.202108556899431,2.947964807848065,2.937816109308601,CLEAR,0.5
21.18,5.21312979437201,2.950454173912739,2.9392356480396917,CLEAR,0.5
21.2,5.224481161369017,2.953002705731247,2.941005074777188,CLEAR,0.5
21.22,5.235997795687672,2.9551952002913686,2.9431701089781925,CLEAR,0.5
21.24,5.2474025924713015,2.957020707168325,2.9456488551636415,CLEAR,0.5
21.26,5.2585432568141055,2.9585406834651042,2.947964807848065,CLEAR,0.5
21.28,5.269398181978549,2.9598368729389537,2.950454173912739,CLEAR,0.5
21.3,5.280007386376714,2.9608590412217515,2.953002705731247,CLEAR,0.5
21.32,5.290490591297224,2.961644060126163,2.9551952002913686,CLEAR,0.5
21.34,5.301059943900903,2.9621892583586,2.957020707168325,CLEAR,0.5
21.36,5.311885590503813,2.962532457289009,2.9585406834651042,CLEAR,0.5
21.38,5.322988155667118,2.9626161891598257,2.9598368729389537,CLEAR,0.5
21.4,5.334376629905312,2.9623365245372826,2.9608590412217515,CLEAR,0.5
21.42,5.344493728277403,2.9621660196187816,2.961644060126163,CLEAR,0.5
21.44,5.353473835610312,2.962188738467763,2.9621892583586,CLEAR,0.5
21.46,5.362092045287909,2.9617554858593342,2.962532457289009,CLEAR,0.5
21.48,5.370711922895843,2.9612355442156946,2.9626161891598257,CLEAR,0.5
21.5,5.379337749757916,2.9608451678229657,2.9623365245372826,CLEAR,0.5
21.52,5.387969908535631,2.960839851284627,2.9621660196187816,CLEAR,0.5
21.54,5.396458262097449,2.9614321549398777,2.962188738467763,CLEAR,0.5
21.56,5.404716355198864,2.9626053269539843,2.9617554858593342,CLEAR,0.5
21.58,5.412834158573704,2.964274709810271,2.9612355442156946,CLEAR,0.5
21.6,5.421014069954925,2.9663918290600404,2.9608451678229657,CLEAR,0.5
21.62,5.429453225485406,2.9688732572810843,2.960839851284627,CLEAR,0.5
21.64,5.438276961753864,2.9716700250450505,2.9614321549398777,CLEAR,0.5
21.66,5.447522150099042,2.974767614101724,2.9626053269539843,CLEAR,0.5
21.68,5.457104446556355,2.9781559136363076,2.964274709810271,CLEAR,0.5
21.7,5.467017644857333,2.9818258138325553,2.9663918290600404,CLEAR,0.5
21.72,5.477298444088985,2.9858181690966585,2.9688732572810843,CLEAR,0.5
21.74,5.487589802771609,2.9901644028918275,2.9716700250450505,CLEAR,0.5
21.76,5.497830493547345,2.9945053432873614,2.974767614101724,CLEAR,0.5
21.78,5.507831137183216,2.998666797284869,2.9781559136363076,CLEAR,0.5
21.8,5.517866547851069,3.002120637403406,2.9818258138325553,CLEAR,0.5
21.82,5.528306109010587,3.005429115231783,2.9858181690966585,CLEAR,0.5
21.84,5.539129651434039,3.0085180756372103,2.9901644028918275,CLEAR,0.5
21.86,5.550036836193632,3.0111444343240006,2.9945053432873614,CLEAR,0.5
21.88,5.560818769315302,3.0132913738498006,2.998666797284869,CLEAR,0.5
21.9,5.571467441776434,3.014968423064893,3.002120637403406,CLEAR,0.5
21.92,5.5819575080780375,3.0162682617724803,3.005429115231783,CLEAR,0.5
21.94,5.59231226889944,3.017186709731538,3.0085180756372103,CLEAR,0.5
21.96,5.602592218434377,3.017780045524061,3.0111444343240006,CLEAR,0.5
21.98,5.612931408004027,3.018113477334315,3.0132913738498006,CLEAR,0.5
22.0,5.623427630895972,3.0182590043612243,3.014968423064893,CLEAR,0.5
22.02,5.634058386529629,3.018247698946815,3.0162682617724803,CLEAR,0.5
22.04,5.644852733919562,3.0180147904992816,3.017186709731538,CLEAR,0.5
22.06,5.655576549731945,3.017501247204472,3.017780045524061,CLEAR,0.5
22.08,5.665021147276418,3.017426863178874,3.018113477334315,CLEAR,0.5
22.1,5.67382936592924,3.0170781272378564,3.0182590043612243,CLEAR,0.5
22.12,5.682613733267862,3.0164099951913763,3.018247698946815,CLEAR,0.5
22.14,5.69146984244948,3.015808954999517,3.0180147904992816,CLEAR,0.5
22.16,5.7003208263944165,3.015478988842799,3.017501247204472,CLEAR,0.5
22.18,5.709149648581813,3.015601219801797,3.017426863178874,CLEAR,0.5
22.2,5.717826440997083,3.0163116850341023,3.0170781272378564,CLEAR,0.5
22.22,5.726329104297601,3.017516049307839,3.0164099951913763,CLEAR,0.5
22.24,5.734809475309734,3.0191871792253338,3.015808954999517,CLEAR,0.5
22.26,5.743474869127488,3.0212346235627723,3.015478988842799,CLEAR,0.5
22.28,5.752469169834668,3.0236429270765846,3.015601219801797,CLEAR,0.5
22.3,5.761897824174965,3.0263520344075676,3.0163116850341023,CLEAR,0.5
22.32,5.771806406213112,3.0293400392639076,3.017516049307839,CLEAR,0.5
22.34,5.782178384196912,3.0326201965609485,3.0191871792253338,CLEAR,0.5
22.36,5.79296869497368,3.03622406960167,3.0212346235627723,CLEAR,0.5
22.38,5.804207960726597,3.0401880533170433,3.0236429270765846,CLEAR,0.5
22.4,5.815918203628749,3.044545260181106,3.0263520344075676,CLEAR,0.5
22.42,5.827651370327783,3.04936840830862,3.0293400392639076,CLEAR,0.5
22.44,5.8390053697792235,3.054335704199123,3.0326201965609485,CLEAR,0.5
22.46,5.84967414972463,3.059097313051426,3.03622406960167,CLEAR,0.5
22.48,5.860298522980244,3.063676462756361,3.0401880533170433,CLEAR,0.5
22.5,5.871186985220093,3.0682224275209484,3.044545260181106,CLEAR,0.5
22.52,5.882227877329462,3.072493951195024,3.04936840830862,CLEAR,0.5
22.54,5.893183679362866,3.076425132641453,3.054335704199123,CLEAR,0.5
22.56,5.903946990435683,3.0800422420698164,3.059097313051426,CLEAR,0.5
22.58,5.914465903309159,3.083354696715701,3.063676462756361,CLEAR,0.5
22.6,5.924740506399457,3.0863496999037827,3.0682224275209484,CLEAR,0.5
22.62,5.934873077240446,3.0890660545048596,3.072493951195024,CLEAR,0.5
22.64,5.94505178758861,3.0914983970225305,3.076425132641453,CLEAR,0.5
22.66,5.955430042979274,3.0937197297829733,3.0800422420698164,CLEAR,0.5
22.68,5.966062659805451,3.0957926112848133,3.083354696715701,CLEAR,0.5
22.7,5.97691140305912,3.097594316480828,3.0863496999037827,CLEAR,0.5
22.72,5.987014555990633,3.0992374142380865,3.0890660545048596,CLEAR,0.5
22.74,5.995691443654617,3.101465290487391,3.0914983970225305,CLEAR,0.5
22.76,6.003791388521763,3.1026755395239403,3.0937197297829733,CLEAR,0.5
22.78,6.011838732679325,3.103502440467403,3.0957926112848133,CLEAR,0.5
22.8,6.019848414054217,3.1044216725745066,3.097594316480828,CLEAR,0.5
22.82,6.027874383438634,3.1056395085704924,3.0992374142380865,CLEAR,0.5
22.84,6.035844608176713,3.1073799688192465,3.101465290487391,CLEAR,0.5
22.86,6.043657504561935,3.109691232828663,3.1026755395239403,CLEAR,0.5
22.88,6.051293482753279,3.1125008464972566,3.103502440467403,CLEAR,0.5
22.9,6.058873265287929,3.1157189842441806,3.1044216725745066,CLEAR,0.5
22.92,6.066584228592825,3.119295293605717,3.1056395085704924,CLEAR,0.5
22.94,6.0745357556425175,3.1232154683837074,3.1073799688192465,CLEAR,0.5
22.96,6.08283528846065,3.1274539126426606,3.109691232828663,CLEAR,0.5
22.98,6.091512726063385,3.132046333844736,3.1125008464972566,CLEAR,0.5
23.0,6.100556197113209,3.1370329519881364,3.1157189842441806,CLEAR,0.5
23.02,6.109951601801195,3.1424251009802506,3.119295293605717,CLEAR,0.5
23.04,6.1197156715763334,3.148224334335269,3.1232154683837074,CLEAR,0.5
23.06,6.1298232402007775,3.154451840197646,3.1274539126426606,CLEAR,0.5
23.08,6.139892956397089,3.161080179920599,3.132046333844736,CLEAR,0.5
23.1,6.1497733717544545,3.1677539974163915,3.1370329519881364,CLEAR,0.5
23.12,6.159796897083318,3.174114821911936,3.1424251009802506,CLEAR,0.5
23.14,6.170183868560798,3.180000507686133,3.148224334335269,CLEAR,0.5
23.16,6.181049933776465,3.1858637930569818,3.154451840197646,CLEAR,0.5
23.18,6.192267984430546,3.1915403412653065,3.161080179920599,CLEAR,0.5
23.2,6.203542737155764,3.1968609012969655,3.1677539974163915,CLEAR,0.5
23.22,6.214717952067908,3.201767881720226,3.174114821911936,CLEAR,0.5
23.24,6.225759588158665,3.2062250345694987,3.180000507686133,CLEAR,0.5
23.26,6.236620424152467,3.2103208587068326,3.1858637930569818,CLEAR,0.5
23.28,6.247332323465109,3.2140349579302723,3.1915403412653065,CLEAR,0.5
23.3,6.258005439147506,3.2174275278421374,3.1968609012969655,CLEAR,0.5
23.32,6.268783615148994,3.2205705426219606,3.201767881720226,CLEAR,0.5
23.34,6.27967811847679,3.223561373371976,3.2062250345694987,CLEAR,0.5
23.36,6.290767610667901,3.2264246540380546,3.2103208587068326,CLEAR,0.5
23.38,6.301949092532381,3.229106274757387,3.2140349579302723,CLEAR,0.5
23.4,6.3124263132369185,3.2317987094273324,3.2174275278421374,CLEAR,0.5
23.42,6.321982855657764,3.234866768607556,3.2205705426219606,CLEAR,0.5
23.44,6.3312359900105015,3.2373280607090797,3.223561373371976,CLEAR,0.5
23.46,6.34060008830246,3.2395295983260928,3.2264246540380546,CLEAR,0.5
23.48,6.350012900716124,3.2418454103164915,3.229106274757387,CLEAR,0.5
23.5,6.359463218470413,3.244445585471206,3.2317987094273324,CLEAR,0.5
23.52,6.368807061515671,3.247549784194165,3.234866768607556,CLEAR,0.5
23.54,6.377935411305986,3.2511498916357806,3.2373280607090797,CLEAR,0.5
23.56,6.386932935332358,3.255201442603345,3.2395295983260928,CLEAR,0.5
23.58,6.396003276640537,3.2596368544056253,3.2418454103164915,CLEAR,0.5
23.6,6.405399353872302,3.2644710015220295,3.244445585471206,CLEAR,0.5
23.62,6.415270356498259,3.2696721373257693,3.247549784194165,CLEAR,0.5
23.64,6.425576301205446,3.275238376661559,3.2511498916357806,CLEAR,0.5
23.66,6.4362407305174445,3.281127446597788,3.255201442603345,CLEAR,0.5
23.68,6.447276580273466,3.2872934535302183,3.2596368544056253,CLEAR,0.5
23.7,6.45845387219484,3.293824559800653,3.2644710015220295,CLEAR,0.5
23.72,6.469462732171775,3.3005371672458654,3.2696721373257693,CLEAR,0.5
23.74,6.480059302318557,3.306858089097142,3.275238376661559,CLEAR,0.5
23.76,6.490315196319412,3.312468196860535,3.281127446597788,CLEAR,0.5
23.78,6.500525865906215,3.3180114685253876,3.2872934535302183,CLEAR,0.5
23.8,6.510843309134778,3.32331318318356,3.293824559800653,CLEAR,0.5
23.82,6.521163287345651,3.328255451808225,3.3005371672458654,CLEAR,0.5
23.84,6.531418111470498,3.332855558214871,3.306858089097142,CLEAR,0.5
23.86,6.541628742857243,3.337127453742942,3.312468196860535,CLEAR,0.5
23.88,6.551652740442449,3.341113822864709,3.3180114685253876,CLEAR,0.5
23.9,6.5614660572089365,3.3447909455447133,3.32331318318356,CLEAR,0.5
23.92,6.5711965627671525,3.3481512290193103,3.328255451808225,CLEAR,0.5
23.94,6.580976609694791,3.3512252942660767,3.332855558214871,CLEAR,0.5
23.96,6.590937776131454,3.354083083343587,3.337127453742942,CLEAR,0.5
23.98,6.601056095897003,3.3567895263768888,3.341113822864709,CLEAR,0.5
24.0,6.611465493023062,3.3592181142494306,3.3447909455447133,CLEAR,0.5
24.02,6.6214266101069015,3.361627731006039,3.3481512290193103,CLEAR,0.5
24.04,6.629989276826392,3.3644435334978184,3.3512252942660767,CLEAR,0.5
24.06,6.637853715036095,3.3661090560334967,3.354083083343587,CLEAR,0.5
24.08,6.6455825219279525,3.3673140542330113,3.3567895263768888,CLEAR,0.5
24.1,6.653281812812589,3.368657023775583,3.3592181142494306,CLEAR,0.5
24.12,6.661031770100632,3.3703044568266063,3.361627731006039,CLEAR,0.5
24.14,6.668753776966804,3.372444809267083,3.3644435334978184,CLEAR,0.5
24.16,6.676367132782428,3.3750989966718916,3.3661090560334967,CLEAR,0.5
24.18,6.683903876325003,3.3781738647464636,3.3673140542330113,CLEAR,0.5
24.2,6.69144216615091,3.3816338662704677,3.368657023775583,CLEAR,0.5
24.22,6.699117667817624,3.3854352431145585,3.3703044568266063,CLEAR,0.5
24.24,6.707062602235244,3.3895405579568814,3.372444809267083,CLEAR,0.5
24.26,6.715346056463527,3.393981471205048,3.3750989966718916,CLEAR,0.5
24.28,6.724016328524334,3.398776695898998,3.3781738647464636,CLEAR,0.5
24.3,6.733094500201835,3.4039607633100557,3.3816338662704677,CLEAR,0.5
24.32,6.742571855792321,3.409590724645416,3.3854352431145585,CLEAR,0.5
24.34,6.752489447616384,3.415690646318569,3.3895405579568814,CLEAR,0.5
24.36,6.762864861146813,3.422290162507616,3.393981471205048,CLEAR,0.5
24.38,6.7737293121823345,3.4294101393669814,3.398776695898998,CLEAR,0.5
24.4,6.785102043123138,3.4370523151993195,3.4039607633100557,CLEAR,0.5
24.42,6.796834241390235,3.4452119521060554,3.409590724645416,CLEAR,0.5
24.44,6.808357939523814,3.4538500331423845,3.415690646318569,CLEAR,0.5
24.46,6.819597690012155,3.4623857463997965,3.422290162507616,CLEAR,0.5
24.48,6.8305938450704895,3.4705161571631953,3.4294101393669814,CLEAR,0.5
24.5,6.841945932057068,3.4787071633409354,3.4370523151993195,CLEAR,0.5
24.52,6.8538654544159385,3.486788061313276,3.4452119521060554,CLEAR,0.5
24.54,6.865977952583461,3.494640704181967,3.4538500331423845,CLEAR,0.5
24.56,6.878012727960324,3.5021682733358883,3.4623857463997965,CLEAR,0.5
24.58,6.889869350050992,3.5093723807048236,3.4705161571631953,CLEAR,0.5
24.6,6.901450964877895,3.5162858261838776,3.4787071633409354,CLEAR,0.5
24.62,6.912828890935033,3.52291719046299,3.486788061313276,CLEAR,0.5
24.64,6.92420643547928,3.529267274920334,3.494640704181967,CLEAR,0.5
24.66,6.9357487771023525,3.535366844676543,3.5021682733358883,CLEAR,0.5
24.68,6.947520475075248,3.541346891132782,3.5093723807048236,CLEAR,0.5
24.7,6.959380316645418,3.547207715642802,3.5162858261838776,CLEAR,0.5
24.72,6.970871840257322,3.5528645037406443,3.52291719046299,CLEAR,0.5
24.74,6.981391518145515,3.558949023169653,3.529267274920334,CLEAR,0.5
24.76,6.991342685973191,3.5643468932399784,3.535366844676543,CLEAR,0.5
24.78,7.0011742891630595,3.5693107737024015,3.541346891132782,CLEAR,0.5
24.8,7.011056335253999,3.574152308533471,3.547207715642802,CLEAR,0.5
24.82,7.020929522789043,3.5791650234746593,3.5528645037406443,CLEAR,0.5
24.84,7.030641865441214,3.5845215087167457,3.558949023169653,CLEAR,0.5
24.86,7.0400502844147566,3.5903687005800853,3.5643468932399784,CLEAR,0.5
24.88,7.049262222335192,3.5965832713445653,3.5693107737024015,CLEAR,0.5
24.9,7.058496104275757,3.6031537372331397,3.574152308533471,CLEAR,0.5
24.92,7.067995615325842,3.610095990612618,3.5791650234746593,CLEAR,0.5
24.94,7.077895159479393,3.617424309565419,3.5845215087167457,CLEAR,0.5
24.96,7.088129359335863,3.6251353257979098,3.5903687005800853,CLEAR,0.5
24.98,7.098670912144676,3.633102635771373,3.5965832713445653,CLEAR,0.5
25.0,7.1093655652297185,3.6413082188627617,3.6031537372331397,CLEAR,0.5
25.02,7.120030058124306,3.6496591367589173,3.610095990612618,CLEAR,0.5
25.04,7.1302962007250255,3.65753358898244,3.617424309565419,CLEAR,0.5
25.06,7.1402367181710495,3.6644683172786388,3.6251353257979098,CLEAR,0.5
25.08,7.150222452989877,3.6711651970390355,3.633102635771373,CLEAR,0.5
25.1,7.160440563547628,3.677680320223755,3.6413082188627617,CLEAR,0.5
25.12,7.170678005388609,3.6839662155424944,3.6496591367589173,CLEAR,0.5
25.14,7.180847900076026,3.689958943798347,3.65753358898244,CLEAR,0.5
25.16,7.190974081819694,3.695607864741569,3.6644683172786388,CLEAR,0.5
25.18,7.201002307252838,3.7009405374926843,3.6711651970390355,CLEAR,0.5
25.2,7.210930980972726,3.7059502882356727,3.677680320223755,CLEAR,0.5
25.22,7.220780711051011,3.71062296331221,3.6839662155424944,CLEAR,0.5
25.24,7.2306285352592585,3.7150289353489225,3.689958943798347,CLEAR,0.5
25.26,7.240585929501417,3.7192194044814704,3.695607864741569,CLEAR,0.5
25.28,7.250683937571396,3.7232581168385717,3.7009405374926843,CLEAR,0.5
25.3,7.260927478346338,3.7271185410258783,3.7059502882356727,CLEAR,0.5
25.32,7.271318267971072,3.73072398292788,3.71062296331221,CLEAR,0.5
25.34,7.280870461713523,3.7345051432232412,3.7150289353489225,CLEAR,0.5
25.36,7.289486563191203,3.738125647575322,3.7192194044814704,CLEAR,0.5
25.38,7.297706779820691,3.7408176310139645,3.7232581168385717,CLEAR,0.5
25.4,7.30578609223434,3.74325064557602,3.7271185410258783,CLEAR,0.5
25.42,7.313796474983725,3.7458200173178224,3.73072398292788,CLEAR,0.5
25.44,7.321782129501807,3.748691868606115,3.7345051432232412,CLEAR,0.5
25.46,7.329658536351744,3.751961867767646,3.738125647575322,CLEAR,0.5
25.48,7.337434157874795,3.7555883780236647,3.7408176310139645,CLEAR,0.5
25.5,7.345174357601761,3.759556076517192,3.74325064557602,CLEAR,0.5
25.52,7.352989123338886,3.7638329668111243,3.7458200173178224,CLEAR,0.5
25.54,7.361028681379635,3.7683965467807083,3.748691868606115,CLEAR,0.5
25.56,7.369379712781323,3.773309133275097,3.751961867767646,CLEAR,0.5
25.58,7.378103637628185,3.7785758764765034,3.7555883780236647,CLEAR,0.5
25.6,7.387237885660338,3.784215053088219,3.759556076517192,CLEAR,0.5
25.62,7.396784801503667,3.790270862463833,3.7638329668111243,CLEAR,0.5
25.64,7.406772583376814,3.7967821028186113,3.7683965467807083,CLEAR,0.5
25.66,7.417224800883344,3.8037763076162756,3.773309133275097,CLEAR,0.5
25.68,7.4281813818067715,3.8113034347978765,3.7785758764765034,CLEAR,0.5
25.7,7.43965172599864,3.819390157706839,3.784215053088219,CLEAR,0.5
25.72,7.451629613471603,3.8280496739451673,3.790270862463833,CLEAR,0.5
25.74,7.463833469135526,3.8372755531382454,3.7967821028186113,CLEAR,0.5
25.76,7.475569969684272,3.8468995724609654,3.8037763076162756,CLEAR,0.5
25.78,7.486786908435466,3.8559973760360564,3.8113034347978765,CLEAR,0.5
25.8,7.498063447354843,3.864956929143397,3.819390157706839,CLEAR,0.5
25.82,7.509829902071345,3.873987972417903,3.8280496739451673,CLEAR,0.5
25.84,7.521900283880756,3.8829847807622264,3.8372755531382454,CLEAR,0.5
25.86,7.533904286413156,3.8918187339836408,3.8468995724609654,CLEAR,0.5
25.88,7.545658790210318,3.9003488791271255,3.8559973760360564,CLEAR,0.5
25.9,7.55710957337366,3.908545293917828,3.864956929143397,CLEAR,0.5
25.92,7.568307283843517,3.9163895529094805,3.873987972417903,CLEAR,0.5
25.94,7.579430906312147,3.923929917996425,3.8829847807622264,CLEAR,0.5
25.96,7.5907032287485,3.9312438961917118,3.8918187339836408,CLEAR,0.5
25.98,7.602238751190801,3.938489557141952,3.9003488791271255,CLEAR,0.5
26.0,7.6139878331159885,3.945644158011463,3.908545293917828,CLEAR,0.5
26.02,7.625520108258955,3.95265014419964,3.9163895529094805,CLEAR,0.5
26.04,7.635831454613997,3.9599699627893257,3.923929917996425,CLEAR,0.5
26.06,7.645399271831776,3.9662517284069327,3.9312438961917118,CLEAR,0.5
26.08,7.654838034733218,3.971982861896671,3.938489557141952,CLEAR,0.5
26.1,7.664338370176196,3.977607953259949,3.945644158011463,CLEAR,0.5
26.12,7.673843673746892,3.9833673670814527,3.95265014419964,CLEAR,0.5
26.14,7.683221862848626,3.9894267384713484,3.9599699627893257,CLEAR,0.5
26.16,7.692347213895112,3.995874339505654,3.9662517284069327,CLEAR,0.5
26.18,7.701249177203885,4.0026376562329995,3.971982861896671,CLEAR,0.5
26.2,7.710115717748094,4.0096695138578236,3.977607953259949,CLEAR,0.5
26.22,7.7191838740568555,4.017002714796592,3.9833673670814527,CLEAR,0.5
26.24,7.728595079263305,4.0247068725311905,3.9894267384713484,CLEAR,0.5
26.26,7.738351093432079,4.03278921094932,3.995874339505654,CLEAR,0.5
26.28,7.748409037717879,4.0411838068329144,4.0026376562329995,CLEAR,0.5
26.3,7.75867468458427,4.049839160213536,4.0096695138578236,CLEAR,0.5
26.32,7.768868811592985,4.058723533198719,4.017002714796592,CLEAR,0.5
26.34,7.779014103732213,4.06714257203694,4.0247068725311905,CLEAR,0.5
26.36,7.788789107340133,4.075201706448042,4.03278921094932,CLEAR,0.5
26.38,7.798620834909051,4.082563761002194,4.0411838068329144,CLEAR,0.5
26.4,7.808668446736306,4.0898295145585335,4.049839160213536,CLEAR,0.5
26.42,7.818802985854935,4.096948778147982,4.058723533198719,CLEAR,0.5
26.44,7.828869658146182,4.103785709025653,4.06714257203694,CLEAR,0.5
26.46,7.838823039792076,4.110280030718461,4.075201706448042,CLEAR,0.5
26.48,7.848688141411107,4.1164263513392445,4.082563761002194,CLEAR,0.5
26.5,7.858431344036525,4.122245145581874,4.0898295145585335,CLEAR,0.5
26.52,7.868103032326992,4.1277406225749855,4.096948778147982,CLEAR,0.5
26.54,7.877780822695074,4.132966568070535,4.103785709025653,CLEAR,0.5
26.56,7.8875624773075526,4.138017132081304,4.110280030718461,CLEAR,0.5
26.58,7.8975143737708295,4.142965203983179,4.1164263513392445,CLEAR,0.5
26.6,7.907619086340766,4.147814146496261,4.122245145581874,CLEAR,0.5
26.62,7.917917827060699,4.152429239678923,4.1277406225749855,CLEAR,0.5
26.64,7.927763128032252,4.15712864367542,4.132966568070535,CLEAR,0.5
26.66,7.936434199501978,4.161995250319317,4.138017132081304,CLEAR,0.5
26.68,7.944520862184928,4.16565741854817,4.142965203983179,CLEAR,0.5
26.7,7.952413683380465,4.168836467258756,4.147814146496261,CLEAR,0.5
26.72,7.960277087930038,4.172118936225568,4.152429239678923,CLEAR,0.5
26.74,7.968219348300153,4.175688565483574,4.15712864367542,CLEAR,0.5
26.76,7.976153265925249,4.179681197161623,4.161995250319317,CLEAR,0.5
26.78,7.984015406762479,4.184064822181743,4.16565741854817,CLEAR,0.5
26.8,7.991825158557877,4.188791255702811,4.168836467258756,CLEAR,0.5
26.82,7.999687999803432,4.193783171852154,4.172118936225568,CLEAR,0.5
26.84,8.00772644499279,4.199083091308397,4.175688565483574,CLEAR,0.5
26.86,8.01604036810965,4.204709736497681,4.179681197161623,CLEAR,0.5
26.88,8.024728838833653,4.2106788286428705,4.184064822181743,CLEAR,0.5
26.9,8.033836044207009,4.217035994259401,4.188791255702811,CLEAR,0.5
26.92,8.043381911289169,4.223817626631738,4.193783171852154,CLEAR,0.5
26.94,8.053387480009121,4.231053791463479,4.199083091308397,CLEAR,0.5
26.96,8.063870282133262,4.238797512627119,4.204709736497681,CLEAR,0.5
26.98,8.074851291664567,4.247077814281056,4.2106788286428705,CLEAR,0.5
27.0,8.086351125859634,4.255943262565375,4.217035994259401,CLEAR,0.5
27.02,8.09831561547594,4.2653989368176255,4.223817626631738,CLEAR,0.5
27.04,8.110287153258158,4.275427968191151,4.231053791463479,CLEAR,0.5
27.06,8.121896863407784,4.2855847514662235,4.238797512627119,CLEAR,0.5
27.08,8.13290569244706,4.295541133302372,4.247077814281056,CLEAR,0.5
27.1,8.144079050583372,4.305093461505728,4.255943262565375,CLEAR,0.5
27.12,8.155704100576193,4.314663662521323,4.2653989368176255,CLEAR,0.5
27.14,8.167454975865072,4.324250406276224,4.275427968191151,CLEAR,0.5
27.16,8.178991352745607,4.333628879699676,4.2855847514662235,CLEAR,0.5
27.18,8.190211903146105,4.342675814293662,4.295541133302372,CLEAR,0.5
27.2,8.201139967788937,4.351317654961873,4.305093461505728,CLEAR,0.5
27.22,8.211833507917655,4.359582372323542,4.314663662521323,CLEAR,0.5
27.24,8.222465145503698,4.3675218865802234,4.324250406276224,CLEAR,0.5
27.26,8.233242856205084,4.37524344036579,4.333628879699676,CLEAR,0.5
27.28,8.24432135825165,4.382918423319339,4.342675814293662,CLEAR,0.5
27.3,8.255635987693188,4.390583179832851,4.351317654961873,CLEAR,0.5
27.32,8.266895162345666,4.398166343115791,4.359582372323542,CLEAR,0.5
27.34,8.276890504202173,4.405995295155006,4.3675218865802234,CLEAR,0.5
27.36,8.286023872222323,4.412906889039031,4.37524344036579,CLEAR,0.5
27.38,8.29496650152614,4.419045402015613,4.382918423319339,CLEAR,0.5
27.4,8.303893505728986,4.424995935341493,4.390583179832851,CLEAR,0.5
27.42,8.312779663365164,4.43098890030753,4.398166343115791,CLEAR,0.5
27.44,8.321572012976118,4.437184111890363,4.405995295155006,CLEAR,0.5
27.46,8.330134248236824,4.443720700379358,4.412906889039031,CLEAR,0.5
27.48,8.338456595873954,4.450486162132308,4.419045402015613,CLEAR,0.5
27.5,8.346695197138887,4.4574266283355035,4.424995935341493,CLEAR,0.5
27.52,8.355045020387907,4.464606080666985,4.43098890030753,CLEAR,0.5
27.54,8.36372175710091,4.47210658431843,4.437184111890363,CLEAR,0.5
27.56,8.372760684187984,4.48000812424147,4.443720700379358,CLEAR,0.5
27.58,8.382107514361334,4.488300154016732,4.450486162132308,CLEAR,0.5
27.6,8.391759085987527,4.496922158001624,4.4574266283355035,CLEAR,0.5
27.62,8.40148314218348,4.505897319968516,4.464606080666985,CLEAR,0.5
27.64,8.41110541904932,4.515011175782097,4.47210658431843,CLEAR,0.5
27.66,8.420729212970068,4.5236996108941,4.48000812424147,CLEAR,0.5
27.68,8.430262360252073,4.532183706480816,4.488300154016732,CLEAR,0.5
27.7,8.440106258524299,4.540157557588205,4.496922158001624,CLEAR,0.5
27.72,8.450280580787288,4.548208209887591,4.505897319968516,CLEAR,0.5
27.74,8.460533412235744,4.556210929460927,4.515011175782097,CLEAR,0.5
27.76,8.470657947371278,4.563935921937261,4.5236996108941,CLEAR,0.5
27.78,8.48060203595121,4.5712583717392965,4.532183706480816,CLEAR,0.5
27.8,8.490438480753467,4.578170247301042,4.540157557588205,CLEAR,0.5
27.82,8.500195149469102,4.584713920945381,4.548208209887591,CLEAR,0.5
27.84,8.509897444215973,4.590934774179892,4.556210929460927,CLEAR,0.5
27.86,8.519616659090795,4.596889109984734,4.563935921937261,CLEAR,0.5
27.88,8.52945440013474,4.602692474127811,4.5712583717392965,CLEAR,0.5
27.9,8.539479551514257,4.60843873296938,4.578170247301042,CLEAR,0.5
27.92,8.549662789002355,4.614194537892412,4.584713920945381,CLEAR,0.5
27.94,8.56004074144991,4.619847362228795,4.590934774179892,CLEAR,0.5
27.96,8.570240075903834,4.625496503016752,4.596889109984734,CLEAR,0.5
27.98,8.57926945594074,4.631392560200546,4.602692474127811,CLEAR,0.5
28.0,8.587683723906698,4.636268174453251,4.60843873296938,CLEAR,0.5
28.02,8.595960818944219,4.640553253281887,4.614194537892412,CLEAR,0.5
28.04,8.604252758414548,4.6448932574038455,4.619847362228795,CLEAR,0.5
28.06,8.612618677388848,4.649489345198189,4.625496503016752,CLEAR,0.5
28.08,8.621022015318475,4.654455855944008,4.631392560200546,CLEAR,0.5
28.1,8.629345063899377,4.659813028086888,4.636268174453251,CLEAR,0.5
28.12,8.63760262095568,4.665454611122693,4.640553253281887,CLEAR,0.5
28.14,8.64590337394657,4.671342588384005,4.6448932574038455,CLEAR,0.5
28.16,8.65438236217576,4.67750520507051,4.649489345198189,CLEAR,0.5
28.18,8.663184189344234,4.683966355349613,4.654455855944008,CLEAR,0.5
28.2,8.672402662155955,4.690801771536343,4.659813028086888,CLEAR,0.5
28.22,8.682089757496154,4.698053775848315,4.665454611122693,CLEAR,0.5
28.24,8.692242288110718,4.705765596628782,4.671342588384005,CLEAR,0.5
28.26,8.702842169815803,4.713957739148127,4.67750520507051,CLEAR,0.5
28.28,8.713900054221256,4.722659310624708,4.683966355349613,CLEAR,0.5
28.3,8.725449518156319,4.731891530768897,4.690801771536343,CLEAR,0.5
28.32,8.73747158420899,4.741695538239231,4.698053775848315,CLEAR,0.5
28.34,8.749555955269436,4.752079348652026,4.705765596628782,CLEAR,0.5
28.36,8.761089823237658,4.762678463060614,4.713957739148127,CLEAR,0.5
28.38,8.772042207307827,4.772744754965069,4.722659310624708,CLEAR,0.5
28.4,8.783074539350112,4.782457671223991,4.731891530768897,CLEAR,0.5
28.42,8.794426753364064,4.79224956025371,4.741695538239231,CLEAR,0.5
28.44,8.80591721867061,4.8020513887217575,4.752079348652026,CLEAR,0.5
28.46,8.817285379128434,4.81172030785708,4.762678463060614,CLEAR,0.5
28.48,8.828398084239817,4.821097675485997,4.772744754965069,CLEAR,0.5
28.5,8.839229541851859,4.8301195036583735,4.782457671223991,CLEAR,0.5
28.52,8.849825515242085,4.838753660183834,4.79224956025371,CLEAR,0.5
28.54,8.860296066987262,4.847050528713093,4.8020513887217575,CLEAR,0.5
28.56,8.870853739152151,4.855100561114961,4.81172030785708,CLEAR,0.5
28.58,8.881675327450882,4.863081390844906,4.821097675485997,CLEAR,0.5
28.6,8.892811994777315,4.871087827086394,4.8301195036583735,CLEAR,0.5
28.62,8.904204358348649,4.879102752239085,4.838753660183834,CLEAR,0.5
28.64,8.91443388158728,4.887285630444265,4.847050528713093,CLEAR,0.5
28.66,8.923502364035066,4.894881839838225,4.855100561114961,CLEAR,0.5
28.68,8.932129124060252,4.901290724973876,4.863081390844906,CLEAR,0.5
28.7,8.94065419296271,4.907257002864361,4.871087827086394,CLEAR,0.5
28.72,8.949140106806956,4.913211066761437,4.879102752239085,CLEAR,0.5
28.74,8.957663431642708,4.919364353147286,4.887285630444265,CLEAR,0.5
28.76,8.966081650064204,4.925901584250063,4.894881839838225,CLEAR,0.5
28.78,8.974293027341723,4.932705249649286,4.901290724973876,CLEAR,0.5
28.8,8.982333437210782,4.939668223932903,4.907257002864361,CLEAR,0.5
28.82,8.99039258944123,4.946761865299689,4.913211066761437,CLEAR,0.5
28.84,8.998665773681433,4.954092827333061,4.919364353147286,CLEAR,0.5
28.86,9.007275998885001,4.961766596117519,4.925901584250063,CLEAR,0.5
28.88,9.016288671453262,4.969855638892161,4.932705249649286,CLEAR,0.5
28.9,9.02562975336609,4.978402364053407,4.939668223932903,CLEAR,0.5
28.92,9.035297474875279,4.987347563406893,4.946761865299689,CLEAR,0.5
28.94,9.045315841848792,4.9967019537300095,4.954092827333061,CLEAR,0.5
28.96,9.055513892833412,5.0065054943962775,4.961766596117519,CLEAR,0.5
28.98,9.065544561611015,5.0165824342797345,4.969855638892161,CLEAR,0.5
29.0,9.075533557139797,5.026309410964015,4.978402364053407,CLEAR,0.5
29.02,9.085466459809417,5.035726507815066,4.987347563406893,CLEAR,0.5
29.04,9.095729740052976,5.044855188139119,4.9967019537300095,CLEAR,0.5
29.06,9.106424730339949,5.054094336245971,5.0065054943962775,CLEAR,0.5
29.08,9.117282679716281,5.063408337587752,5.0165824342797345,CLEAR,0.5
29.1,9.128078521802212,5.072570447896537,5.026309410964015,CLEAR,0.5
29.12,9.138748674910712,5.081408321196851,5.035726507815066,CLEAR,0.5
29.14,9.149296823981993,5.08990642900938,5.044855188139119,CLEAR,0.5
29.16,9.159702544563304,5.098073289853999,5.054094336245971,CLEAR,0.5
29.18,9.17002920354326,5.105926701582825,5.063408337587752,CLEAR,0.5
29.2,9.180367723594129,5.113525497225055,5.072570447896537,CLEAR,0.5
29.22,9.190837852228025,5.120989403623118,5.081408321196851,CLEAR,0.5
29.24,9.201479313366876,5.12842412741256,5.08990642900938,CLEAR,0.5
29.26,9.212316786004115,5.135885554484645,5.098073289853999,CLEAR,0.5
29.28,9.223310265916577,5.143317047924648,5.105926701582825,CLEAR,0.5
29.3,9.23354592054149,5.150763613323674,5.113525497225055,CLEAR,0.5
29.32,9.242736925727117,5.158103931096512,5.120989403623118,CLEAR,0.5
29.34,9.251588702112745,5.164322889604148,5.12842412741256,CLEAR,0.5
29.36,9.260528797439061,5.17012974486019,5.135885554484645,CLEAR,0.5
29.38,9.269523082698143,5.17610570332314,5.143317047924648,CLEAR,0.5
29.4,9.278521767297342,5.182347349257508,5.150763613323674,CLEAR,0.5
29.42,9.28748244283809,5.188910224174252,5.158103931096512,CLEAR,0.5
29.44,9.29628657540636,5.195762738497892,5.164322889604148,CLEAR,0.5
29.46,9.304963181063231,5.2028111469200695,5.17012974486019,CLEAR,0.5
29.48,9.313699702123117,5.210023271718011,5.17610570332314,CLEAR,0.5
29.5,9.322685508069155,5.21749006681916,5.182347349257508,CLEAR,0.5
29.52,9.332060468834566,5.225314832413816,5.188910224174252,CLEAR,0.5
29.54,9.341896624957796,5.2335685641439005,5.195762738497892,CLEAR,0.5
29.56,9.352201733522138,5.242291935416342,5.2028111469200695,CLEAR,0.5
29.58,9.362908074661062,5.251497071975289,5.210023271718011,CLEAR,0.5
29.6,9.374015909356288,5.2611326274124295,5.21749006681916,CLEAR,0.5
29.62,9.385524147966404,5.271226469260184,5.225314832413816,CLEAR,0.5
29.64,9.39697101280901,5.281818738323537,5.2335685641439005,CLEAR,0.5
29.66,9.408103832960757,5.292359941372802,5.242291935416342,CLEAR,0.5
29.68,9.418594448209655,5.302539466629846,5.251497071975289,CLEAR,0.5
29.7,9.429031633140594,5.3121302230074114,5.2611326274124295,CLEAR,0.5
29.72,9.439643468450505,5.321634559036134,5.271226469260184,CLEAR,0.5
29.74,9.4503618315097,5.3310411131919615,5.281818738323537,CLEAR,0.5
29.76,9.460980083692046,5.340281686920972,5.292359941372802,CLEAR,0.5
29.78,9.471435347947764,5.349236152832101,5.302539466629846,CLEAR,0.5
29.8,9.481670787068722,5.3578966202001155,5.3121302230074114,CLEAR,0.5
29.82,9.49166645719092,5.366223885235801,5.321634559036134,CLEAR,0.5
29.84,9.5014985343027,5.3742108417871215,5.3310411131919615,CLEAR,0.5
29.86,9.51134444540121,5.381912415350287,5.340281686920972,CLEAR,0.5
29.88,9.521367905758728,5.389482572473422,5.349236152832101,CLEAR,0.5
29.9,9.531625044669282,5.397069762634472,5.3578966202001155,CLEAR,0.5
29.92,9.542130099531146,5.404658730735549,5.366223885235801,CLEAR,0.5
29.94,9.5524829879188,5.412278005511515,5.3742108417871215,CLEAR,0.5
29.96,9.561332247417788,5.420061135682434,5.381912415350287,CLEAR,0.5
29.98,9.569333657988043,5.426467964414889,5.389482572473422,CLEAR,0.5
30.0,9.577176041001822,5.432006556503382,5.397069762634472,CLEAR,0.5
30.02,9.5849731747803,5.437452390488269,5.404658730735549,CLEAR,0.5
30.04,9.592772089991774,5.443003871587248,5.412278005511515,CLEAR,0.5
30.06,9.600595860300214,5.448804396785816,5.420061135682434,CLEAR,0.5
30.08,9.608305717366536,5.4549609653682705,5.426467964414889,CLEAR,0.5
30.1,9.61587822087881,5.46132576903009,5.432006556503382,CLEAR,0.5
30.12,9.623392558756066,5.467835027115659,5.437452390488269,CLEAR,0.5
30.14,9.630994089651413,5.474500605807908,5.443003871587248,CLEAR,0.5
30.16,9.638826703903842,5.481399464792995,5.448804396785816,CLEAR,0.5
30.18,9.646986238330623,5.488626891400679,5.4549609653682705,CLEAR,0.5
30.2,9.655538168416454,5.496243390602222,5.46132576903009,CLEAR,0.5
30.22,9.664484713592659,5.504324833919029,5.467835027115659,CLEAR,0.5
30.24,9.673818102313586,5.5128984163452515,5.474500605807908,CLEAR,0.5
30.26,9.683574791636428,5.521969060221602,5.481399464792995,CLEAR,0.5
30.28,9.69377438820376,5.531557222757544,5.488626891400679,CLEAR,0.5
30.3,9.704401539202282,5.541676875892822,5.496243390602222,CLEAR,0.5
30.32,9.71517021477998,5.552296808919289,5.504324833919029,CLEAR,0.5
30.34,9.725484424986128,5.563195901162569,5.5128984163452515,CLEAR,0.5
30.36,9.735842335604412,5.5734438261765975,5.521969060221602,CLEAR,0.5
30.38,9.746557762480483,5.583531243791554,5.531557222757544,CLEAR,0.5
30.4,9.75779932284686,5.593921628092404,5.541676875892822,CLEAR,0.5
30.42,9.769488517030009,5.604558982409076,5.552296808919289,CLEAR,0.5
30.44,9.781268017317784,5.6152835177032365,5.563195901162569,CLEAR,0.5
30.46,9.792956263969737,5.6257958721364,5.5734438261765975,CLEAR,0.5
30.48,9.804458021769472,5.636010955539397,5.583531243791554,CLEAR,0.5
30.5,9.815735426969532,5.64592319065831,5.593921628092404,CLEAR,0.5
30.52,9.826857657274582,5.65548284800915,5.604558982409076,CLEAR,0.5
30.54,9.83794970221667,5.664755400578661,5.6152835177032365,CLEAR,0.5
30.56,9.849155588714092,5.673847205765987,5.6257958721364,CLEAR,0.5
30.58,9.860519148630605,5.682898787268006,5.636010955539397,CLEAR,0.5
30.6,9.871964691696158,5.691956404874785,5.64592319065831,CLEAR,0.5
30.62,9.883280183563086,5.700907449700248,5.65548284800915,CLEAR,0.5
30.64,9.893608323095851,5.710011766719998,5.664755400578661,CLEAR,0.5
30.66,9.90331014193242,5.718314373362313,5.673847205765987,CLEAR,0.5
30.68,9.912920310236156,5.7260162648230235,5.682898787268006,CLEAR,0.5
30.7,9.922632864945731,5.733578148130963,5.691956404874785,CLEAR,0.5
30.72,9.932385142200975,5.7412546415281405,5.700907449700248,CLEAR,0.5
30.74,9.942069221856812,5.749148490393397,5.710011766719998,CLEAR,0.5
30.76,9.951512183853325,5.757288037917488,5.718314373362313,CLEAR,0.5
30.78,9.960700440416142,5.76554748628884,5.7260162648230235,CLEAR,0.5
30.8,9.969849885263832,5.773862740152015,5.733578148130963,CLEAR,0.5
30.82,9.979199080743705,5.782374908578771,5.7412546415281405,CLEAR,0.5
30.84,9.988976089362971,5.791236628140241,5.749148490393397,CLEAR,0.5
30.86,9.999196716561954,5.800556122798542,5.757288037917488,CLEAR,0.5
30.88,10.009750816426923,5.810318442939464,5.76554748628884,CLEAR,0.5
30.9,10.020648551257958,5.820406018861022,5.773862740152015,CLEAR,0.5
30.92,10.031663952748652,5.83085867183638,5.782374908578771,CLEAR,0.5
30.94,10.042558474016866,5.841454994065034,5.791236628140241,CLEAR,0.5
30.96,10.05306759874774,5.851703275343973,5.800556122798542,CLEAR,0.5
30.98,10.063221016742839,5.861277228699369,5.810318442939464,CLEAR,0.5
31.0,10.073317673744308,5.870576223445476,5.820406018861022,CLEAR,0.5
31.02,10.083513570087408,5.879699374362874,5.83085867183638,CLEAR,0.5
31.04,10.09369736930201,5.888675516178021,5.841454994065034,CLEAR,0.5
31.06,10.103814629098116,5.89744235717257,5.851703275343973,CLEAR,0.5
31.08,10.113923690217451,5.9059730742610865,5.861277228699369,CLEAR,0.5
31.1,10.123871260417145,5.914325528213895,5.870576223445476,CLEAR,0.5
31.12,10.133646114299829,5.922393037767334,5.879699374362874,CLEAR,0.5
31.14,10.143342354394486,5.930150625272134,5.888675516178021,CLEAR,0.5
31.16,10.153074787634647,5.937690466980229,5.89744235717257,CLEAR,0.5
31.18,10.162995570466512,5.945114400220722,5.9059730742610865,CLEAR,0.5
31.2,10.173097397476914,5.9525599708482835,5.914325528213895,CLEAR,0.5
31.22,10.18339871694659,5.959971550338863,5.922393037767334,CLEAR,0.5
31.24,10.19360879420681,5.967415617419448,5.930150625272134,CLEAR,0.5
31.26,10.20247486793006,5.975068928338306,5.937690466980229,CLEAR,0.5
31.28,10.21052632543935,5.98140917340169,5.945114400220722,CLEAR,0.5
31.3,10.218368279470377,5.986893151301742,5.9525599708482835,CLEAR,0.5
31.32,10.226173636940786,5.992275481234387,5.959971550338863,CLEAR,0.5
31.34,10.233995250393242,5.99780687855069,5.967415617419448,CLEAR,0.5
31.36,10.241794488328749,6.003602263905915,5.975068928338306,CLEAR,0.5
31.38,10.249485418155318,6.009648712359286,5.98140917340169,CLEAR,0.5
31.4,10.257085603351914,6.01586756502171,5.986893151301742,CLEAR,0.5
31.42,10.264674579779944,6.022236211396389,5.992275481234387,CLEAR,0.5
31.44,10.272394876435495,6.028770639833597,5.99780687855069,CLEAR,0.5
31.46,10.280352376065286,6.035552803331069,6.003602263905915,CLEAR,0.5
31.48,10.288639575782465,6.042644970539733,6.009648712359286,CLEAR,0.5
31.5,10.297302502903134,6.050117341715691,6.01586756502171,CLEAR,0.5
31.52,10.306357088454822,6.058012414205736,6.022236211396389,CLEAR,0.5
31.54,10.31581364030708,6.066367304128502,6.028770639833597,CLEAR,0.5
31.56,10.325699463714747,6.07520189013772,6.035552803331069,CLEAR,0.5
31.58,10.33604413935363,6.084552795198733,6.042644970539733,CLEAR,0.5
31.6,10.346883568898177,6.09444898228285,6.050117341715691,CLEAR,0.5
31.62,10.358221385583466,6.104916082046834,6.058012414205736,CLEAR,0.5
31.64,10.369942001131967,6.115953478760575,6.066367304128502,CLEAR,0.5
31.66,10.381495272287923,6.1274756382185265,6.07520189013772,CLEAR,0.5
31.68,10.392685246151455,6.138865444199969,6.084552795198733,CLEAR,0.5
31.7,10.403517451034629,6.149744162947852,6.09444898228285,CLEAR,0.5
31.72,10.414618135931526,6.160488194136639,6.104916082046834,CLEAR,0.5
31.74,10.4262690012895,6.171323619655418,6.115953478760575,CLEAR,0.5
31.76,10.438135003227812,6.18233458610203,6.1274756382185265,CLEAR,0.5
31.78,10.449930837160313,6.193310099266931,6.138865444199969,CLEAR,0.5
31.8,10.461513753876693,6.204050138854725,6.149744162947852,CLEAR,0.5
31.82,10.472798542412082,6.214489060480958,6.160488194136639,CLEAR,0.5
31.84,10.483868184272996,6.224585384114547,6.171323619655418,CLEAR,0.5
31.86,10.494940726345877,6.234381185819694,6.18233458610203,CLEAR,0.5
31.88,10.50617984017978,6.244035525181119,6.193310099266931,CLEAR,0.5
31.9,10.517664275155477,6.253697858296256,6.204050138854725,CLEAR,0.5
31.92,10.5292932049406,6.263398617678271,6.214489060480958,CLEAR,0.5
31.94,10.540464410524825,6.273057576973536,6.224585384114547,CLEAR,0.5
31.96,10.55050003530575,6.2826560228095545,6.234381185819694,CLEAR,0.5
31.98,10.559951674068156,6.291103974942603,6.244035525181119,CLEAR,0.5
32.0,10.569316905195445,6.298962268557328,6.253697858296256,CLEAR,0.5
32.02,10.578764179135613,6.306713603549502,6.263398617678271,CLEAR,0.5
32.04,10.588213303420087,6.314628800870471,6.273057576973536,CLEAR,0.5
32.06,10.597540214878615,6.322757795550695,6.2826560228095545,CLEAR,0.5
32.08,10.606607658626753,6.33108728778938,6.291103974942603,CLEAR,0.5
32.1,10.61546185481226,6.339474595122467,6.298962268557328,CLEAR,0.5
32.12,10.624301078252795,6.3479240377139,6.306713603549502,CLEAR,0.5
32.14,10.633355810387103,6.356554253227007,6.314628800870471,CLEAR,0.5
32.16,10.642794114647684,6.3655081444172765,6.322757795550695,CLEAR,0.5
32.18,10.65260728289056,6.374891299699021,6.33108728778938,CLEAR,0.5
32.2,10.662738186858972,6.384654769287435,6.339474595122467,CLEAR,0.5
32.22,10.673096674978977,6.394741886287296,6.3479240377139,CLEAR,0.5
32.24,10.683444584656684,6.405120955468286,6.356554253227007,CLEAR,0.5
32.26,10.693697801218553,6.415271273903971,6.3655081444172765,CLEAR,0.5
32.28,10.703516480310917,6.42513950666626,6.374891299699021,CLEAR,0.5
32.3,10.713392689485225,6.434318986589722,6.384654769287435,CLEAR,0.5
32.32,10.723557142557198,6.443459692136651,6.394741886287296,CLEAR,0.5
32.34,10.733838800139631,6.452663509269653,6.405120955468286,CLEAR,0.5
32.36,10.744065863767737,6.461750678799831,6.415271273903971,CLEAR,0.5
32.38,10.754195694861604,6.470593363044364,6.42513950666626,CLEAR,0.5
32.4,10.764229367387145,6.47916744907762,6.434318986589722,CLEAR,0.5
32.42,10.774131164295712,6.487483571085152,6.443459692136651,CLEAR,0.5
32.44,10.783917550592738,6.495524283787497,6.452663509269653,CLEAR,0.5
32.46,10.793678535076598,6.5033350014128,6.461750678799831,CLEAR,0.5
32.48,10.803540585040588,6.5110128582809494,6.470593363044364,CLEAR,0.5
32.5,10.813553665000413,6.518671903134391,6.47916744907762,CLEAR,0.5
32.52,10.823733093126572,6.526329407389168,6.487483571085152,CLEAR,0.5
32.54,10.834082021913126,6.533916880728836,6.495524283787497,CLEAR,0.5
32.56,10.843919813912558,6.541611124135847,6.5033350014128,CLEAR,0.5
32.58,10.852606724062559,6.549163635928252,6.5110128582809494,CLEAR,0.5
32.6,10.86077266314404,6.55543006768919,6.518671903134391,CLEAR,0.5
32.62,10.868803624415467,6.5611732271064955,6.526329407389168,CLEAR,0.5
32.64,10.876809529855155,6.566950689954892,6.533916880728836,CLEAR,0.5
32.66,10.884895866009645,6.5728806285441514,6.541611124135847,CLEAR,0.5
32.68,10.892959350989763,6.579117862623731,6.549163635928252,CLEAR,0.5
32.7,10.900945087807695,6.585579850977485,6.55543006768919,CLEAR,0.5
32.72,10.908869483280055,6.592218704413826,6.5611732271064955,CLEAR,0.5
32.74,10.916817426957035,6.599001424525595,6.566950689954892,CLEAR,0.5
32.76,10.92492863745409,6.6059663204878545,6.5728806285441514,CLEAR,0.5
32.78,10.93330112425212,6.613201392217419,6.579117862623731,CLEAR,0.5
32.8,10.942028132292196,6.620768092284404,6.585579850977485,CLEAR,0.5
32.82,10.951172145143378,6.628734623564675,6.592218704413826,CLEAR,0.5
32.84,10.960774570446672,6.637148090171912,6.599001424525595,CLEAR,0.5
32.86,10.970831589242223,6.646055333528725,6.6059663204878545,CLEAR,0.5
32.88,10.981348762535292,6.655469541472201,6.613201392217419,CLEAR,0.5
32.9,10.992348308570515,6.665414223736827,6.620768092284404,CLEAR,0.5
32.92,11.003854243434422,6.675918749670776,6.628734623564675,CLEAR,0.5
32.94,11.015708309182319,6.687008135428704,6.637148090171912,CLEAR,0.5
32.96,11.02733057997108,6.698557050833302,6.646055333528725,CLEAR,0.5
32.98,11.038492476545747,6.709903198273187,6.655469541472201,CLEAR,0.5
33.0,11.049244039769226,6.720860253356516,6.665414223736827,CLEAR,0.5
33.02,11.060135105151558,6.731542004806183,6.675918749670776,CLEAR,0.5
33.04,11.071257958407053,6.742186268759172,6.687008135428704,CLEAR,0.5
33.06,11.082344757494669,6.752839363348758,6.698557050833302,CLEAR,0.5
33.08,11.0931935369267,6.763284381267223,6.709903198273187,CLEAR,0.5
33.1,11.103768798413888,6.77337691991141,6.720860253356516,CLEAR,0.5
33.12,11.114118442934789,6.783105890820695,6.731542004806183,CLEAR,0.5
33.14,11.124286154445976,6.792508051279533,6.742186268759172,CLEAR,0.5
33.16,11.134437513128837,6.801618725747744,6.752839363348758,CLEAR,0.5
33.18,11.14476184491754,6.810595122453978,6.763284381267223,CLEAR,0.5
33.2,11.155399146848248,6.819613750412387,6.77337691991141,CLEAR,0.5
33.22,11.166297617067057,6.828757741329623,6.783105890820695,CLEAR,0.5
33.24,11.17708006378182,6.837996179873711,6.792508051279533,CLEAR,0.5
33.26,11.186405808106333,6.84731636356527,6.801618725747744,CLEAR,0.5
33.28,11.194923195911533,6.855310206305407,6.810595122453978,CLEAR,0.5
33.3,11.203268702510917,6.862473467917501,6.819613750412387,CLEAR,0.5
33.32,11.211539854399494,6.869475458950683,6.828757741329623,CLEAR,0.5
33.34,11.219763419077974,6.876474495424352,6.837996179873711,CLEAR,0.5
33.36,11.22792778904425,6.88359867781407,6.84731636356527,CLEAR,0.5
33.38,11.235874369233194,6.890923441985452,6.855310206305407,CLEAR,0.5
33.4,11.243614061724065,6.898286258191801,6.862473467917501,CLEAR,0.5
33.42,11.251263375240839,6.905675511220021,6.869475458950683,CLEAR,0.5
33.44,11.259055918236745,6.913166431054241,6.876474495424352,CLEAR,0.5
33.46,11.267148357744428,6.9209248951671,6.88359867781407,CLEAR,0.5
33.48,11.275600097531456,6.929062379039009,6.890923441985452,CLEAR,0.5
33.5,11.284376814445928,6.937620134243901,6.898286258191801,CLEAR,0.5
33.52,11.293429263113199,6.946560989684011,6.905675511220021,CLEAR,0.5
33.54,11.30275492013397,6.955842939853194,6.913166431054241,CLEAR,0.5
33.56,11.312023399771917,6.965498695395775,6.9209248951671,CLEAR,0.5
33.58,11.321273563224194,6.975059599101658,6.929062379039009,CLEAR,0.5
33.6,11.330674540531177,6.984511645620371,6.937620134243901,CLEAR,0.5
33.62,11.340211601245345,6.993860613390984,6.946560989684011,CLEAR,0.5
33.64,11.3501099363628,7.00310457913558,6.955842939853194,CLEAR,0.5
33.66,11.360372172348619,7.012542517465289,6.965498695395775,CLEAR,0.5
33.68,11.370755092689704,7.022084379471464,6.975059599101658,CLEAR,0.5
33.7,11.381001493273622,7.0315133424614205,6.984511645620371,CLEAR,0.5
33.72,11.391116850302959,7.040610738144539,6.993860613390984,CLEAR,0.5
33.74,11.401150428864472,7.049400615669718,7.00310457913558,CLEAR,0.5
33.76,11.411117052240856,7.057930743467634,7.012542517465289,CLEAR,0.5
33.78,11.421049997687785,7.06623714249727,7.022084379471464,CLEAR,0.5
33.8,11.431039765298564,7.0743757157410405,7.0315133424614205,CLEAR,0.5
33.82,11.441188268273756,7.082457202683485,7.040610738144539,CLEAR,0.5
33.84,11.451508668697812,7.090589829700595,7.049400615669718,CLEAR,0.5
33.86,11.46202547770285,7.098787536346758,7.057930743467634,CLEAR,0.5
33.88,11.472737162282566,7.107018630289288,7.06623714249727,CLEAR,0.5
33.9,11.482575879469053,7.115459917160194,7.0743757157410405,CLEAR,0.5
33.92,11.491664147627654,7.123221178874232,7.082457202683485,CLEAR,0.5
33.94,11.500580449970471,7.130200171588606,7.090589829700595,CLEAR,0.5
33.96,11.509545618218269,7.137067819280207,7.098787536346758,CLEAR,0.5
33.98,11.518520177365243,7.144085720669815,7.107018630289288,CLEAR,0.5
34.0,11.527509796531039,7.151272125283465,7.115459917160194,CLEAR,0.5
34.02,11.536395124946257,7.158696110185532,7.123221178874232,CLEAR,0.5
34.04,11.545171534165027,7.166238621637502,7.130200171588606,CLEAR,0.5
34.06,11.553934360082648,7.173895798483336,7.137067819280207,CLEAR,0.5
34.08,11.56284428568255,7.181711585242072,7.144085720669815,CLEAR,0.5
34.1,11.572081994406407,7.1897724702252885,7.151272125283465,CLEAR,0.5
34.12,11.581764824924882,7.19821070921911,7.158696110185532,CLEAR,0.5
34.14,11.591955212864695,7.207106712990818,7.166238621637502,CLEAR,0.5
34.16,11.60265043516422,7.216509927090263,7.173895798483336,CLEAR,0.5
34.18,11.613761055828538,7.226435121446702,7.181711585242072,CLEAR,0.5
34.2,11.625289321903924,7.236818386465968,7.1897724702252885,CLEAR,0.5
34.22,11.637249195956766,7.24768464865157,7.19821070921911,CLEAR,0.5
34.24,11.649199312198341,7.259065913837953,7.207106712990818,CLEAR,0.5
34.26,11.660731644221284,7.270500264823965,7.216509927090263,CLEAR,0.5
34.28,11.67171468806079,7.281526466341286,7.226435121446702,CLEAR,0.5
34.3,11.682694155051854,7.2920421586777575,7.236818386465968,CLEAR,0.5
34.32,11.693841807922311,7.302577457693242,7.24768464865157,CLEAR,0.5
34.34,11.705036117488788,7.313137356981099,7.259065913837953,CLEAR,0.5
34.36,11.71608763188646,7.323608855592373,7.270500264823965,CLEAR,0.5
34.38,11.72690045906783,7.333824735103563,7.281526466341286,CLEAR,0.5
34.4,11.737446820736276,7.343713553330674,7.2920421586777575,CLEAR,0.5
34.42,11.747778944081197,7.353249011260781,7.302577457693242,CLEAR,0.5
34.44,11.757985611446541,7.362478106041255,7.313137356981099,CLEAR,0.5
34.46,11.768266711548215,7.371492073245119,7.323608855592373,CLEAR,0.5
34.48,11.778798902753651,7.380480695125736,7.333824735103563,CLEAR,0.5
34.5,11.789628589221586,7.389576486966694,7.343713553330674,CLEAR,0.5
34.52,11.80077230671493,7.398775620694822,7.353249011260781,CLEAR,0.5
34.54,11.810663616893152,7.408325651748078,7.362478106041255,CLEAR,0.5
34.56,11.81949596777755,7.4168171814416715,7.371492073245119,CLEAR,0.5
34.58,11.827932188377165,7.424196817878415,7.380480695125736,CLEAR,0.5
34.6,11.836295230174638,7.431196410102459,7.389576486966694,CLEAR,0.5
34.62,11.844602154138236,7.438187696819572,7.398775620694822,CLEAR,0.5
34.64,11.852920832987481,7.445269707098199,7.408325651748078,CLEAR,0.5
34.66,11.861129962481538,7.452593228366014,7.4168171814416715,CLEAR,0.5
34.68,11.86916568538522,7.460036909409675,7.424196817878415,CLEAR,0.5
34.7,11.877089473231788,7.46752753630568,7.431196410102459,CLEAR,0.5
34.72,11.885032031717586,7.475081813712915,7.438187696819572,CLEAR,0.5
34.74,11.893176136770553,7.482781608223064,7.445269707098199,CLEAR,0.5
34.76,11.901637776908958,7.49077326627923,7.452593228366014,CLEAR,0.5
34.78,11.91049695625265,7.4991457634249885,7.460036909409675,CLEAR,0.5
34.8,11.91974715307875,7.507974177923968,7.46752753630568,CLEAR,0.5
34.82,11.929378697322402,7.51726300254044,7.475081813712915,CLEAR,0.5
34.84,11.939385610163459,7.5270121170932125,7.482781608223064,CLEAR,0.5
34.86,11.949812472281037,7.537210497560181,7.49077326627923,CLEAR,0.5
34.88,11.960585199082768,7.547895206734464,7.4991457634249885,CLEAR,0.5
34.9,11.971141766946976,7.559024346146025,7.507974177923968,CLEAR,0.5
34.92,11.98157952671506,7.569823162447904,7.51726300254044,CLEAR,0.5
34.94,11.991931376664136,7.580388940561899,7.5270121170932125,CLEAR,0.5
34.96,12.002601340234744,7.590803258725365,7.537210497560181,CLEAR,0.5
