t,x,y,z
2.000000000000000042e-02,7.758498359610928883e-04,2.281607960314614345e-04,7.909640333718800376e-01
4.000000000000000083e-02,2.162957174818187344e-03,6.392344816939139491e-04,7.868442484799915704e-01
5.999999999999999084e-02,4.136188246199704564e-03,7.870438360050217939e-04,7.867951448370352763e-01
8.000000000000000167e-02,6.721412253720525885e-03,7.956564932425374713e-04,7.880819464220132353e-01
1.000000000000000194e-01,9.726891820786884302e-03,9.483229861702312290e-04,7.896259890390411318e-01
1.200000000000000372e-01,1.299599683543672946e-02,1.150589700505762376e-03,7.912547514464288723e-01
1.400000000000000411e-01,1.639932024819307221e-02,1.418438054805393677e-03,7.927305511507107827e-01
1.600000000000000588e-01,1.985548742732467717e-02,1.755928535424394407e-03,7.937548230896034340e-01
1.800000000000000766e-01,2.334137694736067303e-02,2.130405604816043314e-03,7.941594418503681307e-01
2.000000000000000944e-01,2.688495762126334385e-02,2.487492634444683857e-03,7.939497241457520449e-01
2.200000000000001121e-01,3.057075896570104687e-02,2.760235533853846752e-03,7.932178866487725744e-01
2.400000000000001299e-01,3.450527760974566455e-02,2.864669502951747767e-03,7.920930219169286524e-01
2.600000000000001199e-01,3.877142833320242760e-02,2.756174815613782365e-03,7.906919352041750226e-01
2.800000000000001377e-01,4.339651283070046495e-02,2.310335605119458180e-03,7.894860129808030091e-01
3.000000000000001554e-01,4.834970965750369498e-02,1.515907960379533426e-03,7.886351652639432830e-01
3.200000000000001732e-01,5.361988700508271005e-02,4.798285608502357883e-04,7.877575368535365552e-01
3.400000000000001910e-01,5.917815906418939786e-02,-8.205021552715169699e-04,7.867865419755982748e-01
3.600000000000002087e-01,6.499783837401629238e-02,-2.392414163730551512e-03,7.857239454215618757e-01
3.800000000000002265e-01,7.105728645761050233e-02,-4.211051592444089824e-03,7.845851992557446586e-01
4.000000000000002442e-01,7.732199658697445910e-02,-6.134659956679923420e-03,7.836508590217007297e-01
4.200000000000002620e-01,8.366194643316730850e-02,-8.091677166170581012e-03,7.833283850619008337e-01
4.400000000000002798e-01,9.002106839576856645e-02,-1.030400583087649063e-02,7.830016141996231083e-01
4.600000000000002975e-01,9.631875214337982938e-02,-1.265786058270441591e-02,7.825406892459609853e-01
4.800000000000003153e-01,1.024641351013536594e-01,-1.506436892584215280e-02,7.820081478490651383e-01
5.000000000000003331e-01,1.083667639810737965e-01,-1.746378697741220870e-02,7.815436959672278361e-01
5.200000000000003508e-01,1.139427243553061964e-01,-1.976785107805368799e-02,7.813187144396233075e-01
5.400000000000003686e-01,1.191978834331227227e-01,-2.186769412125604342e-02,7.816236757652971212e-01
5.600000000000003864e-01,1.241753568261322743e-01,-2.371802206177786240e-02,7.826682915057205925e-01
5.800000000000004041e-01,1.289027926657524692e-01,-2.536673207547545175e-02,7.845512039597959397e-01
6.000000000000004219e-01,1.334276568844511845e-01,-2.677512978627582391e-02,7.871935359555312095e-01
6.200000000000004396e-01,1.377577731579513465e-01,-2.790718679186358214e-02,7.904203426830783696e-01
6.400000000000004574e-01,1.418619430559702466e-01,-2.870750908256505113e-02,7.939225920434404005e-01
6.600000000000004752e-01,1.456781022268544001e-01,-2.911002491005498100e-02,7.972864432717218230e-01
6.800000000000004929e-01,1.490072194019909091e-01,-2.904521412031026845e-02,8.001617196725141490e-01
7.000000000000005107e-01,1.516670359657230349e-01,-2.852003585642592584e-02,8.022497505015862007e-01
7.200000000000005285e-01,1.538027325471265638e-01,-2.742045347551895149e-02,8.032671885196785988e-01
7.400000000000005462e-01,1.558393563015725847e-01,-2.556382377596310221e-02,8.030872508406787791e-01
7.600000000000005640e-01,1.582687811464829342e-01,-2.317649878034875113e-02,8.022461503105239311e-01
7.800000000000005818e-01,1.614524204092395165e-01,-2.073618602066977165e-02,8.018905100712974132e-01
8.000000000000005995e-01,1.654202534886754228e-01,-1.834516621818061896e-02,8.027626880392066955e-01
8.200000000000006173e-01,1.699897708154482767e-01,-1.603018212205094273e-02,8.040301630720747550e-01
8.400000000000006350e-01,1.752040297055336704e-01,-1.339744990471089352e-02,8.046223186932637272e-01
8.600000000000006528e-01,1.809138754218206635e-01,-1.026776202844310003e-02,8.041205616078900276e-01
8.800000000000006706e-01,1.868348898083537490e-01,-6.760293598852567913e-03,8.023399949701387479e-01
9.000000000000006883e-01,1.927708454722564524e-01,-3.035606793025099736e-03,7.989052687031813482e-01
9.200000000000007061e-01,1.979706062654128240e-01,3.314665429385270780e-04,7.946673711359409920e-01
9.400000000000007239e-01,2.012706192479107592e-01,2.591213167056425314e-03,7.921127587602655451e-01
9.600000000000007416e-01,2.038810732769716083e-01,5.034218488398015633e-03,7.888406955155028433e-01
9.800000000000007594e-01,2.060484488731300634e-01,7.175992274543645591e-03,7.876430616439311638e-01
1.000000000000000666e+00,2.084686183682641913e-01,9.501610068350681629e-03,7.871649505747542186e-01
1.020000000000000240e+00,2.114126611127191135e-01,1.177126813109282896e-02,7.869059513688111407e-01
1.039999999999999813e+00,2.149911998093985421e-01,1.378809318886487292e-02,7.867835001596917843e-01
1.059999999999999387e+00,2.191466767058967147e-01,1.564479934896131214e-02,7.867465132355968560e-01
1.079999999999998961e+00,2.236724799740369973e-01,1.748436153726763351e-02,7.866729958295772818e-01
1.099999999999998535e+00,2.283108273259150944e-01,1.928992614624687810e-02,7.864278217233369173e-01
1.119999999999998108e+00,2.329924886859353339e-01,2.087754884015668652e-02,7.859807564587864004e-01
1.139999999999997682e+00,2.377774542250880863e-01,2.206683635203651739e-02,7.853682976197441379e-01
1.159999999999997256e+00,2.428089826715897070e-01,2.292376505327916106e-02,7.850605888948234412e-01
1.179999999999996829e+00,2.479581768353455451e-01,2.325822504993969170e-02,7.849288248087030739e-01
1.199999999999996403e+00,2.531832519348494182e-01,2.310522303416677817e-02,7.849151260099254124e-01
1.219999999999995977e+00,2.584863347152260848e-01,2.256148072806679269e-02,7.849830651715509200e-01
1.239999999999995550e+00,2.638881358895521223e-01,2.171455151702457800e-02,7.850492611200610149e-01
1.259999999999995124e+00,2.694197377041449015e-01,2.061969627834672400e-02,7.850565736034865738e-01
1.279999999999994698e+00,2.751436562309930167e-01,1.935023355555192531e-02,7.850681146207821870e-01
1.299999999999994271e+00,2.810824168799001543e-01,1.797089834096676428e-02,7.851346960824659993e-01
1.319999999999993845e+00,2.872217671534905703e-01,1.642867894274389548e-02,7.851181692427280367e-01
1.339999999999993419e+00,2.935094613066019931e-01,1.492198300958520740e-02,7.849302275563220244e-01
1.359999999999992992e+00,2.998971493537261335e-01,1.355933221420085703e-02,7.845242695086833695e-01
1.379999999999992566e+00,3.063183221777712184e-01,1.234790377873058731e-02,7.839580549688336397e-01
1.399999999999992140e+00,3.126704254126717042e-01,1.133376039702241496e-02,7.832617335841112194e-01
1.419999999999991713e+00,3.188284844231296100e-01,1.058362660673069049e-02,7.824308598463022291e-01
1.439999999999991287e+00,3.246917536485462996e-01,1.011525424783687836e-02,7.815293797639679685e-01
1.459999999999990861e+00,3.302098729332276772e-01,9.915223857936295709e-03,7.807158931152036185e-01
1.479999999999990434e+00,3.353669943837682133e-01,9.927282412949229445e-03,7.802034413821420378e-01
1.499999999999990008e+00,3.402450509334259965e-01,1.011276011526631054e-02,7.803122858245438165e-01
1.519999999999989582e+00,3.449472057184828078e-01,1.046106192676275748e-02,7.812515799875631162e-01
1.539999999999989155e+00,3.495546151821709024e-01,1.098918895346357241e-02,7.831028325009146140e-01
1.559999999999988729e+00,3.541222848011703062e-01,1.173167035804697188e-02,7.858343843770696502e-01
1.579999999999988303e+00,3.586745671709141159e-01,1.271202058141516177e-02,7.893133769215266993e-01
1.599999999999987876e+00,3.632187106146616551e-01,1.392624802063070766e-02,7.933222548219400760e-01
1.619999999999987450e+00,3.677430546305623937e-01,1.533217715216803577e-02,7.975492173490843495e-01
1.639999999999987024e+00,3.721801384654092049e-01,1.684877507976400429e-02,8.015218017845550103e-01
1.659999999999986597e+00,3.763900145987613133e-01,1.830891280733156282e-02,8.048476742919900007e-01
1.679999999999986171e+00,3.801718497971183219e-01,1.953946384376988726e-02,8.074864067657774314e-01
1.699999999999985745e+00,3.834873186269723844e-01,2.039150279332197294e-02,8.092827853788950865e-01
1.719999999999985318e+00,3.865255471240384710e-01,2.061777535270397158e-02,8.101208971621557398e-01
1.739999999999984892e+00,3.895871651931972490e-01,2.017932976286071489e-02,8.104809964439375625e-01
1.759999999999984466e+00,3.927899021850487782e-01,1.928123488077142927e-02,8.111855687360819411e-01
1.779999999999984039e+00,3.962714607428000080e-01,1.835363210617457427e-02,8.125221565981947114e-01
1.799999999999983613e+00,4.001074236437007214e-01,1.773680308918212933e-02,8.140208475432623159e-01
1.819999999999983187e+00,4.041996164079470488e-01,1.732421139000678290e-02,8.153091441544697560e-01
1.839999999999982760e+00,4.086278176081127866e-01,1.678068392297953418e-02,8.162266520930386848e-01
1.859999999999982334e+00,4.135188940460963192e-01,1.593851173210475772e-02,8.165534811182416641e-01
1.879999999999981908e+00,4.188440866966223197e-01,1.481036660480690090e-02,8.159827639664030130e-01
1.899999999999981481e+00,4.245109425884993626e-01,1.341400636073918767e-02,8.141280963116348524e-01
1.919999999999981055e+00,4.301612520621914126e-01,1.190183294125472455e-02,8.110642132891497935e-01
1.939999999999980629e+00,4.338458765913200121e-01,1.062510427002920366e-02,8.108797627496482363e-01
1.959999999999980203e+00,4.372103400801590212e-01,8.490223819846039882e-03,8.108608104251346926e-01
1.979999999999979776e+00,4.404546474001408418e-01,6.052491852016186891e-03,8.101365094118290200e-01
1.999999999999979350e+00,4.433871118792600541e-01,3.859811127160780054e-03,8.086264830155469596e-01
2.019999999999979146e+00,4.460201514399135814e-01,2.132250731571359078e-03,8.062749119557969246e-01
2.039999999999978719e+00,4.484487353255028896e-01,9.537686354423749544e-04,8.030252248091378497e-01
2.059999999999978293e+00,4.507166025806786380e-01,2.751388560475430400e-04,7.988920360872833193e-01
2.079999999999977867e+00,4.527672273437008954e-01,-7.593683309039339750e-06,7.939108441713873532e-01
2.099999999999977440e+00,4.543956938926698719e-01,2.670327720547752549e-04,7.893819745941406119e-01
2.119999999999977014e+00,4.558697171297973472e-01,1.110170909861675102e-03,7.881518454972443744e-01
2.139999999999976588e+00,4.577210041967582632e-01,1.891925241068226392e-03,7.881102700274130735e-01
2.159999999999976161e+00,4.599948259766810099e-01,2.658741219775798744e-03,7.885456904188742344e-01
2.179999999999975735e+00,4.626248430172912873e-01,3.561061463323601621e-03,7.889888226003007876e-01
2.199999999999975309e+00,4.654176793196890261e-01,4.771759040740983920e-03,7.891448370470073304e-01
2.219999999999974882e+00,4.682416388216674719e-01,6.436589768025069262e-03,7.889352050273150674e-01
2.239999999999974456e+00,4.710382455821603975e-01,8.592853501102372393e-03,7.884154319165056490e-01
2.259999999999974030e+00,4.737658633386100937e-01,1.116191842583811288e-02,7.876534574218390095e-01
2.279999999999973603e+00,4.763977836089101081e-01,1.407552823180404852e-02,7.866779668192102060e-01
2.299999999999973177e+00,4.789460334029047028e-01,1.730692985589655022e-02,7.854770819229566214e-01
2.319999999999972751e+00,4.814211794722857984e-01,2.071500466522362485e-02,7.845339784121877491e-01
2.339999999999972324e+00,4.839806866243261951e-01,2.430366027660551057e-02,7.842840553699530481e-01
2.359999999999971898e+00,4.867326925646133784e-01,2.824253441035320944e-02,7.843058038638810459e-01
2.379999999999971472e+00,4.896926896312928101e-01,3.246191249382543442e-02,7.845176983473091115e-01
2.399999999999971045e+00,4.928883960728132618e-01,3.685965742004870122e-02,7.849014193335088763e-01
2.419999999999970619e+00,4.963646655192439083e-01,4.137243344680861801e-02,7.854288400190434505e-01
2.439999999999970193e+00,5.001608135842332548e-01,4.596966696460897533e-02,7.860084110266292168e-01
2.459999999999969766e+00,5.042718915234585264e-01,5.055305560396580744e-02,7.866773210662916238e-01
2.479999999999969340e+00,5.086558704729950975e-01,5.510791789047093936e-02,7.873183764083226954e-01
2.499999999999968914e+00,5.132644473063223689e-01,5.967098547084575405e-02,7.876636820883744505e-01
2.519999999999968487e+00,5.180326390236020817e-01,6.419419726909479651e-02,7.876602864053882103e-01
2.539999999999968061e+00,5.229305196737826789e-01,6.860351569940717487e-02,7.873265688166716236e-01
2.559999999999967635e+00,5.279633333401491102e-01,7.281754425149267185e-02,7.868098374459859823e-01
2.579999999999967208e+00,5.331169766411866240e-01,7.671316866610390639e-02,7.862111043662044496e-01
2.599999999999966782e+00,5.384438148329059315e-01,8.021608706642750775e-02,7.855647075781430066e-01
2.619999999999966356e+00,5.440541000935325000e-01,8.329680897874842949e-02,7.848979945659353419e-01
2.639999999999965929e+00,5.500235812830418514e-01,8.593590958091129606e-02,7.842163795426048134e-01
2.659999999999965503e+00,5.565613114635804548e-01,8.820226924130007695e-02,7.836923095451114873e-01
2.679999999999965077e+00,5.633838022627374320e-01,8.996955111650095649e-02,7.830882610327362103e-01
2.699999999999964650e+00,5.704428965725865108e-01,9.123128480724163047e-02,7.823920577348056904e-01
2.719999999999964224e+00,5.777582442907838178e-01,9.201391526012671351e-02,7.816010843967298172e-01
2.739999999999963798e+00,5.853562871526390987e-01,9.234685331378399142e-02,7.807145514221888183e-01
2.759999999999963372e+00,5.932559286053593617e-01,9.224653711958706592e-02,7.797316189211729309e-01
2.779999999999962945e+00,6.014629497058747720e-01,9.172222696473326942e-02,7.786416507589244418e-01
2.799999999999962519e+00,6.099500298487000594e-01,9.078575297294827484e-02,7.774184828190437990e-01
2.819999999999962093e+00,6.186559985922188698e-01,8.944749330072890303e-02,7.760226070295532796e-01
2.839999999999961666e+00,6.274971087540173187e-01,8.771931034409773120e-02,7.744267556519854878e-01
2.859999999999961240e+00,6.364191127875704623e-01,8.560679419045255645e-02,7.727404324611294451e-01
2.879999999999960814e+00,6.454536061421325410e-01,8.310604165139433286e-02,7.712133709485249344e-01
2.899999999999960387e+00,6.546663839823043674e-01,8.028774091523203926e-02,7.700353094196616954e-01
2.919999999999959961e+00,6.638973749167644822e-01,7.764570030998033112e-02,7.705147627145594313e-01
2.939999999999959535e+00,6.729920515888564436e-01,7.517392457956972862e-02,7.729445382273455456e-01
2.959999999999959108e+00,6.819039626302162427e-01,7.273242658333572974e-02,7.762332714403862299e-01
2.979999999999958682e+00,6.901271688731295262e-01,7.047050277011568387e-02,7.795625140204296422e-01
2.999999999999958256e+00,6.971919944798340429e-01,6.832358620460100840e-02,7.822723297163093337e-01
3.019999999999957829e+00,7.033652472723619375e-01,6.631955262105930504e-02,7.841748357686546544e-01
3.039999999999957403e+00,7.090636048507250599e-01,6.464546578172597480e-02,7.852650842386907915e-01
3.059999999999956977e+00,7.146866032926600942e-01,6.338745401414080938e-02,7.857160913162257732e-01
3.079999999999956550e+00,7.206041454283943493e-01,6.240614309162192952e-02,7.857504959900261099e-01
3.099999999999956124e+00,7.269571353105653833e-01,6.151844139336781758e-02,7.856732544465335755e-01
3.119999999999955698e+00,7.336062035766907075e-01,6.062671099133007391e-02,7.856699311982331402e-01
3.139999999999955271e+00,7.404298478361474034e-01,5.974735984907975084e-02,7.857555674538112545e-01
3.159999999999954845e+00,7.474641263099512933e-01,5.900820867300853034e-02,7.857517479958945339e-01
3.179999999999954419e+00,7.548216348088772065e-01,5.858179257967963127e-02,7.854651738981786036e-01
3.199999999999953992e+00,7.625302599627968858e-01,5.850736869049900923e-02,7.848377527162093692e-01
3.219999999999953566e+00,7.705398407139500971e-01,5.874975593756017606e-02,7.838611133737437564e-01
3.239999999999953140e+00,7.788199893918698047e-01,5.929754887992054468e-02,7.825234959652418443e-01
3.259999999999952713e+00,7.873233872555013280e-01,6.008874583897109295e-02,7.809241866229768014e-01
3.279999999999952287e+00,7.957819022274097431e-01,6.070673172835348158e-02,7.802849898524854000e-01
3.299999999999951861e+00,8.043997043595628726e-01,6.169024095702465432e-02,7.798019561891662566e-01
3.319999999999951434e+00,8.129224631277990332e-01,6.295261931251780463e-02,7.796863645007633403e-01
3.339999999999951008e+00,8.211311881628121645e-01,6.445473306698283611e-02,7.798368083179267884e-01
3.359999999999950582e+00,8.291007824687229855e-01,6.618927748006936396e-02,7.799402699210130629e-01
3.379999999999950155e+00,8.367897827848858050e-01,6.785378726743895861e-02,7.803210806092235607e-01
3.399999999999949729e+00,8.441396187458193312e-01,6.918947864981540852e-02,7.812614715332568682e-01
3.419999999999949303e+00,8.512261446837181555e-01,7.011385639183959073e-02,7.826179950232871052e-01
3.439999999999948876e+00,8.581354674499556134e-01,7.069172959547972979e-02,7.838896433671528330e-01
3.459999999999948450e+00,8.647068378868006944e-01,7.102759919764108087e-02,7.847853301500052892e-01
3.479999999999948024e+00,8.711313150959205664e-01,7.115030399382382686e-02,7.852016870659805914e-01
3.499999999999947597e+00,8.777586255368483581e-01,7.102780513546946839e-02,7.851535883059250764e-01
3.519999999999947171e+00,8.848275416274213878e-01,7.066415326746328107e-02,7.847431322482468774e-01
3.539999999999946745e+00,8.923711195805057450e-01,7.012202658235804076e-02,7.840142114963903897e-01
3.559999999999946318e+00,9.001983955111745317e-01,6.949338739997680536e-02,7.829295027413661900e-01
3.579999999999945892e+00,9.084268465598234199e-01,6.879643487330665275e-02,7.817117248582275968e-01
3.599999999999945466e+00,9.173198775147797246e-01,6.791972283008494704e-02,7.807120126697678630e-01
3.619999999999945040e+00,9.262433878731500814e-01,6.690530981071594885e-02,7.799710159710401269e-01
3.639999999999944613e+00,9.347722734402931222e-01,6.580879109180005904e-02,7.800740724787841307e-01
3.659999999999944187e+00,9.429957062901137554e-01,6.430195584914699669e-02,7.803063833369632274e-01
3.679999999999943761e+00,9.509523143375977483e-01,6.253855506294293820e-02,7.806417699287035994e-01
3.699999999999943334e+00,9.586469050898586142e-01,6.071854702978547041e-02,7.811549001121869118e-01
3.719999999999942908e+00,9.660589991736050486e-01,5.894967263417458941e-02,7.818635764446715264e-01
3.739999999999942482e+00,9.731106763697300321e-01,5.732767934568134410e-02,7.827591630475932982e-01
3.759999999999942055e+00,9.796834514834393826e-01,5.595418564013808493e-02,7.838359843618591949e-01
3.779999999999941629e+00,9.856021636196032887e-01,5.492348756794873665e-02,7.848184007390490713e-01
3.799999999999941203e+00,9.906329587514988155e-01,5.441901788462287504e-02,7.856464048938518463e-01
3.819999999999940776e+00,9.947689796145077201e-01,5.440453862423305642e-02,7.861896587582297702e-01
3.839999999999940350e+00,9.983573985986581301e-01,5.485182666849476585e-02,7.862776809383745791e-01
3.859999999999939924e+00,1.001978348098081506e+00,5.573262797003403213e-02,7.858546196716926779e-01
3.879999999999939497e+00,1.006094545236065452e+00,5.679608990003429114e-02,7.851240101711608466e-01
3.899999999999939071e+00,1.010711904814452389e+00,5.787182782919269436e-02,7.843872869323288421e-01
3.919999999999938645e+00,1.015608979308678883e+00,5.886769476301505905e-02,7.838136351577320582e-01
3.939999999999938218e+00,1.020699530375458020e+00,5.999837685810573834e-02,7.830532210614540300e-01
3.959999999999937792e+00,1.026035314485137295e+00,6.122016756296098927e-02,7.831629756831998135e-01
3.979999999999937366e+00,1.031024783613819551e+00,6.265103664441971920e-02,7.829142904333437070e-01
3.999999999999936939e+00,1.035619100218761801e+00,6.424689846236626700e-02,7.820136018038994496e-01
4.019999999999936513e+00,1.039990426139692614e+00,6.615051107683794784e-02,7.806268807421015143e-01
4.039999999999936087e+00,1.043976800909728331e+00,6.806486610500281365e-02,7.797671888515592675e-01
4.059999999999935660e+00,1.047267729463598140e+00,6.973814184940355099e-02,7.812408020996333136e-01
4.079999999999935234e+00,1.050500062928421796e+00,7.171232465353902241e-02,7.837542507143852033e-01
4.099999999999934808e+00,1.053928017882231005e+00,7.401375878940845421e-02,7.862449752200055819e-01
4.119999999999934381e+00,1.057415179558883089e+00,7.638598200837423691e-02,7.881490319790421806e-01
4.139999999999933955e+00,1.060700260795002903e+00,7.868251652337955593e-02,7.893375135110171081e-01
4.159999999999933529e+00,1.063798901499782623e+00,8.080727103506819831e-02,7.898633247844178973e-01
4.179999999999933102e+00,1.066866836223053783e+00,8.264428365703806179e-02,7.898909477097355580e-01
4.199999999999932676e+00,1.070083222102508280e+00,8.416946518847773229e-02,7.896191494622536444e-01
4.219999999999932250e+00,1.073581816898871999e+00,8.544916913801148262e-02,7.891765702690455297e-01
4.239999999999931823e+00,1.077896301305450111e+00,8.660518238416815839e-02,7.887859449613224827e-01
4.259999999999931397e+00,1.082508182368435046e+00,8.775123661609678105e-02,7.887084688621761597e-01
4.279999999999930971e+00,1.086720360289778142e+00,8.867426045395142287e-02,7.886653516797527130e-01
4.299999999999930544e+00,1.090594076338110341e+00,8.920324308698066029e-02,7.884991352118057018e-01
4.319999999999930118e+00,1.094254413150800964e+00,8.927755380491013415e-02,7.881405967383696698e-01
4.339999999999929692e+00,1.097846917637969932e+00,8.889083765389825531e-02,7.875934247166826996e-01
4.359999999999929265e+00,1.101508873972383284e+00,8.805985385947107114e-02,7.869439346400630697e-01
4.379999999999928839e+00,1.105264925361503003e+00,8.680439237160127164e-02,7.861814990913553736e-01
4.399999999999928413e+00,1.109114982350761780e+00,8.515332182125019689e-02,7.853199110966443408e-01
4.419999999999927986e+00,1.113022720087135653e+00,8.313282398613790203e-02,7.843589454279802364e-01
4.439999999999927560e+00,1.116969507900187342e+00,8.077206654060689606e-02,7.833149316425732644e-01
4.459999999999927134e+00,1.120831552357235417e+00,7.806154019280933665e-02,7.821174769771175317e-01
4.479999999999926708e+00,1.124658410302899370e+00,7.513908686120518432e-02,7.810570133272132232e-01
4.499999999999926281e+00,1.128396306847699426e+00,7.212434923739928505e-02,7.808668771592611746e-01
4.519999999999925855e+00,1.132057764293287860e+00,6.883076516525160615e-02,7.815601863630607937e-01
4.539999999999925429e+00,1.135531531772070224e+00,6.538897543958205327e-02,7.832552006585951077e-01
4.559999999999925002e+00,1.138679486066998869e+00,6.202155390871313262e-02,7.858515518643727216e-01
4.579999999999924576e+00,1.141359781496745107e+00,5.894872523141715670e-02,7.889696368544805161e-01
4.599999999999924150e+00,1.143426288940874613e+00,5.634881823194075323e-02,7.918091864696377158e-01
4.619999999999923723e+00,1.144742881050587524e+00,5.423907914523690144e-02,7.938398754093584087e-01
4.639999999999923297e+00,1.145336666000249748e+00,5.272449534618165595e-02,7.947026374824727180e-01
4.659999999999922871e+00,1.145634726389749503e+00,5.192471122161550906e-02,7.943488047347918579e-01
4.679999999999922444e+00,1.146843355451066859e+00,5.169889552028842511e-02,7.928193412210589042e-01
4.699999999999922018e+00,1.147797012589458321e+00,5.185409452353990228e-02,7.900060866043969732e-01
4.719999999999921592e+00,1.147904196241566366e+00,5.199630264673461150e-02,7.866988045800819007e-01
4.739999999999921165e+00,1.148080993589118304e+00,5.229234351778468820e-02,7.835702469013661187e-01
4.759999999999920739e+00,1.148414958705450184e+00,5.316835391500477487e-02,7.801992503050980687e-01
4.779999999999920313e+00,1.148981125839141137e+00,5.428079840236187115e-02,7.781779753471166350e-01
4.799999999999919886e+00,1.150173898928429139e+00,5.567103444066328483e-02,7.783008059690178504e-01
4.819999999999919460e+00,1.151753867909882212e+00,5.742496815672539640e-02,7.801038685123800054e-01
4.839999999999919034e+00,1.153532232982136918e+00,5.942928691023672411e-02,7.835034639203420914e-01
4.859999999999918607e+00,1.155792376268369281e+00,6.156956916095367160e-02,7.877888944067020782e-01
4.879999999999918181e+00,1.158068100876189499e+00,6.329149984632666259e-02,7.934487594990816683e-01
4.899999999999917755e+00,1.160136063323359945e+00,6.489291386060466738e-02,8.004162890338076819e-01
4.919999999999917328e+00,1.162901051777552874e+00,6.672838912298535707e-02,8.078253625199942611e-01
4.939999999999916902e+00,1.166120539007716728e+00,6.859682371116786193e-02,8.156217129684792955e-01
4.959999999999916476e+00,1.169540712088131151e+00,7.029051241880017453e-02,8.237550696506703574e-01
4.979999999999916049e+00,1.172958785161645645e+00,7.169757602251562723e-02,8.318441506506514260e-01
4.999999999999915623e+00,1.176060867636725460e+00,7.285259189825989135e-02,8.391032967945669663e-01
5.019999999999915197e+00,1.178594809819945244e+00,7.402951721943173968e-02,8.451080888962503312e-01
5.039999999999914770e+00,1.181074930408020363e+00,7.516522148370718970e-02,8.500574644692786563e-01
5.059999999999914344e+00,1.184040746144572331e+00,7.618726541458570312e-02,8.543487675091605560e-01
5.079999999999913918e+00,1.187450169406033762e+00,7.693133861823785169e-02,8.584938536625450478e-01
5.099999999999913491e+00,1.191032625840624748e+00,7.709667452655788455e-02,8.628525562981841368e-01
5.119999999999913065e+00,1.195176629950375435e+00,7.643255967165826781e-02,8.669938474655833893e-01
5.139999999999912639e+00,1.199183538293003171e+00,7.519377167570026610e-02,8.707181685507427993e-01
5.159999999999912212e+00,1.202745635964647342e+00,7.337992176057324401e-02,8.744683356798823581e-01
5.179999999999911786e+00,1.206229000722053080e+00,7.107158590325425573e-02,8.787894755036376182e-01
5.199999999999911360e+00,1.209916491963520579e+00,6.858046080653998344e-02,8.839013818531643585e-01
5.219999999999910933e+00,1.213954352065648168e+00,6.621160575547158089e-02,8.896179006196563988e-01
5.239999999999910507e+00,1.218447645163506454e+00,6.409646621860759508e-02,8.955110156025376522e-01
5.259999999999910081e+00,1.223442120766260244e+00,6.229293656514933025e-02,9.010233874556723421e-01
5.279999999999909654e+00,1.228879908580110980e+00,6.061866833888851502e-02,9.055857760865015926e-01
5.299999999999909228e+00,1.235138619619333245e+00,5.880305412419765954e-02,9.104411707731704384e-01
5.319999999999908802e+00,1.242147292049606611e+00,5.652882815253698623e-02,9.151639732899046198e-01
5.339999999999908376e+00,1.249436463017646659e+00,5.424239710989588875e-02,9.206452062637255906e-01
5.359999999999907949e+00,1.256839030557570069e+00,5.169397427671866552e-02,9.259042786104878520e-01
5.379999999999907523e+00,1.264195971114249195e+00,4.873704962233466054e-02,9.300702244710663535e-01
5.399999999999907097e+00,1.271359361649662123e+00,4.559714018035623817e-02,9.328272223716774780e-01
5.419999999999906670e+00,1.278185881251944656e+00,4.253264819326201679e-02,9.341777837681899399e-01
5.439999999999906244e+00,1.284597741587342634e+00,3.974890384405595223e-02,9.343942833453514618e-01
5.459999999999905818e+00,1.290581370250719173e+00,3.736298409580134094e-02,9.338525816565936832e-01
5.479999999999905391e+00,1.296160011579075677e+00,3.543135274611360075e-02,9.328550508567206023e-01
5.499999999999904965e+00,1.301355862959012955e+00,3.379259823893936143e-02,9.321513399063015015e-01
5.519999999999904539e+00,1.306203136698074641e+00,3.253980450683601616e-02,9.315170511396850817e-01
5.539999999999904112e+00,1.310774608806745123e+00,3.167615638726348215e-02,9.308568730407217329e-01
5.559999999999903686e+00,1.315127050723310154e+00,3.112772401413868226e-02,9.303138109533526379e-01
5.579999999999903260e+00,1.319328215341700083e+00,3.085329404538495260e-02,9.301552524891772977e-01
5.599999999999902833e+00,1.323427296028765854e+00,3.083175366561379666e-02,9.305948388215744549e-01
5.619999999999902407e+00,1.327444280056992332e+00,3.103393406265504348e-02,9.317902911543867184e-01
5.639999999999901981e+00,1.331377899253067820e+00,3.145677004268054855e-02,9.337824111557654350e-01
5.659999999999901554e+00,1.335215516471464081e+00,3.210137332131637183e-02,9.364635704317223475e-01
5.679999999999901128e+00,1.338927620841225297e+00,3.295079238185941867e-02,9.395555585722371594e-01
5.699999999999900702e+00,1.342488977295609009e+00,3.397304230953176324e-02,9.425329089858979215e-01
5.719999999999900275e+00,1.345813809498554781e+00,3.502982316601094270e-02,9.447914196012286991e-01
5.739999999999899849e+00,1.348672023729176050e+00,3.601888474943330809e-02,9.461695669456074986e-01
5.759999999999899423e+00,1.351114120903254001e+00,3.685361287740039626e-02,9.466128088908325466e-01
5.779999999999898996e+00,1.353347279044168516e+00,3.727547245944461130e-02,9.461373288626926392e-01
5.799999999999898570e+00,1.355641147380987732e+00,3.712654976627668968e-02,9.451410697462038213e-01
5.819999999999898144e+00,1.358136638672813534e+00,3.664253219475303164e-02,9.440728360929039331e-01
5.839999999999897717e+00,1.361372590793651804e+00,3.629990695345593210e-02,9.437334729630507679e-01
5.859999999999897291e+00,1.364460801917072974e+00,3.612934907974330728e-02,9.439115264531392491e-01
5.879999999999896865e+00,1.367237217590146603e+00,3.568779000709224047e-02,9.438232619806425916e-01
5.899999999999896438e+00,1.369720253477143768e+00,3.505624705831088261e-02,9.429669664610543789e-01
5.919999999999896012e+00,1.372042123775496281e+00,3.451211672154303606e-02,9.416015173292275886e-01
5.939999999999895586e+00,1.374136914268350385e+00,3.412126309950519465e-02,9.422479517448274500e-01
5.959999999999895159e+00,1.376538678363991686e+00,3.292541267632613511e-02,9.430839041727984151e-01
5.979999999999894733e+00,1.379011286044648843e+00,3.114604758513194599e-02,9.438972103339009490e-01
5.999999999999894307e+00,1.381340516328905865e+00,2.917662571529398147e-02,9.447702344397431728e-01
6.019999999999893880e+00,1.383470989084494951e+00,2.719744358781131174e-02,9.455624474307670058e-01
6.039999999999893454e+00,1.385323323008752938e+00,2.531332568187639326e-02,9.459272468207432505e-01
6.059999999999893028e+00,1.386716392379054641e+00,2.359111409793140587e-02,9.454435420101822141e-01
6.079999999999892601e+00,1.387629342625394058e+00,2.215153893856970646e-02,9.438885059510978559e-01
6.099999999999892175e+00,1.388408320582775968e+00,2.139366511954853001e-02,9.423749271680209594e-01
6.119999999999891749e+00,1.389544456273480444e+00,2.120792675002181049e-02,9.417667318950615485e-01
6.139999999999891322e+00,1.391048434361003450e+00,2.125333047142944840e-02,9.413053729543058301e-01
6.159999999999890896e+00,1.392755233492978473e+00,2.148386502411038165e-02,9.408303974475641374e-01
6.179999999999890470e+00,1.394909417767117077e+00,2.183565393940962301e-02,9.403931484779263217e-01
6.199999999999890044e+00,1.397634626727122686e+00,2.205605512509758309e-02,9.403597758591194511e-01
6.219999999999889617e+00,1.400026776906812875e+00,2.231635845995113762e-02,9.401994809484131022e-01
6.239999999999889191e+00,1.402032509921759429e+00,2.285957637222645056e-02,9.397163207315171185e-01
6.259999999999888765e+00,1.403670385419127919e+00,2.376956082522840158e-02,9.388637055974178303e-01
6.279999999999888338e+00,1.405080134323781538e+00,2.505192588760995348e-02,9.376798330465776488e-01
6.299999999999887912e+00,1.406280365873425309e+00,2.673254683204934895e-02,9.361168889340791832e-01
6.319999999999887486e+00,1.407362432270063302e+00,2.874313760270283055e-02,9.343692591643113499e-01
6.339999999999887059e+00,1.408629805600395413e+00,3.073036275831297903e-02,9.335964825624580854e-01
6.359999999999886633e+00,1.410054985722831722e+00,3.326412030207433895e-02,9.327426081849905515e-01
6.379999999999886207e+00,1.411613369231961235e+00,3.609377899118283717e-02,9.323446264294347197e-01
6.399999999999885780e+00,1.413194997494823690e+00,3.910237585915534581e-02,9.324283804662911734e-01
6.419999999999885354e+00,1.414825872228771653e+00,4.234587937144175529e-02,9.324026878945143038e-01
6.439999999999884928e+00,1.416545089538777891e+00,4.564723379377227247e-02,9.322898257713555514e-01
6.459999999999884501e+00,1.418297404094583269e+00,4.889853445876497784e-02,9.321395192993461309e-01
6.479999999999884075e+00,1.420008651771063501e+00,5.207615057230028516e-02,9.320361288998724181e-01
6.499999999999883649e+00,1.421619264327623755e+00,5.517315372683146563e-02,9.320714162917985712e-01
6.519999999999883222e+00,1.423111102424432284e+00,5.817538247109290545e-02,9.322838122541691197e-01
6.539999999999882796e+00,1.424481611521404067e+00,6.104055506957184463e-02,9.326614461139820511e-01
6.559999999999882370e+00,1.425772544900576255e+00,6.369596403033418730e-02,9.331261321087407357e-01
6.579999999999881943e+00,1.427054641703084492e+00,6.603607795116460399e-02,9.336077833373004342e-01
6.599999999999881517e+00,1.428285564244560879e+00,6.794919856528676416e-02,9.340234152793219780e-01
6.619999999999881091e+00,1.429839736958459895e+00,6.941095686527183617e-02,9.342489650602582296e-01
6.639999999999880664e+00,1.431516821346826562e+00,7.035190863406036443e-02,9.343538081335051038e-01
6.659999999999880238e+00,1.433207476804614355e+00,7.073335633674311673e-02,9.343660025502028565e-01
6.679999999999879812e+00,1.434921658524969335e+00,7.055513975846949837e-02,9.342966565593749939e-01
6.699999999999879385e+00,1.436709124973909013e+00,6.982684118085163982e-02,9.341481581099806419e-01
6.719999999999878959e+00,1.438624536286195577e+00,6.855467560448599840e-02,9.339240604178220551e-01
6.739999999999878533e+00,1.440653973752747063e+00,6.671859953297015755e-02,9.336513544623895600e-01
6.759999999999878106e+00,1.442799545752339263e+00,6.426798975489328436e-02,9.333358374500582144e-01
6.779999999999877680e+00,1.445125445676330278e+00,6.115627119405076667e-02,9.329288055087501252e-01
6.799999999999877254e+00,1.447637717656919509e+00,5.737764283710852786e-02,9.324489176425176939e-01
6.819999999999876827e+00,1.450583668086643518e+00,5.306829549009809549e-02,9.317848682079918898e-01
6.839999999999876401e+00,1.454052477897571638e+00,4.833501323082559087e-02,9.310638142552728480e-01
6.859999999999875975e+00,1.457986637686228937e+00,4.331425294218237132e-02,9.305006985689179277e-01
6.879999999999875548e+00,1.462649844052288595e+00,3.814866162663853311e-02,9.300166230141246881e-01
6.899999999999875122e+00,1.467280669352321709e+00,3.268328187108882760e-02,9.304058924989514479e-01
6.919999999999874696e+00,1.471828584358320091e+00,2.668238169186247510e-02,9.319898629106538879e-01
6.939999999999874269e+00,1.476358554325020833e+00,2.006202097011126895e-02,9.353553295952626856e-01
6.959999999999873843e+00,1.480728975989532570e+00,1.366620759481945897e-02,9.411550760188522879e-01
6.979999999999873417e+00,1.484883243423929411e+00,7.431557317227928915e-03,9.488479662642030910e-01
6.999999999999872990e+00,1.489446519290226867e+00,9.846727916507803241e-04,9.570469542386269568e-01
7.019999999999872564e+00,1.495291018627074697e+00,-6.095992816082016798e-03,9.643079599771743338e-01
7.039999999999872138e+00,1.502236678564143446e+00,-1.370724776314742946e-02,9.698669522956548938e-01
7.059999999999871712e+00,1.506875946619596007e+00,-2.030479810937319343e-02,9.767922934463592055e-01
7.079999999999871285e+00,1.510778017941660556e+00,-2.614288702849843979e-02,9.840916111902585639e-01
7.099999999999870859e+00,1.514743359094188557e+00,-3.153636982003010097e-02,9.910127711265935835e-01
7.119999999999870433e+00,1.518885692572484292e+00,-3.623897711132006288e-02,9.969498651284076640e-01
7.139999999999870006e+00,1.523052502023104493e+00,-4.022722619897457774e-02,1.001993552107041330e+00
7.159999999999869580e+00,1.527237585643010931e+00,-4.357666176596506485e-02,1.006732020587940424e+00
7.179999999999869154e+00,1.531446158487302478e+00,-4.649441576142030602e-02,1.011610497067899850e+00
7.199999999999868727e+00,1.535604539606723273e+00,-4.922767807785564942e-02,1.016694301901373665e+00
7.219999999999868301e+00,1.539685258407345270e+00,-5.176774768582856345e-02,1.021895505968693385e+00
7.239999999999867875e+00,1.543723718368404940e+00,-5.396409287659095083e-02,1.027205864252011436e+00
7.259999999999867448e+00,1.547811444477725118e+00,-5.570524927501604995e-02,1.032705510154248163e+00
7.279999999999867022e+00,1.552079080640237585e+00,-5.702561204465289579e-02,1.038555939095135550e+00
7.299999999999866596e+00,1.556655265031507307e+00,-5.797451587768065462e-02,1.044910762685360206e+00
7.319999999999866169e+00,1.561652371883774260e+00,-5.855610117341979171e-02,1.051635875413011956e+00
7.339999999999865743e+00,1.567105460161574149e+00,-5.880748492090605989e-02,1.058364071162943842e+00
7.359999999999865317e+00,1.573072822614405064e+00,-5.873417018849740046e-02,1.064553427177732603e+00
7.379999999999864890e+00,1.579654304689643185e+00,-5.816139242865839970e-02,1.069686572394844548e+00
7.399999999999864464e+00,1.586829407415083493e+00,-5.693178194826376687e-02,1.073419052039170651e+00
7.419999999999864038e+00,1.594429432393627444e+00,-5.506540990290404586e-02,1.075537660144445962e+00
7.439999999999863611e+00,1.602232049442682937e+00,-5.313198987490386910e-02,1.076614403798547448e+00
7.459999999999863185e+00,1.610189667598570962e+00,-5.158819091340944435e-02,1.078852934839449551e+00
7.479999999999862759e+00,1.618461786719934903e+00,-4.926534375307986546e-02,1.080344776262061490e+00
7.499999999999862332e+00,1.626658120058791290e+00,-4.680886134939184900e-02,1.081620681073375279e+00
7.519999999999861906e+00,1.634579604269049247e+00,-4.456125657754144570e-02,1.082762146855866359e+00
7.539999999999861480e+00,1.642328562297481032e+00,-4.253106965051666605e-02,1.083311011613251162e+00
7.559999999999861053e+00,1.649950427246055229e+00,-4.090677874262205888e-02,1.083438196869984882e+00
7.579999999999860627e+00,1.657431715623218782e+00,-3.978889288119360351e-02,1.083215874652608379e+00
7.599999999999860201e+00,1.664771081777664863e+00,-3.917825603254830591e-02,1.082716482154460591e+00
7.619999999999859774e+00,1.671965771446202176e+00,-3.901427647340398319e-02,1.082045552597096894e+00
7.639999999999859348e+00,1.678957330072244458e+00,-3.923870446564533404e-02,1.081316276209449478e+00
7.659999999999858922e+00,1.685635390964955294e+00,-3.979729040194269346e-02,1.080690011039298515e+00
7.679999999999858495e+00,1.691918638976966260e+00,-4.060528648934907947e-02,1.080440288715855512e+00
7.699999999999858069e+00,1.697794703299537300e+00,-4.156587148769988471e-02,1.080787931716252093e+00
7.719999999999857643e+00,1.703326896507458832e+00,-4.260180865343415890e-02,1.081961402568993424e+00
7.739999999999857216e+00,1.708580871609338026e+00,-4.365270163221489363e-02,1.084050444846100580e+00
7.759999999999856790e+00,1.713618107575349825e+00,-4.467429601271770412e-02,1.087008373846274356e+00
7.779999999999856364e+00,1.718514725568365709e+00,-4.565357793393600566e-02,1.090694364077691825e+00
7.799999999999855937e+00,1.723350039675318301e+00,-4.661965331983079774e-02,1.094940496484317682e+00
7.819999999999855511e+00,1.728201481799548134e+00,-4.751773141702900216e-02,1.099517682918755623e+00
7.839999999999855085e+00,1.733120132847743244e+00,-4.830391848960145784e-02,1.104220328085093739e+00
7.859999999999854658e+00,1.738124832505021589e+00,-4.894953407818148500e-02,1.108885671223507119e+00
7.879999999999854232e+00,1.743174274404156954e+00,-4.941377195955860141e-02,1.113413854784243151e+00
7.899999999999853806e+00,1.748122072699697105e+00,-4.968307969273908636e-02,1.117788591969762990e+00
7.919999999999853380e+00,1.752667382484219605e+00,-4.966684071793853877e-02,1.121842255615145723e+00
7.939999999999852953e+00,1.756545547999060375e+00,-4.918220142362449143e-02,1.125325315832981676e+00
7.959999999999852527e+00,1.759812845091828226e+00,-4.806886712901797115e-02,1.128051120355147541e+00
7.979999999999852101e+00,1.762663763154532770e+00,-4.565199109606415950e-02,1.129292379872033791e+00
7.999999999999851674e+00,1.765660301152659706e+00,-4.189266303262090263e-02,1.128866170692569115e+00
8.019999999999853912e+00,1.769278226465498927e+00,-3.776363250470011340e-02,1.127966853303213002e+00
8.039999999999857039e+00,1.773603931963515956e+00,-3.388190101344636801e-02,1.127932545676405551e+00
8.059999999999860165e+00,1.778618443905614521e+00,-3.001529077867034351e-02,1.129512912722968832e+00
8.079999999999863292e+00,1.784202214489762683e+00,-2.640507055864153158e-02,1.131958612772116846e+00
8.099999999999866418e+00,1.791250750971196348e+00,-2.297648873618795065e-02,1.133724689338544867e+00
8.119999999999869544e+00,1.799720027085564000e+00,-1.957591668349101949e-02,1.134525500222786754e+00
8.139999999999872671e+00,1.805632780234871726e+00,-1.745659107642108868e-02,1.137937820474808959e+00
8.159999999999875797e+00,1.809647017302647987e+00,-1.593595171847320829e-02,1.142002593853489234e+00
8.179999999999878924e+00,1.812551180799795381e+00,-1.454036255337313316e-02,1.145701614959600878e+00
8.199999999999882050e+00,1.815348003277351463e+00,-1.306846596498863547e-02,1.149091366277910531e+00
8.219999999999885176e+00,1.818616270163118998e+00,-1.166019128471841929e-02,1.152580311992202233e+00
8.239999999999888303e+00,1.822269358076077372e+00,-1.068591937405429133e-02,1.156593603234171486e+00
8.259999999999891429e+00,1.826273955517712544e+00,-1.031994420078853440e-02,1.161124138918371074e+00
8.279999999999894555e+00,1.831045743856336561e+00,-1.029056958073968839e-02,1.164933045846905380e+00
8.299999999999897682e+00,1.835675473986150941e+00,-1.031339386814419251e-02,1.168722389543388251e+00
8.319999999999900808e+00,1.840277752604086325e+00,-1.063816346025879198e-02,1.172613485030000069e+00
8.339999999999903935e+00,1.844964214930869373e+00,-1.133822430518550625e-02,1.176655497425830310e+00
8.359999999999907061e+00,1.849540061950234016e+00,-1.227614072610109901e-02,1.180596154918432283e+00
8.379999999999910187e+00,1.853805722144597601e+00,-1.349564795175302832e-02,1.184191630509273230e+00
8.399999999999913314e+00,1.857376654377999481e+00,-1.505651879923435021e-02,1.187205355385662520e+00
8.419999999999916440e+00,1.860324230893328545e+00,-1.693830687709508426e-02,1.189918518331289254e+00
8.439999999999919567e+00,1.862887707903768009e+00,-1.923620642129317618e-02,1.192799860952538316e+00
8.459999999999922693e+00,1.865164883546936325e+00,-2.217382930643488695e-02,1.195237635114819064e+00
8.479999999999925819e+00,1.866569292691371507e+00,-2.586741799050543480e-02,1.195465418178570882e+00
8.499999999999928946e+00,1.867472254169268542e+00,-2.946635452261085406e-02,1.193341937830291188e+00
8.519999999999932072e+00,1.867838462218725848e+00,-3.263784192480886220e-02,1.188917619478985888e+00
8.539999999999935199e+00,1.867388803572816780e+00,-3.577166846585649873e-02,1.182556538130191015e+00
8.559999999999938325e+00,1.865936902117669938e+00,-3.928075554290827442e-02,1.174692645708606209e+00
8.579999999999941451e+00,1.863442756634201558e+00,-4.369330605849232330e-02,1.165411409978340362e+00
8.599999999999944578e+00,1.862635571781829480e+00,-4.859939968215959416e-02,1.158130268062504298e+00
8.619999999999947704e+00,1.863428415979022423e+00,-5.356461664257811117e-02,1.152737857605013350e+00
8.639999999999950830e+00,1.864971354880802679e+00,-5.854479573402344289e-02,1.148258869235090573e+00
8.659999999999953957e+00,1.866949216076756013e+00,-6.318310203566905592e-02,1.144577938319738530e+00
8.679999999999957083e+00,1.869394911434655304e+00,-6.713466315149220487e-02,1.142054130018087088e+00
8.699999999999960210e+00,1.872488135631071415e+00,-7.048637393705721454e-02,1.141123198115984172e+00
8.719999999999963336e+00,1.876190085969964505e+00,-7.365780745945822716e-02,1.142112054112842001e+00
8.739999999999966462e+00,1.880509912452896115e+00,-7.685427922515178367e-02,1.145119991805294557e+00
8.759999999999969589e+00,1.885496714574312005e+00,-8.013742199814533063e-02,1.149987215416478303e+00
8.779999999999972715e+00,1.891080859411101711e+00,-8.361469608751920246e-02,1.156421301308661720e+00
8.799999999999975842e+00,1.896898480550951005e+00,-8.739615239795960056e-02,1.162766944418111237e+00
8.819999999999978968e+00,1.902288719296340247e+00,-9.167959393286520542e-02,1.167148905551727456e+00
8.839999999999982094e+00,1.907466918746616225e+00,-9.634924059223770598e-02,1.169771743315384249e+00
8.859999999999985221e+00,1.912350760477830480e+00,-1.012492881687499652e-01,1.171478060296853085e+00
8.879999999999988347e+00,1.915510988034437867e+00,-1.060331972328396044e-01,1.174232528469653758e+00
8.899999999999991473e+00,1.916336765105638884e+00,-1.107760626354158257e-01,1.178038613018703051e+00
8.919999999999994600e+00,1.915848550781738435e+00,-1.151704723725038293e-01,1.180689852630512071e+00
8.939999999999997726e+00,1.915871731497973407e+00,-1.200828228659169966e-01,1.182354369654007753e+00
8.960000000000000853e+00,1.917060731092073533e+00,-1.259895020831943435e-01,1.184561872518588466e+00
8.980000000000003979e+00,1.918894715758517444e+00,-1.328716155273864385e-01,1.187111422352214563e+00
9.000000000000007105e+00,1.921519654591669735e+00,-1.404501948934519795e-01,1.189474776540031975e+00
9.020000000000010232e+00,1.924796961892397462e+00,-1.489297921402061575e-01,1.190120377595931256e+00
9.040000000000013358e+00,1.928452875366431396e+00,-1.587337692133600209e-01,1.186720799169281415e+00
9.060000000000016485e+00,1.932914625216996640e+00,-1.685561926720385018e-01,1.181849217750809089e+00
9.080000000000019611e+00,1.937974055022766873e+00,-1.764318263889221305e-01,1.178556736108356651e+00
9.100000000000022737e+00,1.943937381008589593e+00,-1.829447887886408441e-01,1.178156600209496530e+00
9.120000000000025864e+00,1.950087817366161325e+00,-1.882753148216297079e-01,1.180133126263402055e+00
9.140000000000028990e+00,1.955519237243643627e+00,-1.918256170894526436e-01,1.185193496119987033e+00
9.160000000000032117e+00,1.960555124941425031e+00,-1.946499010622329551e-01,1.191842058923941350e+00
9.180000000000035243e+00,1.965377548734450253e+00,-1.969159468579805561e-01,1.199259448625899172e+00
9.200000000000038369e+00,1.970159982079954242e+00,-1.988225052763173961e-01,1.206641224235196042e+00
9.220000000000041496e+00,1.975038900794292784e+00,-2.005948061988989395e-01,1.213328093457679557e+00
9.240000000000044622e+00,1.980132562114695904e+00,-2.024205070175887355e-01,1.218943521675863284e+00
9.260000000000047748e+00,1.985491240987263595e+00,-2.044283904114380934e-01,1.223615442770403572e+00
9.280000000000050875e+00,1.991163017338341890e+00,-2.067011390968339080e-01,1.227321949481167129e+00
9.300000000000054001e+00,1.997526912376689223e+00,-2.095442344522397138e-01,1.230149224823010812e+00
9.320000000000057128e+00,2.004506193743511133e+00,-2.124122554923296158e-01,1.231890662419627747e+00
9.340000000000060254e+00,2.011449848146922736e+00,-2.146999472616093196e-01,1.231647271529919596e+00
9.360000000000063380e+00,2.017958107176315075e+00,-2.167275665660267359e-01,1.231286144947611350e+00
9.380000000000066507e+00,2.024266228999041850e+00,-2.183451881456164589e-01,1.232548495837619162e+00
9.400000000000069633e+00,2.030270180033252547e+00,-2.188381514881668488e-01,1.233452696405643811e+00
9.420000000000072760e+00,2.035890423644383773e+00,-2.186061886975740609e-01,1.234065640653151830e+00
9.440000000000075886e+00,2.041062220453021325e+00,-2.179774631550835950e-01,1.234515036769722407e+00
9.460000000000079012e+00,2.045805754373456242e+00,-2.171377762008896151e-01,1.234981318573035391e+00
9.480000000000082139e+00,2.050179262353364340e+00,-2.160612468527758068e-01,1.235708976119951341e+00
9.500000000000085265e+00,2.054227036656291361e+00,-2.148390897260989696e-01,1.236746784451307146e+00
9.520000000000088392e+00,2.058024585891959024e+00,-2.135236874809659513e-01,1.238158008940484223e+00
9.540000000000091518e+00,2.061627007538991752e+00,-2.121156232249901130e-01,1.239995236859643191e+00
9.560000000000094644e+00,2.065084588801788357e+00,-2.106101003114959902e-01,1.242265910488806080e+00
9.580000000000097771e+00,2.068443643490950556e+00,-2.090178432868727842e-01,1.244922141603142185e+00
9.600000000000100897e+00,2.071722277368468035e+00,-2.073722553723740258e-01,1.247855169196926850e+00
9.620000000000104023e+00,2.074911806164352335e+00,-2.057230752781009364e-01,1.250886996392624573e+00
9.640000000000107150e+00,2.077989392643904143e+00,-2.041486590564744186e-01,1.253743534593190656e+00
9.660000000000110276e+00,2.080886791203473862e+00,-2.028258886501211056e-01,1.256130562088737079e+00
9.680000000000113403e+00,2.083493639064791569e+00,-2.020357373004673107e-01,1.257988826431273077e+00
9.700000000000116529e+00,2.085965909358423520e+00,-2.018670623610450965e-01,1.258994188825719895e+00
9.720000000000119655e+00,2.087878981672591117e+00,-2.022450775220039354e-01,1.258909809813000047e+00
9.740000000000122782e+00,2.089215526270228995e+00,-2.033434799282396732e-01,1.257766854215307761e+00
9.760000000000125908e+00,2.090242413482332307e+00,-2.049729213802606309e-01,1.256215399663997534e+00
9.780000000000129035e+00,2.092201981234802943e+00,-2.069159117656872438e-01,1.254009660343345489e+00
9.800000000000132161e+00,2.093836180489204057e+00,-2.075370757490918594e-01,1.250522680714728052e+00
9.820000000000135287e+00,2.094247088792820843e+00,-2.073984305632773639e-01,1.245467523151675637e+00
9.840000000000138414e+00,2.093946967401020487e+00,-2.078149504601291275e-01,1.240335171945572634e+00
9.860000000000141540e+00,2.093912203952493112e+00,-2.097150364160831615e-01,1.237054328003944104e+00
9.880000000000144667e+00,2.094320135105579794e+00,-2.126480709447326201e-01,1.237304603249895107e+00
9.900000000000147793e+00,2.095133659158813444e+00,-2.156608052691719457e-01,1.241023637603187124e+00
9.920000000000150919e+00,2.097093297078384211e+00,-2.185163985852051349e-01,1.246635104928501381e+00
9.940000000000154046e+00,2.101073017440334034e+00,-2.217924778811590780e-01,1.252189041831794691e+00
9.960000000000157172e+00,2.105027594023208160e+00,-2.249249006081936175e-01,1.259445151822983444e+00
9.980000000000160298e+00,2.107529558382455370e+00,-2.279734843196720706e-01,1.269048120382165079e+00
1.000000000000016342e+01,2.110112516555568529e+00,-2.314900185849357028e-01,1.277911289374570325e+00
1.002000000000016655e+01,2.113061213818572703e+00,-2.347502685185189897e-01,1.285566349989246904e+00
1.004000000000016968e+01,2.116216683458350456e+00,-2.375235902167595059e-01,1.292341147636757448e+00
1.006000000000017280e+01,2.119519902878067796e+00,-2.399173430514588701e-01,1.298030891566426703e+00
1.008000000000017593e+01,2.122975029253421742e+00,-2.418803343556935326e-01,1.302572868638366632e+00
1.010000000000017906e+01,2.126484002848439747e+00,-2.431548431371673424e-01,1.306615671407613588e+00
1.012000000000018218e+01,2.129820553041730680e+00,-2.435426634947887858e-01,1.310932661744131034e+00
1.014000000000018531e+01,2.132691090741392959e+00,-2.432231449889774577e-01,1.315816899632713088e+00
1.016000000000018844e+01,2.135061719772542776e+00,-2.425268657926934468e-01,1.321193248977486023e+00
1.018000000000019156e+01,2.137071451051539839e+00,-2.416070509510305775e-01,1.326897873789813387e+00
1.020000000000019469e+01,2.138841427365716807e+00,-2.404792977515513019e-01,1.332794523588531010e+00
1.022000000000019782e+01,2.140565445592711669e+00,-2.391294912165301267e-01,1.338860901078779753e+00
1.024000000000020094e+01,2.142464002207112195e+00,-2.375555295135850786e-01,1.345186201606079157e+00
1.026000000000020407e+01,2.144690849417731471e+00,-2.357853519842915968e-01,1.351888008587665224e+00
1.028000000000020719e+01,2.147355074743152237e+00,-2.337820258358856151e-01,1.358984454946234655e+00
1.030000000000021032e+01,2.150534895017504500e+00,-2.314243226988257629e-01,1.366323742258062968e+00
1.032000000000021345e+01,2.154270148711839195e+00,-2.286150894802792821e-01,1.373659531672796419e+00
1.034000000000021657e+01,2.158526416299531014e+00,-2.253996055530083087e-01,1.380576064816257498e+00
1.036000000000021970e+01,2.163188411612093187e+00,-2.218548636184551615e-01,1.386581361389375600e+00
1.038000000000022283e+01,2.168126290356671149e+00,-2.180554932769972198e-01,1.391376469148786876e+00
1.040000000000022595e+01,2.173227829963986668e+00,-2.140335020994933168e-01,1.394856546859618573e+00
1.042000000000022908e+01,2.178434387730806332e+00,-2.097219219851854943e-01,1.396959672451763668e+00
1.044000000000023221e+01,2.183751720115368666e+00,-2.050808853823461175e-01,1.397669406526767855e+00
1.046000000000023533e+01,2.189214812139834709e+00,-2.000815210480496320e-01,1.396957048742182961e+00
1.048000000000023846e+01,2.194833378375772970e+00,-1.946016879350575268e-01,1.394654897242731728e+00
1.050000000000024158e+01,2.200546732581575959e+00,-1.884096555761142211e-01,1.390414665205917499e+00
1.052000000000024471e+01,2.206482528673784138e+00,-1.826094925518841616e-01,1.386703279715907788e+00
1.054000000000024784e+01,2.212905157820000301e+00,-1.779530413557812163e-01,1.386821909754198723e+00
1.056000000000025096e+01,2.219601940140138119e+00,-1.729922382232236266e-01,1.388066221290167546e+00
1.058000000000025409e+01,2.226445470029954077e+00,-1.674672352286480093e-01,1.389271794673199167e+00
1.060000000000025722e+01,2.233283362463625910e+00,-1.616052555896650977e-01,1.389964819688494391e+00
1.062000000000026034e+01,2.240048344369449218e+00,-1.557771368578541038e-01,1.390011129665159162e+00
1.064000000000026347e+01,2.246794366286837707e+00,-1.501504973489523609e-01,1.389369718639883011e+00
1.066000000000026660e+01,2.253598765945457938e+00,-1.447415443747942509e-01,1.388008448737945377e+00
1.068000000000026972e+01,2.260908119762987223e+00,-1.388887893413640606e-01,1.386633821488257423e+00
1.070000000000027285e+01,2.268362944058920139e+00,-1.334890830168919129e-01,1.385036321995235520e+00
1.072000000000027597e+01,2.275701329866144818e+00,-1.290746710257049401e-01,1.383093730078350125e+00
1.074000000000027910e+01,2.283094015156515777e+00,-1.253114969382964072e-01,1.381769272101641022e+00
1.076000000000028223e+01,2.290382706055860584e+00,-1.225232370121252523e-01,1.380926323813395751e+00
1.078000000000028535e+01,2.297548551818696438e+00,-1.206792810036102920e-01,1.379946561529568960e+00
1.080000000000028848e+01,2.304663353114305480e+00,-1.194553241739759880e-01,1.378957563154477928e+00
1.082000000000029161e+01,2.311782617263564710e+00,-1.186806119335306609e-01,1.378143786035387564e+00
1.084000000000029473e+01,2.318918039827528421e+00,-1.183101096384184397e-01,1.377620185866118785e+00
1.086000000000029786e+01,2.326049918003036954e+00,-1.183670099419652233e-01,1.377378325983305007e+00
1.088000000000030099e+01,2.333227853979759736e+00,-1.189048849373919026e-01,1.377452548208081939e+00
1.090000000000030411e+01,2.340436936457027439e+00,-1.200065843015838546e-01,1.377866807999722276e+00
1.092000000000030724e+01,2.347612486013860966e+00,-1.217307568438141252e-01,1.378624021643450659e+00
1.094000000000031037e+01,2.354850238306435362e+00,-1.239328174170904601e-01,1.379833803577492191e+00
1.096000000000031349e+01,2.362862916240669797e+00,-1.262661310707113849e-01,1.381805601407568362e+00
1.098000000000031662e+01,2.371478539321185686e+00,-1.285642136925244650e-01,1.384660448878223482e+00
1.100000000000031974e+01,2.379344541885797248e+00,-1.305635441426284127e-01,1.388583647757228201e+00
1.102000000000032287e+01,2.385924999991902773e+00,-1.326452703234949348e-01,1.392215798441114760e+00
1.104000000000032600e+01,2.391367428194119071e+00,-1.345630487362828864e-01,1.394518268972629871e+00
1.106000000000032912e+01,2.396053338741480854e+00,-1.357926890359773542e-01,1.395544558357308729e+00
1.108000000000033225e+01,2.400601537977890221e+00,-1.363203904965622493e-01,1.395689322624039441e+00
1.110000000000033538e+01,2.405585302466772823e+00,-1.365816776093482510e-01,1.395783478791231325e+00
1.112000000000033850e+01,2.411403962309965010e+00,-1.367994257260304325e-01,1.396675525733069190e+00
1.114000000000034163e+01,2.418091797502496920e+00,-1.367227252471305832e-01,1.398801049263138863e+00
1.116000000000034476e+01,2.425024309234681041e+00,-1.363846692312997710e-01,1.401969819937652462e+00
1.118000000000034788e+01,2.432010366009439206e+00,-1.360893306170982420e-01,1.406256488044494768e+00
1.120000000000035101e+01,2.438489152754636180e+00,-1.357975703405359669e-01,1.412428304112693711e+00
1.122000000000035413e+01,2.444962698740050122e+00,-1.347894001922375906e-01,1.418930506673853564e+00
1.124000000000035726e+01,2.451590878918061822e+00,-1.332702359887497912e-01,1.425904508810120763e+00
1.126000000000036039e+01,2.458361515623549209e+00,-1.315201580653812541e-01,1.433422853776638028e+00
1.128000000000036351e+01,2.465235604411133430e+00,-1.298039560446961893e-01,1.441151290944050922e+00
1.130000000000036664e+01,2.472085847171392903e+00,-1.284319944157778781e-01,1.448326969446366519e+00
1.132000000000036977e+01,2.478688281331105525e+00,-1.277195282430930168e-01,1.454294461052962451e+00
1.134000000000037289e+01,2.484127414099785103e+00,-1.274067289644144896e-01,1.459375364773860317e+00
1.136000000000037602e+01,2.488309365304046228e+00,-1.274071919490705196e-01,1.463865228778991945e+00
1.138000000000037915e+01,2.491954850541099109e+00,-1.276620108070690707e-01,1.467734778094672343e+00
1.140000000000038227e+01,2.495757426009083790e+00,-1.280879528170197068e-01,1.471561806020872831e+00
1.142000000000038540e+01,2.499923266596963067e+00,-1.287146814122666350e-01,1.476269146314146408e+00
1.144000000000038852e+01,2.504357134222941816e+00,-1.297908243517808258e-01,1.482123963348122908e+00
1.146000000000039165e+01,2.509005596928673310e+00,-1.312100480146114745e-01,1.488689019221366205e+00
1.148000000000039478e+01,2.514098396598100749e+00,-1.325588159316671011e-01,1.495586860338572910e+00
1.150000000000039790e+01,2.519837186364425996e+00,-1.334943230644391743e-01,1.502291649168416399e+00
1.152000000000040103e+01,2.525932797193381152e+00,-1.337890021822445430e-01,1.507955100025836881e+00
1.154000000000040416e+01,2.532244028493024768e+00,-1.338075658157983627e-01,1.511873921938889032e+00
1.156000000000040728e+01,2.539046507763814908e+00,-1.340762947082536072e-01,1.514617282471964144e+00
1.158000000000041041e+01,2.546264933016217036e+00,-1.350996038044378622e-01,1.515581581292367863e+00
1.160000000000041354e+01,2.553361106624134624e+00,-1.369765600513341564e-01,1.514238755860822350e+00
1.162000000000041666e+01,2.558999840076502164e+00,-1.375965241089468771e-01,1.515406038804113287e+00
1.164000000000041979e+01,2.564483840647601820e+00,-1.388668727614650322e-01,1.518895362233649626e+00
1.166000000000042292e+01,2.570330610472070010e+00,-1.412771951810484761e-01,1.522541060170873761e+00
1.168000000000042604e+01,2.576465571877383454e+00,-1.437645631379738942e-01,1.526058658605242035e+00
1.170000000000042917e+01,2.582688402232585112e+00,-1.458600231728063301e-01,1.529344694425383233e+00
1.172000000000043229e+01,2.588769430587158915e+00,-1.474716242914601572e-01,1.532226612654185027e+00
1.174000000000043542e+01,2.594553710542870206e+00,-1.486180524363256428e-01,1.534549465931397627e+00
1.176000000000043855e+01,2.600032793534626130e+00,-1.493509245005473773e-01,1.536237057252629823e+00
1.178000000000044167e+01,2.605337780736577180e+00,-1.497210261859371616e-01,1.537260158532847143e+00
1.180000000000044480e+01,2.610594441813771649e+00,-1.497808815080316491e-01,1.537578053753741347e+00
1.182000000000044793e+01,2.615838365345306560e+00,-1.495351563870498668e-01,1.537137401710630957e+00
1.184000000000045105e+01,2.621715721386984388e+00,-1.489532034792465931e-01,1.536372093003070427e+00
1.186000000000045418e+01,2.627532999592062879e+00,-1.479263200514105148e-01,1.535315575575784353e+00
1.188000000000045731e+01,2.632987680297715016e+00,-1.464194448618956201e-01,1.533779667657818813e+00
1.190000000000046043e+01,2.637952994487518854e+00,-1.444212417068949372e-01,1.531789507120133509e+00
1.192000000000046356e+01,2.642670741664916001e+00,-1.422209293494479942e-01,1.530925958096084338e+00
1.194000000000046668e+01,2.647051166199733796e+00,-1.397209250404333192e-01,1.531236767310520719e+00
1.196000000000046981e+01,2.651135076910389632e+00,-1.367707477472810129e-01,1.531707753069659894e+00
1.198000000000047294e+01,2.654985672850425971e+00,-1.335421306084586535e-01,1.532291368944464605e+00
1.200000000000047606e+01,2.658608007667158990e+00,-1.301672629852188845e-01,1.533138941241481978e+00
1.202000000000047919e+01,2.661997511791686755e+00,-1.266822390738491233e-01,1.534347632497229386e+00
1.204000000000048232e+01,2.665144330478781409e+00,-1.231042112822099410e-01,1.535919409166934813e+00
1.206000000000048544e+01,2.668052110556742296e+00,-1.194672465477575746e-01,1.537670827954435104e+00
1.208000000000048857e+01,2.670749342638774948e+00,-1.158376506140928186e-01,1.539161188596980478e+00
1.210000000000049170e+01,2.673191644987512383e+00,-1.124523525482028635e-01,1.539973783562751164e+00
1.212000000000049482e+01,2.675237756529626143e+00,-1.094699771367577540e-01,1.540022792800010976e+00
1.214000000000049795e+01,2.676935611185122355e+00,-1.069463557002313797e-01,1.539317576317735581e+00
1.216000000000050107e+01,2.678565195719840197e+00,-1.048567805014513632e-01,1.537860951036108981e+00
1.218000000000050420e+01,2.680883849842209177e+00,-1.030352022852854127e-01,1.535846250953997405e+00
1.220000000000050733e+01,2.683078964713391468e+00,-1.015054919075250028e-01,1.534779410396080568e+00
1.222000000000051045e+01,2.684736988091319443e+00,-1.005257865628021025e-01,1.534258332357034460e+00
1.224000000000051358e+01,2.686239272805644340e+00,-1.002688648225145002e-01,1.534062535475050337e+00
1.226000000000051671e+01,2.688577261205685520e+00,-1.006652109213514307e-01,1.533811206640002700e+00
1.228000000000051983e+01,2.692130985910848651e+00,-1.010620887244556287e-01,1.533277390179975219e+00
1.230000000000052296e+01,2.695748447866493702e+00,-1.013100550097323499e-01,1.533193393455108744e+00
1.232000000000052609e+01,2.698886010297136817e+00,-1.018415155037595138e-01,1.533834976580693787e+00
1.234000000000052921e+01,2.701890382307038152e+00,-1.030592618044603725e-01,1.535541382015769729e+00
1.236000000000053234e+01,2.705246281594654079e+00,-1.052959630815707426e-01,1.538749714444928252e+00
1.238000000000053547e+01,2.708986399926839539e+00,-1.079613066840763580e-01,1.543896242749619896e+00
1.240000000000053859e+01,2.713145983158481211e+00,-1.104507499457613451e-01,1.550543827310127076e+00
1.242000000000054172e+01,2.717801975233254286e+00,-1.125563926064487019e-01,1.558216925108435458e+00
1.244000000000054484e+01,2.723052285827125552e+00,-1.146985092147614765e-01,1.566609788123956681e+00
1.246000000000054797e+01,2.729040061262014483e+00,-1.173654501191195160e-01,1.574804036220519787e+00
1.248000000000055110e+01,2.735923078032503231e+00,-1.207290733114262105e-01,1.581606934189189406e+00
1.250000000000055422e+01,2.741298698963233971e+00,-1.238795374513021186e-01,1.589793602815123164e+00
1.252000000000055735e+01,2.745551771622797510e+00,-1.274608176310410568e-01,1.597445692224642722e+00
1.254000000000056048e+01,2.749676254486253413e+00,-1.313379935739514837e-01,1.603161684937850717e+00
1.256000000000056360e+01,2.753997114803810931e+00,-1.347590519656920449e-01,1.607874978972758884e+00
1.258000000000056673e+01,2.758047744896796161e+00,-1.373935404344888422e-01,1.611053882545459670e+00
1.260000000000056986e+01,2.761931843446558954e+00,-1.389665677522949339e-01,1.613138462336823897e+00
1.262000000000057298e+01,2.765928533053410021e+00,-1.395198662306517956e-01,1.615285682260017674e+00
1.264000000000057611e+01,2.770296733710394310e+00,-1.392754423138465869e-01,1.618288394807502639e+00
1.266000000000057923e+01,2.775044932860266655e+00,-1.384883159559570642e-01,1.622192101375550255e+00
1.268000000000058236e+01,2.779839634038470564e+00,-1.372028126770355738e-01,1.626804140276469024e+00
1.270000000000058549e+01,2.784513167175537873e+00,-1.353916135715518276e-01,1.632010732084472560e+00
1.272000000000058861e+01,2.789276509940862958e+00,-1.334310574230428981e-01,1.638032454095516011e+00
1.274000000000059174e+01,2.794324200480729825e+00,-1.314715784036012691e-01,1.644854309172176121e+00
1.276000000000059487e+01,2.799756847549096150e+00,-1.294955727229580023e-01,1.652159705568616133e+00
1.278000000000059799e+01,2.805643546108561814e+00,-1.274796569070761609e-01,1.659494165600303273e+00
1.280000000000060112e+01,2.811938666726277347e+00,-1.253444976797176424e-01,1.666313441529845951e+00
1.282000000000060425e+01,2.818422342122122615e+00,-1.230383303038947579e-01,1.672156041203542998e+00
1.284000000000060737e+01,2.824830933567191948e+00,-1.205450085707277935e-01,1.676718240869538912e+00
1.286000000000061050e+01,2.831035487816578655e+00,-1.177868513430413433e-01,1.679819064600413636e+00
1.288000000000061362e+01,2.837118466945843576e+00,-1.146909232297787101e-01,1.681461746745143149e+00
1.290000000000061675e+01,2.843288760696040196e+00,-1.112335027172587504e-01,1.681715051542740147e+00
1.292000000000061988e+01,2.849633824291654349e+00,-1.073902356121931301e-01,1.680549530355126331e+00
1.294000000000062300e+01,2.855128768845804466e+00,-1.038759989225102043e-01,1.680182870624294722e+00
1.296000000000062613e+01,2.860168718849146696e+00,-1.003282903884560734e-01,1.680447377389188368e+00
1.298000000000062926e+01,2.865220267380683694e+00,-9.667509231228672839e-02,1.682443822080941231e+00
1.300000000000063238e+01,2.870609942180585961e+00,-9.271406431980611096e-02,1.684604605471390126e+00
1.302000000000063551e+01,2.876166350543735817e+00,-8.888782821796413491e-02,1.686423712465805691e+00
1.304000000000063864e+01,2.881683422931680560e+00,-8.530693268248196182e-02,1.687733404830719319e+00
1.306000000000064176e+01,2.887227130922310536e+00,-8.197776522085366280e-02,1.688471390922514859e+00
1.308000000000064489e+01,2.892900402602244903e+00,-7.889911589557592475e-02,1.688679286488689701e+00
1.310000000000064801e+01,2.898799520175328492e+00,-7.601076949158468155e-02,1.688472757883016762e+00
1.312000000000065114e+01,2.904944674767751422e+00,-7.325842330423237847e-02,1.687973422370097731e+00
1.314000000000065427e+01,2.911460839177213877e+00,-7.046240555760574509e-02,1.687311575779069317e+00
1.316000000000065739e+01,2.918369792557522491e+00,-6.758405671868374098e-02,1.686773158412243179e+00
1.318000000000066052e+01,2.925014962288020826e+00,-6.519753560186977714e-02,1.686023079326613106e+00
1.320000000000066365e+01,2.931376828749260532e+00,-6.336245003843692103e-02,1.684952317417423906e+00
1.322000000000066677e+01,2.937492606229196390e+00,-6.203555118807710378e-02,1.683444179789471029e+00
1.324000000000066990e+01,2.943620415960612302e+00,-6.096265051906044757e-02,1.681741477423092768e+00
1.326000000000067303e+01,2.949882718440679508e+00,-5.996814802869557953e-02,1.680305535000035544e+00
1.328000000000067615e+01,2.956124769399875785e+00,-5.907633071523613055e-02,1.679608381022971386e+00
1.330000000000067928e+01,2.962220434262270885e+00,-5.870831021179560849e-02,1.679005164844928233e+00
1.332000000000068241e+01,2.968029101665463187e+00,-5.879150929107178347e-02,1.678609604655389331e+00
1.334000000000068553e+01,2.973521704670976984e+00,-5.912090075108296372e-02,1.678868769951258333e+00
1.336000000000068866e+01,2.978733136504609913e+00,-5.952950619198939253e-02,1.680133865173258023e+00
1.338000000000069178e+01,2.983704084896103836e+00,-5.990791684842206033e-02,1.682533489967617202e+00
1.340000000000069491e+01,2.988472411699808262e+00,-6.019087843069217264e-02,1.686004530920581335e+00
1.342000000000069804e+01,2.993055082513738085e+00,-6.033356146128895231e-02,1.690328197543188748e+00
1.344000000000070116e+01,2.997389818826507568e+00,-6.027035085738205455e-02,1.695109391730142301e+00
1.346000000000070429e+01,3.001305413410773948e+00,-5.987264043955836668e-02,1.699674948169472621e+00
1.348000000000070742e+01,3.004469110197403037e+00,-5.915678255332734031e-02,1.703345336532720244e+00
1.350000000000071054e+01,3.006753950361244154e+00,-5.807512716957410892e-02,1.705640969024220688e+00
1.352000000000071367e+01,3.008333259060474774e+00,-5.618290717501575604e-02,1.706051824842714781e+00
1.354000000000071680e+01,3.009827027196334992e+00,-5.345344878324011922e-02,1.704921873227730922e+00
1.356000000000071992e+01,3.012275123699928780e+00,-5.027846881062983386e-02,1.703272945754775947e+00
1.358000000000072305e+01,3.015138837237580915e+00,-4.660976236495281005e-02,1.700321250118110195e+00
1.360000000000072617e+01,3.017025600785707251e+00,-4.287032938146047301e-02,1.696450427704242925e+00
1.362000000000072930e+01,3.018545917926360733e+00,-3.901874535422360235e-02,1.692779250535503710e+00
1.364000000000073243e+01,3.020255311079036442e+00,-3.481823371961846603e-02,1.690642759962093233e+00
1.366000000000073555e+01,3.022473156946656747e+00,-3.005230239652147833e-02,1.690874066264864251e+00
1.368000000000073868e+01,3.025312017975879453e+00,-2.509127570862613316e-02,1.693544708309415281e+00
1.370000000000074181e+01,3.029546938265597955e+00,-2.003903186766566036e-02,1.697224260366874127e+00
1.372000000000074493e+01,3.034310045937992584e+00,-1.544167746480064676e-02,1.702774906998851590e+00
1.374000000000074806e+01,3.038585312135739791e+00,-1.103427585172599146e-02,1.710793220408501458e+00
1.376000000000075119e+01,3.043013024129431532e+00,-6.314265101537140136e-03,1.719204882646554022e+00
1.378000000000075431e+01,3.047154206048383607e+00,-1.807306142977584910e-03,1.726967788324192066e+00
1.380000000000075744e+01,3.050565522609670399e+00,2.408947378236556049e-03,1.733552134336243000e+00
1.382000000000076056e+01,3.053966361430895393e+00,6.286505929329862588e-03,1.739217035951774015e+00
1.384000000000076369e+01,3.057870018654094135e+00,9.957879785505399650e-03,1.744528854573083487e+00
1.386000000000076682e+01,3.062106268907979878e+00,1.335392619160751145e-02,1.749924939875393548e+00
1.388000000000076994e+01,3.066482903809278238e+00,1.621671873143704090e-02,1.755542777647511876e+00
1.390000000000077307e+01,3.070993224588885351e+00,1.843199426471554478e-02,1.761409338056443064e+00
1.392000000000077620e+01,3.075728687522928162e+00,2.007048460732976589e-02,1.767506608245084987e+00
1.394000000000077932e+01,3.080746181963213370e+00,2.144140716804553842e-02,1.773813881902437162e+00
1.396000000000078245e+01,3.086050818968704590e+00,2.291923796748856698e-02,1.780199809396944000e+00
1.398000000000078558e+01,3.091713973596413201e+00,2.460267950974278847e-02,1.786222077728622626e+00
1.400000000000078870e+01,3.097639073981051538e+00,2.646634484137175627e-02,1.791597543963043382e+00
1.402000000000079183e+01,3.103720016763432898e+00,2.835833199848278308e-02,1.796212981337808268e+00
1.404000000000079496e+01,3.109920274737398849e+00,3.005968751275623491e-02,1.799975368135070974e+00
1.406000000000079808e+01,3.116254974138571665e+00,3.140623382837151589e-02,1.803256011326958452e+00
1.408000000000080121e+01,3.123092764818370615e+00,3.242445087486810901e-02,1.807510526505196280e+00
1.410000000000080433e+01,3.130376859334113249e+00,3.323197513378115669e-02,1.812559150208433945e+00
1.412000000000080746e+01,3.137770593005744235e+00,3.402417732374470039e-02,1.818535560456139066e+00
1.414000000000081059e+01,3.145469600115318620e+00,3.445390866941815122e-02,1.824333495574912867e+00
1.416000000000081371e+01,3.153499970863181012e+00,3.450737980365145563e-02,1.829317634577958929e+00
1.418000000000081684e+01,3.161694027680038488e+00,3.407074154809705546e-02,1.833056653844647776e+00
1.420000000000081997e+01,3.169756586885133842e+00,3.332412146358622318e-02,1.835119687739907635e+00
1.422000000000082309e+01,3.177431986990523871e+00,3.246292094565871728e-02,1.835598748193943308e+00
1.424000000000082622e+01,3.184592260676847086e+00,3.164015119019158995e-02,1.834807566411840396e+00
1.426000000000082935e+01,3.191234745700913589e+00,3.095590894636231216e-02,1.833448556006469055e+00
1.428000000000083247e+01,3.197413696318631704e+00,3.014797824889408479e-02,1.833129740958151732e+00
1.430000000000083560e+01,3.203176506027812565e+00,2.964427178986598493e-02,1.833019764826372633e+00
1.432000000000083872e+01,3.208668066488201021e+00,2.944427992134504568e-02,1.833008801305538116e+00
1.434000000000084185e+01,3.213948751916895219e+00,2.945182315947932755e-02,1.833238713826718991e+00
1.436000000000084498e+01,3.219034324839901817e+00,2.960988288108186081e-02,1.833928872424647194e+00
1.438000000000084810e+01,3.223952807700306344e+00,2.993620658484228217e-02,1.835248210158027193e+00
1.440000000000085123e+01,3.228740723316394945e+00,3.046911553194636690e-02,1.837231517657916369e+00
1.442000000000085436e+01,3.233421591686186147e+00,3.122521813339384361e-02,1.839775052905958219e+00
1.444000000000085748e+01,3.237982866406444060e+00,3.216937571195039453e-02,1.842624994626796076e+00
1.446000000000086061e+01,3.242393531043319843e+00,3.321649015695261192e-02,1.845325969510523301e+00
1.448000000000086374e+01,3.246537389816331221e+00,3.417331271719393354e-02,1.847462720347205156e+00
1.450000000000086686e+01,3.250267245541919259e+00,3.490289615811813934e-02,1.848976688835692661e+00
1.452000000000086999e+01,3.253623392002389814e+00,3.533384368382438273e-02,1.849773598230576077e+00
1.454000000000087311e+01,3.256797991508885382e+00,3.532953748078736939e-02,1.849813098358510599e+00
1.456000000000087624e+01,3.260031559044114235e+00,3.485587300607988909e-02,1.849449312709364301e+00
1.458000000000087937e+01,3.264571147619923952e+00,3.423873921874086290e-02,1.848916998268450351e+00
1.460000000000088249e+01,3.269077923321945356e+00,3.404199563800294065e-02,1.849265468557031777e+00
1.462000000000088562e+01,3.273062171128720887e+00,3.385608257841329211e-02,1.850443219838421083e+00
1.464000000000088875e+01,3.276703317288905737e+00,3.321520836784647851e-02,1.851848064659271209e+00
1.466000000000089187e+01,3.280383316815287831e+00,3.229277521660371686e-02,1.853004500195362336e+00
1.468000000000089500e+01,3.284090448509450422e+00,3.119993506012152737e-02,1.853317106043969265e+00
1.470000000000089813e+01,3.287615218796383409e+00,3.013692258445808264e-02,1.853263494995085470e+00
1.472000000000090125e+01,3.291168994776274115e+00,2.902520336634949877e-02,1.854941741944421629e+00
1.474000000000090438e+01,3.294743722558490795e+00,2.727652632208594705e-02,1.856808847190501544e+00
1.476000000000090751e+01,3.298113452437545057e+00,2.525951055368944390e-02,1.858679645300814975e+00
1.478000000000091063e+01,3.301324853284646199e+00,2.337850528186801585e-02,1.860364453233723125e+00
1.480000000000091376e+01,3.304455965741303736e+00,2.186008702906365106e-02,1.861777467299483346e+00
1.482000000000091688e+01,3.307642205405623148e+00,2.084230520171613185e-02,1.862722396346457865e+00
1.484000000000092001e+01,3.311105157079355710e+00,2.061498819926199655e-02,1.863003928945262011e+00
1.486000000000092314e+01,3.314968551706630073e+00,2.121887680401573009e-02,1.862879286117846256e+00
1.488000000000092626e+01,3.319171065277324750e+00,2.236927595590488052e-02,1.862804771072565480e+00
1.490000000000092939e+01,3.324036181178825711e+00,2.388447804767376836e-02,1.862809082646607273e+00
1.492000000000093252e+01,3.328881819397554676e+00,2.626110632926711638e-02,1.861243305723501384e+00
1.494000000000093564e+01,3.332320900080200765e+00,2.893513953940212574e-02,1.858283669191062248e+00
1.496000000000093877e+01,3.334761543321750565e+00,3.152693165049710172e-02,1.855222879074178266e+00
1.498000000000094190e+01,3.336739077313637392e+00,3.425225092947842276e-02,1.853092970496042824e+00
1.500000000000094502e+01,3.338874371065580160e+00,3.723131095568835841e-02,1.852276209454507994e+00
1.502000000000094815e+01,3.341439922359884740e+00,4.049390453877639573e-02,1.853146605186561713e+00
1.504000000000095127e+01,3.344461234833961516e+00,4.380815004952902381e-02,1.855544386111017241e+00
1.506000000000095440e+01,3.348409246411344853e+00,4.711916395730519902e-02,1.858494789867660035e+00
1.508000000000095753e+01,3.353299892326566667e+00,5.049572915342028651e-02,1.861373113572281746e+00
1.510000000000096065e+01,3.356662522327902742e+00,5.340484242726766667e-02,1.866523961226488337e+00
1.512000000000096378e+01,3.359772715200697313e+00,5.661111112540839763e-02,1.872589948863542464e+00
1.514000000000096691e+01,3.363075369337391596e+00,6.005848672722353954e-02,1.878856712930004891e+00
1.516000000000097003e+01,3.366616109525899958e+00,6.336919386218609063e-02,1.885141532596370295e+00
1.518000000000097316e+01,3.370333350214800294e+00,6.629426457153646257e-02,1.891232733303132019e+00
1.520000000000097629e+01,3.374130579749641701e+00,6.871970396076836074e-02,1.896728080624864532e+00
1.522000000000097941e+01,3.377959226176771690e+00,7.063824311706289050e-02,1.901124922107774617e+00
1.524000000000098254e+01,3.381020496505913631e+00,7.254604197956401879e-02,1.904964645644435128e+00
1.526000000000098566e+01,3.383511718773536625e+00,7.440601434308204143e-02,1.908700264193580853e+00
1.528000000000098879e+01,3.385933730067141045e+00,7.611515872609889155e-02,1.912587742363611287e+00
1.530000000000099192e+01,3.388504062130016870e+00,7.770196440689762507e-02,1.917005900352330094e+00
1.532000000000099504e+01,3.391210686884980063e+00,7.902342643498565244e-02,1.922292831710580963e+00
1.534000000000099817e+01,3.393963997117248166e+00,7.990034706403580100e-02,1.928439978058676951e+00
1.536000000000100130e+01,3.396763772409305826e+00,8.033191409774173564e-02,1.935204490544204292e+00
1.538000000000100442e+01,3.399630084937410590e+00,8.052996682211298329e-02,1.942294948609695870e+00
1.540000000000100755e+01,3.402607163688848413e+00,8.074293566081847118e-02,1.949440916229812304e+00
1.542000000000101068e+01,3.405821511893440512e+00,8.112101799068821562e-02,1.956416205896458704e+00
1.544000000000101380e+01,3.409347799453078309e+00,8.167436415351041201e-02,1.963052032095413901e+00
1.546000000000101693e+01,3.413147622008142701e+00,8.224081778243447216e-02,1.969179140346929202e+00
1.548000000000102006e+01,3.417116772805026237e+00,8.262614034300261312e-02,1.974638313802242529e+00
1.550000000000102318e+01,3.421185544399807377e+00,8.268542530687604530e-02,1.979376258450354698e+00
1.552000000000102631e+01,3.425365063743967653e+00,8.230023996437986489e-02,1.983442230846125920e+00
1.554000000000102943e+01,3.429664439464735981e+00,8.141677229836633001e-02,1.986903364951474460e+00
1.556000000000103256e+01,3.434044352917750231e+00,8.007049954925837820e-02,1.989789320845388287e+00
1.558000000000103569e+01,3.438464827639504673e+00,7.833100549748894803e-02,1.992107950586086806e+00
1.560000000000103881e+01,3.442951696969154263e+00,7.625192237185357547e-02,1.993907522323956849e+00
1.562000000000104194e+01,3.447555917221284183e+00,7.387180545626020889e-02,1.995281062519146387e+00
1.564000000000104507e+01,3.452313529271241244e+00,7.121553995112263336e-02,1.996307436949433578e+00
1.566000000000104819e+01,3.457239666371406894e+00,6.827882227298939788e-02,1.996985741042715867e+00
1.568000000000105132e+01,3.462337942622456310e+00,6.504467499931053387e-02,1.997234809550292089e+00
1.570000000000105445e+01,3.467610373628454035e+00,6.151762936786266123e-02,1.996943963477630257e+00
1.572000000000105757e+01,3.473042039807360926e+00,5.770710893386285512e-02,1.995969945563141890e+00
1.574000000000106070e+01,3.478677006267980598e+00,5.363898223233272422e-02,1.994299777867420964e+00
1.576000000000106382e+01,3.484769630013826447e+00,4.977965777940415032e-02,1.993542634216107334e+00
1.578000000000106695e+01,3.491016355138415683e+00,4.601433234277334250e-02,1.993013080247879154e+00
1.580000000000107008e+01,3.497303536354517295e+00,4.222979898533604781e-02,1.992323036782558843e+00
1.582000000000107320e+01,3.503658802308815545e+00,3.847778908483361765e-02,1.991373108829172178e+00
1.584000000000107633e+01,3.510157901977983830e+00,3.487324670830421053e-02,1.990138034250505727e+00
1.586000000000107946e+01,3.516900919794346159e+00,3.153039082088667650e-02,1.988602664781202511e+00
1.588000000000108258e+01,3.523989603076183030e+00,2.854888546963230828e-02,1.986750728364698793e+00
1.590000000000108571e+01,3.531521091615726249e+00,2.600802196016159182e-02,1.984561578494013823e+00
1.592000000000108884e+01,3.539444346595153945e+00,2.426078947952044207e-02,1.983247976847381855e+00
1.594000000000109196e+01,3.547515933054614656e+00,2.281955739553270801e-02,1.982363541687574893e+00
1.596000000000109509e+01,3.555620029463330223e+00,2.158582239347350135e-02,1.981518841081812532e+00
1.598000000000109821e+01,3.563597816645156513e+00,2.066783768989216563e-02,1.980671672184218357e+00
1.600000000000110134e+01,3.571380284268136585e+00,1.998471123774319194e-02,1.980084684656618021e+00
1.602000000000109736e+01,3.578848952863872057e+00,1.960319505673418020e-02,1.979648358124213248e+00
1.604000000000109338e+01,3.585993584093260633e+00,1.942422047291270798e-02,1.979620847167503417e+00
1.606000000000108940e+01,3.592834915824016040e+00,1.937393791634012263e-02,1.980432817402632661e+00
1.608000000000108543e+01,3.599456928466516548e+00,1.944789389602560176e-02,1.982395400984614975e+00
1.610000000000108145e+01,3.605965265948448017e+00,1.965810697383859815e-02,1.985507498918743119e+00
1.612000000000107747e+01,3.612430489832517910e+00,1.995508350373207535e-02,1.989389611588819440e+00
1.614000000000107349e+01,3.618886497955234205e+00,2.026270032748812150e-02,1.993131353374517634e+00
1.616000000000106951e+01,3.625127800135003575e+00,2.050181398259601911e-02,1.996176367706342658e+00
1.618000000000106553e+01,3.631067272821906666e+00,2.072800898456760715e-02,1.998261892305708276e+00
1.620000000000106155e+01,3.637037897279220111e+00,2.093638238514908267e-02,1.998212072529047756e+00
1.622000000000105757e+01,3.642252670654332558e+00,2.104255129255323126e-02,1.996484945963020952e+00
1.624000000000105359e+01,3.647005592172929855e+00,2.061212372751756658e-02,1.993903520955194297e+00
1.626000000000104961e+01,3.651857273105635571e+00,1.937205652099295572e-02,1.991852699092582446e+00
1.628000000000104563e+01,3.657173879108039927e+00,1.709825406473527987e-02,1.991659371711427484e+00
1.630000000000104166e+01,3.662909238027407088e+00,1.419500385471944570e-02,1.993948920000930380e+00
1.632000000000103768e+01,3.669126996903421478e+00,1.144478606427953502e-02,1.998041199969772919e+00
1.634000000000103370e+01,3.676225747828524071e+00,8.737226279279993943e-03,2.002576789840771365e+00
1.636000000000102972e+01,3.683097450104936055e+00,6.520321914597182640e-03,2.009028030781823571e+00
1.638000000000102574e+01,3.689065525496773024e+00,4.395896474198727859e-03,2.017688144014902818e+00
1.640000000000102176e+01,3.695321935712253314e+00,1.832272919870866351e-03,2.025489877670098693e+00
1.642000000000101778e+01,3.701766794101601921e+00,-6.103005591993958083e-04,2.031899614581679003e+00
1.644000000000101380e+01,3.707879043945676578e+00,-2.786198957886878470e-03,2.037340404473910294e+00
1.646000000000100982e+01,3.713447564235321519e+00,-4.678538456195564278e-03,2.041675658946700889e+00
1.648000000000100584e+01,3.718783859895970156e+00,-6.193282514527422879e-03,2.044813343550008433e+00
1.650000000000100187e+01,3.724193216690977692e+00,-7.058848537030338981e-03,2.047293039136920179e+00
1.652000000000099789e+01,3.729705713110951226e+00,-7.079216728657477392e-03,2.049889858274493104e+00
1.654000000000099391e+01,3.735110766722885778e+00,-6.387804869519390048e-03,2.053030103439183129e+00
1.656000000000098993e+01,3.740281283970573689e+00,-5.199828964207802232e-03,2.056705447856278290e+00
1.658000000000098595e+01,3.745051260398862158e+00,-3.672721167340288646e-03,2.060950379415514622e+00
1.660000000000098197e+01,3.749396497872143907e+00,-1.771526515145992534e-03,2.065873864643954505e+00
1.662000000000097799e+01,3.753533873240935570e+00,4.949543467281744156e-04,2.071538993937676043e+00
1.664000000000097401e+01,3.757704663718969496e+00,2.890080099441377174e-03,2.078083802336572639e+00
1.666000000000097003e+01,3.762302220732023805e+00,5.442537578031829762e-03,2.085308100857620861e+00
1.668000000000096605e+01,3.767679585607295323e+00,8.168516214214861793e-03,2.092873564669879727e+00
1.670000000000096207e+01,3.773953520213849888e+00,1.106363437621936396e-02,2.100496082129916342e+00
1.672000000000095810e+01,3.781100606687522792e+00,1.434568621786445376e-02,2.107676623149344231e+00
1.674000000000095412e+01,3.789005635070176403e+00,1.833742765199246338e-02,2.113918896656619140e+00
1.676000000000095014e+01,3.797376003626755203e+00,2.305482236620166880e-02,2.118934783271977818e+00
1.678000000000094616e+01,3.805869922022292240e+00,2.824924379099711183e-02,2.122330033904749502e+00
1.680000000000094218e+01,3.814350296626480841e+00,3.380625699583267307e-02,2.123898610680154952e+00
1.682000000000093820e+01,3.822682310313216814e+00,3.958757706515190350e-02,2.123859725687066380e+00
1.684000000000093422e+01,3.830447862473018272e+00,4.346271031428911719e-02,2.127125353100173921e+00
1.686000000000093024e+01,3.838448111134434626e+00,4.779592725650560342e-02,2.130750214253380737e+00
1.688000000000092626e+01,3.846530089649841333e+00,5.290094249704146295e-02,2.133349975282075484e+00
1.690000000000092228e+01,3.854487891456610527e+00,5.822610392633806309e-02,2.134767463413087096e+00
1.692000000000091831e+01,3.862265710065921009e+00,6.364036260779298848e-02,2.135282610169744633e+00
1.694000000000091433e+01,3.869693211938609601e+00,6.881240377575310874e-02,2.134939188892291284e+00
1.696000000000091035e+01,3.876821229486398845e+00,7.409799137176885375e-02,2.134606424083339782e+00
1.698000000000090637e+01,3.883646767451738757e+00,7.873222043285024729e-02,2.134223719569875222e+00
1.700000000000090239e+01,3.890227717764767501e+00,8.247700042287123279e-02,2.133833555284253336e+00
1.702000000000089841e+01,3.896592320352167960e+00,8.533594105182706890e-02,2.133501543893320473e+00
1.704000000000089443e+01,3.902912273375809260e+00,8.738800382090039509e-02,2.133118898441343170e+00
1.706000000000089045e+01,3.909199046429927993e+00,8.865166262719390011e-02,2.132755129601382471e+00
1.708000000000088647e+01,3.915421467407081746e+00,8.912913645813710928e-02,2.132438661283955650e+00
1.710000000000088249e+01,3.921500499399380946e+00,8.880598955008606188e-02,2.132173015037694519e+00
1.712000000000087852e+01,3.927394072195026453e+00,8.769046053704483701e-02,2.131864361875256186e+00
1.714000000000087454e+01,3.933010120265419740e+00,8.578578276703720251e-02,2.131319282847785157e+00
1.716000000000087056e+01,3.938444941434814606e+00,8.304828523979214394e-02,2.130615015217854680e+00
1.718000000000086658e+01,3.943983495856214994e+00,7.947212454276193772e-02,2.129447185434702128e+00
1.720000000000086260e+01,3.949796560790922673e+00,7.548634288756823907e-02,2.127797675532845378e+00
1.722000000000085862e+01,3.955767525850233834e+00,7.145995193374121701e-02,2.126054548824743762e+00
1.724000000000085464e+01,3.962465204552557019e+00,6.771806790452990221e-02,2.124270559248599977e+00
1.726000000000085066e+01,3.969121500148542925e+00,6.414352422330603376e-02,2.123238311308604409e+00
1.728000000000084668e+01,3.975893280030789345e+00,5.998043813569010896e-02,2.123726761538861307e+00
1.730000000000084270e+01,3.982896737924980002e+00,5.462250357692584324e-02,2.127278031713623729e+00
1.732000000000083872e+01,3.989871554095798967e+00,4.906532234375827334e-02,2.134331273157728415e+00
1.734000000000083475e+01,3.996868700423503729e+00,4.368467409619486430e-02,2.143579234513986798e+00
1.736000000000083077e+01,4.005085424271062067e+00,3.825258447983060500e-02,2.153034060933956884e+00
1.738000000000082679e+01,4.014414245678314508e+00,3.272334541656414519e-02,2.163104753043409101e+00
1.740000000000082281e+01,4.024656908663372334e+00,2.656001088219498915e-02,2.170731108567851564e+00
1.742000000000081883e+01,4.032552899502328536e+00,2.085229876888693504e-02,2.177383106534507728e+00
1.744000000000081485e+01,4.039481715422935437e+00,1.544563245217157182e-02,2.183007938742370868e+00
1.746000000000081087e+01,4.045806162002810957e+00,1.047065181140038881e-02,2.188083917678358858e+00
1.748000000000080689e+01,4.051374735019448892e+00,6.191257729332524419e-03,2.192044936129723620e+00
1.750000000000080291e+01,4.056562796636516310e+00,2.750571436269321716e-03,2.195159584907283357e+00
1.752000000000079893e+01,4.061868713976423351e+00,1.329393354054194982e-04,2.198314991120221329e+00
1.754000000000079496e+01,4.067484495837367930e+00,-1.881767187408562962e-03,2.201947626449238804e+00
1.756000000000079098e+01,4.073252152881241983e+00,-3.601705899626919151e-03,2.206018687017702984e+00
1.758000000000078700e+01,4.078872084890424965e+00,-4.969335971158707344e-03,2.210593110581248411e+00
1.760000000000078302e+01,4.084239682763723067e+00,-5.846515928737176619e-03,2.215885069916536221e+00
1.762000000000077904e+01,4.089514652095287417e+00,-6.401777155756351381e-03,2.222111918999305935e+00
1.764000000000077506e+01,4.094957807552052742e+00,-6.904992752389179159e-03,2.229307980927238475e+00
1.766000000000077108e+01,4.100869925434976082e+00,-7.499926383282708164e-03,2.237103934371543978e+00
1.768000000000076710e+01,4.107496360881858877e+00,-8.265826856008812867e-03,2.245260192880354833e+00
1.770000000000076312e+01,4.114856119792825950e+00,-8.825263024261193606e-03,2.253420793408411171e+00
1.772000000000075914e+01,4.122368435791344154e+00,-8.584019902234795579e-03,2.259650049306542563e+00
1.774000000000075516e+01,4.129343485842216666e+00,-7.672403464039099195e-03,2.263990404320913363e+00
1.776000000000075119e+01,4.135734092528265293e+00,-6.095293417894724793e-03,2.266690013949469229e+00
1.778000000000074721e+01,4.141820432968808419e+00,-3.745126595230496933e-03,2.267453116187727602e+00
1.780000000000074323e+01,4.147595931131657920e+00,-1.738958437973668917e-03,2.268322649118903911e+00
1.782000000000073925e+01,4.153301208967903335e+00,-8.275812031819143036e-04,2.273339199277970124e+00
1.784000000000073527e+01,4.158827285413532415e+00,9.776273374373961773e-04,2.277658156253323352e+00
1.786000000000073129e+01,4.163961753863628878e+00,3.142085573071029189e-03,2.280758377154416650e+00
1.788000000000072731e+01,4.168941325266291464e+00,4.990278921892386983e-03,2.282732664238491971e+00
1.790000000000072333e+01,4.174586329985461752e+00,6.284802723358657618e-03,2.283426138841004427e+00
1.792000000000071935e+01,4.180283895537293404e+00,7.204498354864006388e-03,2.283395387385203534e+00
1.794000000000071537e+01,4.185603485594794115e+00,7.656840350631082155e-03,2.283021349610542039e+00
1.796000000000071140e+01,4.190522038712058084e+00,7.437284242654381566e-03,2.282484807896146162e+00
1.798000000000070742e+01,4.195260263832356173e+00,6.420205019672934298e-03,2.281820972127427627e+00
1.800000000000070344e+01,4.200117337637655268e+00,4.731031574783002569e-03,2.280979977283080107e+00
1.802000000000069946e+01,4.205113274679939117e+00,2.466167138497129575e-03,2.280080718646100291e+00
1.804000000000069548e+01,4.210476602732741824e+00,-2.066390354974833958e-04,2.279058896456918504e+00
1.806000000000069150e+01,4.216089579000294130e+00,-3.376988145634061706e-03,2.278252474741039979e+00
1.808000000000068752e+01,4.222374946907683224e+00,-7.000815245831583898e-03,2.277553048891541199e+00
1.810000000000068354e+01,4.228836513294266908e+00,-1.125495902531610352e-02,2.277556428912310249e+00
1.812000000000067956e+01,4.235388517801639274e+00,-1.648878958775415113e-02,2.278732567555425526e+00
1.814000000000067558e+01,4.241787893926143305e+00,-2.228051959352013098e-02,2.282034952934077765e+00
1.816000000000067160e+01,4.248044701586242589e+00,-2.804391969892669131e-02,2.287878966002203640e+00
1.818000000000066763e+01,4.254462680771895933e+00,-3.381775586460546851e-02,2.295024848442070109e+00
1.820000000000066365e+01,4.262133943430332472e+00,-3.999303290095431590e-02,2.301509647956698768e+00
1.822000000000065967e+01,4.268695376384646245e+00,-4.449010306030078826e-02,2.310988672919675579e+00
1.824000000000065569e+01,4.274382125502163454e+00,-4.843736389801585329e-02,2.321892049177454176e+00
1.826000000000065171e+01,4.280012306568655056e+00,-5.256289560561801938e-02,2.331755133917928546e+00
1.828000000000064773e+01,4.285776808238830782e+00,-5.636122813606967569e-02,2.339775980780016695e+00
1.830000000000064375e+01,4.291479282415140872e+00,-5.945488266805352279e-02,2.346041329784406493e+00
1.832000000000063977e+01,4.296948197991900642e+00,-6.179719943162872292e-02,2.351220246232687217e+00
1.834000000000063579e+01,4.302258717411191036e+00,-6.354633529541256487e-02,2.355986608757673295e+00
1.836000000000063181e+01,4.307485798969797663e+00,-6.502529360490916233e-02,2.360701586852438361e+00
1.838000000000062784e+01,4.312606005847443136e+00,-6.641435069117648804e-02,2.365413245671807996e+00
1.840000000000062386e+01,4.317659250183178976e+00,-6.759232362328529420e-02,2.370095670129986232e+00
1.842000000000061988e+01,4.322648795935493560e+00,-6.839766280887889238e-02,2.374983197687478675e+00
1.844000000000061590e+01,4.327696413999201575e+00,-6.876557163749821844e-02,2.380226416027162450e+00
1.846000000000061192e+01,4.332932545032138982e+00,-6.884077778626923605e-02,2.386035325378251137e+00
1.848000000000060794e+01,4.338534177190974006e+00,-6.876870077747793131e-02,2.392450918737034193e+00
1.850000000000060396e+01,4.344642274428848872e+00,-6.860912971126872928e-02,2.399021920399137198e+00
1.852000000000059998e+01,4.351424903878207573e+00,-6.815420688240442226e-02,2.404788561256304469e+00
1.854000000000059600e+01,4.358999378706082339e+00,-6.694747256409339098e-02,2.409024286693688843e+00
1.856000000000059202e+01,4.367245683441105086e+00,-6.473939937757078322e-02,2.411459026909454906e+00
1.858000000000058805e+01,4.375759446714313938e+00,-6.190180252141297412e-02,2.412224099717423798e+00
1.860000000000058407e+01,4.384001205974476179e+00,-6.003835094220652535e-02,2.414587642844802318e+00
1.862000000000058009e+01,4.392116671146276907e+00,-5.795341953128174683e-02,2.417742657226792158e+00
1.864000000000057611e+01,4.399859281616381956e+00,-5.605490442822442382e-02,2.422270415555765499e+00
1.866000000000057213e+01,4.407581164829042386e+00,-5.387732294966949415e-02,2.426115295416801487e+00
1.868000000000056815e+01,4.415288159175367433e+00,-5.167655643672129651e-02,2.428783416039038467e+00
1.870000000000056417e+01,4.423165828019783419e+00,-4.967071496544243209e-02,2.430399090554197006e+00
1.872000000000056019e+01,4.431388372233461936e+00,-4.781560296130312609e-02,2.431490151181861847e+00
1.874000000000055621e+01,4.439597089636183824e+00,-4.630048025878396450e-02,2.432495163820989514e+00
1.876000000000055223e+01,4.447684466037051365e+00,-4.552707666746595716e-02,2.433112362700538434e+00
1.878000000000054825e+01,4.455605734009490781e+00,-4.548932566192970262e-02,2.433248109024294781e+00
1.880000000000054428e+01,4.463327085144395134e+00,-4.601104524049262623e-02,2.432989078180829878e+00
1.882000000000054030e+01,4.470802927075755662e+00,-4.696392862678169106e-02,2.432456960534888690e+00
1.884000000000053632e+01,4.477947288077919197e+00,-4.826928985315605963e-02,2.431816038845704853e+00
1.886000000000053234e+01,4.484665932771640939e+00,-4.984476619039319295e-02,2.431295064343730772e+00
1.888000000000052836e+01,4.490964562602809629e+00,-5.154929922509431800e-02,2.431247331734986084e+00
1.890000000000052438e+01,4.496903427893105487e+00,-5.328354408637215461e-02,2.431960617810588143e+00
1.892000000000052040e+01,4.502545407758759666e+00,-5.498763546650207307e-02,2.433573260281931105e+00
1.894000000000051642e+01,4.507951595299181768e+00,-5.661638715510286524e-02,2.436098774770943276e+00
1.896000000000051244e+01,4.513178289120410192e+00,-5.814146775193728550e-02,2.439453243612524247e+00
1.898000000000050846e+01,4.518300967004283741e+00,-5.953914268253458070e-02,2.443483929990715620e+00
1.900000000000050449e+01,4.523376624767427856e+00,-6.078157366694304786e-02,2.447999612673736003e+00
1.902000000000050051e+01,4.528462790440890728e+00,-6.182586246707211936e-02,2.452796400216707529e+00
1.904000000000049653e+01,4.533595854540293679e+00,-6.261760963336233943e-02,2.457673938339719921e+00
1.906000000000049255e+01,4.538735879312470800e+00,-6.308600188365436068e-02,2.462436345135213145e+00
1.908000000000048857e+01,4.543722420951379348e+00,-6.317510226773911941e-02,2.466864902633670198e+00
1.910000000000048459e+01,4.548283076214664433e+00,-6.281345287840976732e-02,2.470656309600146816e+00
1.912000000000048061e+01,4.552108736513964082e+00,-6.191100649499672870e-02,2.473720313431598594e+00
1.914000000000047663e+01,4.555256752494851291e+00,-6.005697115118247692e-02,2.475716536297533299e+00
1.916000000000047265e+01,4.558006791315317052e+00,-5.669708822147337401e-02,2.475992780719171726e+00
1.918000000000046867e+01,4.560987176058970860e+00,-5.243293223566122124e-02,2.475114270652146065e+00
1.920000000000046469e+01,4.564581423861292286e+00,-4.813264329038187406e-02,2.474485604374484282e+00
1.922000000000046072e+01,4.568962092096908734e+00,-4.411070138997305601e-02,2.475317398372323119e+00
1.924000000000045674e+01,4.574061634091774131e+00,-4.008874970834558349e-02,2.477746866170682072e+00
1.926000000000045276e+01,4.580394028314640487e+00,-3.628515536002874242e-02,2.480467458199624886e+00
1.928000000000044878e+01,4.588469530282915265e+00,-3.231089856304802249e-02,2.482076085659234543e+00
1.930000000000044480e+01,4.597792268821248918e+00,-2.790251528132442135e-02,2.481911143601741809e+00
1.932000000000044082e+01,4.607605062059518808e+00,-2.323775653619464948e-02,2.479360991028336958e+00
1.934000000000043684e+01,4.617436706325340090e+00,-1.852709557546357300e-02,2.473352276105612813e+00
1.936000000000043286e+01,4.627147238298952914e+00,-1.385772904942041313e-02,2.462995742819480860e+00
1.938000000000042888e+01,4.636062917837174169e+00,-9.086552497800494746e-03,2.449193024977403876e+00
1.940000000000042490e+01,4.639958582878589866e+00,-7.026826013681940902e-03,2.441958352381047970e+00
1.942000000000042093e+01,4.641833676688588817e+00,-4.715432180384613800e-03,2.436320111897610996e+00
1.944000000000041695e+01,4.642949836643424533e+00,-2.231245293609568272e-03,2.430642893734629606e+00
1.946000000000041297e+01,4.643919967736896304e+00,-8.254605406544880588e-04,2.426507884059810216e+00
1.948000000000040899e+01,4.645463982687067173e+00,1.326807571578375231e-04,2.425148543657765998e+00
1.950000000000040501e+01,4.648159024272087159e+00,1.398295215663941269e-03,2.425052571429606729e+00
1.952000000000040103e+01,4.651813930755743343e+00,2.772442808382815076e-03,2.425577092161994575e+00
1.954000000000039705e+01,4.655931022588583268e+00,4.128510672681751613e-03,2.426044651700904886e+00
1.956000000000039307e+01,4.660072688451245781e+00,5.238398628791261259e-03,2.425979550072903113e+00
1.958000000000038909e+01,4.664240781505344380e+00,6.229967912524708024e-03,2.426381406793249429e+00
1.960000000000038511e+01,4.668495748070279561e+00,6.796840183447980070e-03,2.428043178116961798e+00
1.962000000000038114e+01,4.672698400747217207e+00,6.708036857071224442e-03,2.430384081626677517e+00
1.964000000000037716e+01,4.676736711863791918e+00,6.363381507537911423e-03,2.433086559500283297e+00
1.966000000000037318e+01,4.680607500388081377e+00,6.061575523551138676e-03,2.435651426374955797e+00
1.968000000000036920e+01,4.684344498107415156e+00,5.754620989184134998e-03,2.437693920000842951e+00
1.970000000000036522e+01,4.687977902094842442e+00,5.323756160712086669e-03,2.439031673666177458e+00
1.972000000000036124e+01,4.691589910326681157e+00,4.760517341311457963e-03,2.439698257818522009e+00
1.974000000000035726e+01,4.695297549286638450e+00,4.232815234755325437e-03,2.439688173816987771e+00
1.976000000000035328e+01,4.699243936274504208e+00,3.937468124710036092e-03,2.439035728406381498e+00
1.978000000000034930e+01,4.703551859912018962e+00,3.991369628784426256e-03,2.437811044770069824e+00
1.980000000000034532e+01,4.708306084407178460e+00,4.430232345930578547e-03,2.436100011371480356e+00
1.982000000000034134e+01,4.713596222596882157e+00,5.268554441571569186e-03,2.434280583619396143e+00
1.984000000000033737e+01,4.719306383533692362e+00,6.450436156933707713e-03,2.432989258666150345e+00
1.986000000000033339e+01,4.725235924649446417e+00,7.771572795632713387e-03,2.431780103679517691e+00
1.988000000000032941e+01,4.731188445278767141e+00,9.034496942114778051e-03,2.431037431976430963e+00
1.990000000000032543e+01,4.737038253595609483e+00,1.030507443687001846e-02,2.430632506292719430e+00
1.992000000000032145e+01,4.742815791670229153e+00,1.175759423099088929e-02,2.430141584892645312e+00
1.994000000000031747e+01,4.748515024086663594e+00,1.333224957948402588e-02,2.429697376082065041e+00
1.996000000000031349e+01,4.754130209485821545e+00,1.495286047178684755e-02,2.429531054778482524e+00
1.998000000000030951e+01,4.759668029520478072e+00,1.660085446001669310e-02,2.429855738435938495e+00
2.000000000000030553e+01,4.765116968290456612e+00,1.827440070656177057e-02,2.430768319732924621e+00
2.002000000000030155e+01,4.770417942480054130e+00,1.997819800670642965e-02,2.432269004565704051e+00
2.004000000000029758e+01,4.775525768659269588e+00,2.172313828002722311e-02,2.434203370537984412e+00
2.006000000000029360e+01,4.780457274992272687e+00,2.348361095421760969e-02,2.436215526908129370e+00
2.008000000000028962e+01,4.785284784466334429e+00,2.517339735217033123e-02,2.437757786701988838e+00
2.010000000000028564e+01,4.789859481499328275e+00,2.673518201630468993e-02,2.438656017698744627e+00
2.012000000000028166e+01,4.794062268203461485e+00,2.813537761305289625e-02,2.438990640198044346e+00
2.014000000000027768e+01,4.797971789120906827e+00,2.926815667488168529e-02,2.438824635016325182e+00
2.016000000000027370e+01,4.801768383616763280e+00,3.010682170602270447e-02,2.438293462718443383e+00
2.018000000000026972e+01,4.805647673155871935e+00,3.072663178466932682e-02,2.437603244637542410e+00
2.020000000000026574e+01,4.809745355250558241e+00,3.119689310712843444e-02,2.436863383653776527e+00
2.022000000000026176e+01,4.814001654728407686e+00,3.158175815748404114e-02,2.435970491588428821e+00
2.024000000000025778e+01,4.818268743181744362e+00,3.202881927236592846e-02,2.434857282853211125e+00
2.026000000000025381e+01,4.822538204290880870e+00,3.251041676813384157e-02,2.433584233578928391e+00
2.028000000000024983e+01,4.826942201591261750e+00,3.281741708464093465e-02,2.432166040169318588e+00
2.030000000000024585e+01,4.831556710836758306e+00,3.278318427841096783e-02,2.430574076739853151e+00
2.032000000000024187e+01,4.836325136104269617e+00,3.234393993911799381e-02,2.428763972327437237e+00
2.034000000000023789e+01,4.841094598833936224e+00,3.153519207813844372e-02,2.426809503249156563e+00
2.036000000000023391e+01,4.845309543633493199e+00,3.051634173417792223e-02,2.425786895415259714e+00
2.038000000000022993e+01,4.849537041843660745e+00,2.887846599162286615e-02,2.424958268519765259e+00
2.040000000000022595e+01,4.853922423097415617e+00,2.694812764448401010e-02,2.425467914953765902e+00
2.042000000000022197e+01,4.858693288465031124e+00,2.469086939581659895e-02,2.426586390016728156e+00
2.044000000000021799e+01,4.863767717483726827e+00,2.228725422590178626e-02,2.428077486113404237e+00
2.046000000000021402e+01,4.869018451049397456e+00,1.987966349672885477e-02,2.429882980630039491e+00
2.048000000000021004e+01,4.874325958480258514e+00,1.751597569332686080e-02,2.431893056122850005e+00
2.050000000000020606e+01,4.879550080489351238e+00,1.520977967048645768e-02,2.433920152831915207e+00
2.052000000000020208e+01,4.884497010483606516e+00,1.299694975471561015e-02,2.435777399112423858e+00
2.054000000000019810e+01,4.888904275868387828e+00,1.098397082191580366e-02,2.437289116077214768e+00
2.056000000000019412e+01,4.892531910872091494e+00,9.140319023032096243e-03,2.438446172809220158e+00
2.058000000000019014e+01,4.895552941862717944e+00,7.551116978867913020e-03,2.439246465901176997e+00
2.060000000000018616e+01,4.898431618346369198e+00,6.413740222746095246e-03,2.439622858491376167e+00
2.062000000000018218e+01,4.901550289778778158e+00,5.730745655270833017e-03,2.439630746551740614e+00
2.064000000000017820e+01,4.905021629794870996e+00,5.333927454842669197e-03,2.439414000177490216e+00
2.066000000000017423e+01,4.908854377074615805e+00,5.107147936394267930e-03,2.439006908982058963e+00
2.068000000000017025e+01,4.912990713251455865e+00,5.109139903640227270e-03,2.438330817371581194e+00
2.070000000000016627e+01,4.917454741195004253e+00,5.478756701806561207e-03,2.437349252696431101e+00
2.072000000000016229e+01,4.922299557771984801e+00,6.247244228112067317e-03,2.436124847586770503e+00
2.074000000000015831e+01,4.927505304241044826e+00,7.372692100431364748e-03,2.434724397079874425e+00
2.076000000000015433e+01,4.933015738123604166e+00,8.823700165247246735e-03,2.433188073784061878e+00
2.078000000000015035e+01,4.938766971734532163e+00,1.052030144704201725e-02,2.431838549374097269e+00
2.080000000000014637e+01,4.944665732606387643e+00,1.236580953622399594e-02,2.430964210131468572e+00
2.082000000000014239e+01,4.950744650977164873e+00,1.447080151822922184e-02,2.430323925539096486e+00
2.084000000000013841e+01,4.957011505455811928e+00,1.683049255667123587e-02,2.429852957310020045e+00
2.086000000000013443e+01,4.963302168596894326e+00,1.923302143608386985e-02,2.429867649476309399e+00
2.088000000000013046e+01,4.969521652715832793e+00,2.172283110854589597e-02,2.430183191077116334e+00
2.090000000000012648e+01,4.975657932912084469e+00,2.438775353792199674e-02,2.430339787963617493e+00
2.092000000000012250e+01,4.981657466171065529e+00,2.713338112610494748e-02,2.430449635452306634e+00
2.094000000000011852e+01,4.987502998301904356e+00,2.984703391326863284e-02,2.430812923494263700e+00
2.096000000000011454e+01,4.993154659110768279e+00,3.241320499516193998e-02,2.431655467100380719e+00
2.098000000000011056e+01,4.998640692109383998e+00,3.474281118775465055e-02,2.432945373908232956e+00
2.100000000000010658e+01,5.004095312956016173e+00,3.678086241719814159e-02,2.434293064114953165e+00
2.102000000000010260e+01,5.009405934889896272e+00,3.850678044831971902e-02,2.435358317097712888e+00
2.104000000000009862e+01,5.014557937796594089e+00,3.995128996184982295e-02,2.436029298134380294e+00
2.106000000000009464e+01,5.019793723036025668e+00,4.110683928585298630e-02,2.436310788501657942e+00
2.108000000000009067e+01,5.025349460469522356e+00,4.195609322332014696e-02,2.436276216445261156e+00
2.110000000000008669e+01,5.031350646206745658e+00,4.254913037374351281e-02,2.435990639955526671e+00
2.112000000000008271e+01,5.037774434622191322e+00,4.295318522412095580e-02,2.435451298088820771e+00
2.114000000000007873e+01,5.044489742354315354e+00,4.322342025827220074e-02,2.434659948822240239e+00
2.116000000000007475e+01,5.051464147761750567e+00,4.332752694201943283e-02,2.433660435713568937e+00
2.118000000000007077e+01,5.058930992993762032e+00,4.323237412794720541e-02,2.432701475023312909e+00
2.120000000000006679e+01,5.066802187868205465e+00,4.287133804444358265e-02,2.431682534253259309e+00
2.122000000000006281e+01,5.074738013075440257e+00,4.211778256965064554e-02,2.430324156567723382e+00
2.124000000000005883e+01,5.082656965186275855e+00,4.117828217741409391e-02,2.429281042382530842e+00
2.126000000000005485e+01,5.090288984091729141e+00,4.018935790785001932e-02,2.428959889300352781e+00
2.128000000000005087e+01,5.097764389159697984e+00,3.888277024016999206e-02,2.428778807345965962e+00
2.130000000000004690e+01,5.105151751318879327e+00,3.732194567845419780e-02,2.428831804573508890e+00
2.132000000000004292e+01,5.112478812692563324e+00,3.565119225362552158e-02,2.429257549081722978e+00
2.134000000000003894e+01,5.119713768422823108e+00,3.395684288209600138e-02,2.430087000446351286e+00
2.136000000000003496e+01,5.126728556763474387e+00,3.230850570554247292e-02,2.431278247343695131e+00
2.138000000000003098e+01,5.133333712176196606e+00,3.082312457138369072e-02,2.432771560867838190e+00
2.140000000000002700e+01,5.139276103167401466e+00,2.962678688020958101e-02,2.434211296872313302e+00
2.142000000000002302e+01,5.144220648836184573e+00,2.882906269839284955e-02,2.435380123159073484e+00
2.144000000000001904e+01,5.148222232593192338e+00,2.843011752720461111e-02,2.436136748234386307e+00
2.146000000000001506e+01,5.151705920559381369e+00,2.852065222135355058e-02,2.436330853149717424e+00
2.148000000000001108e+01,5.155273086350582012e+00,2.906619923532529834e-02,2.435945910031417139e+00
2.150000000000000711e+01,5.159381587944416481e+00,2.981502476554716632e-02,2.435287485210703373e+00
2.152000000000000313e+01,5.164033711261491355e+00,3.061655165023654743e-02,2.434712957495023034e+00
2.153999999999999915e+01,5.168950917873389450e+00,3.134324710648857260e-02,2.434317460060878346e+00
2.155999999999999517e+01,5.174047934358712020e+00,3.221750852144408817e-02,2.433722543189463572e+00
2.157999999999999119e+01,5.179452789123820899e+00,3.359557379876213640e-02,2.432671738043245213e+00
2.159999999999998721e+01,5.185147567517650380e+00,3.547314785028638645e-02,2.431105334907826876e+00
2.161999999999998323e+01,5.191032843223380766e+00,3.766721172300333681e-02,2.428981643498519194e+00
2.163999999999997925e+01,5.196884352026026832e+00,3.990775220423392611e-02,2.426730192449273460e+00
2.165999999999997527e+01,5.202430509677712145e+00,4.196871290036855578e-02,2.425537328159240058e+00
2.167999999999997129e+01,5.207631970256946907e+00,4.391620576773058726e-02,2.425505888418351574e+00
2.169999999999996732e+01,5.212660517200739640e+00,4.608034324635927603e-02,2.426540989556330352e+00
2.171999999999996334e+01,5.217838932518640505e+00,4.860809300962235652e-02,2.427817277378175209e+00
2.173999999999995936e+01,5.223088311701135744e+00,5.121278423288544435e-02,2.429422210811704286e+00
2.175999999999995538e+01,5.228319844400177274e+00,5.362368031822205283e-02,2.431258309071120394e+00
2.177999999999995140e+01,5.233550259235457247e+00,5.571295583034406584e-02,2.433049677111407849e+00
2.179999999999994742e+01,5.238747704633771818e+00,5.744033820369659482e-02,2.434597693534632956e+00
2.181999999999994344e+01,5.243824777503070855e+00,5.881644549672773031e-02,2.435757233325848592e+00
2.183999999999993946e+01,5.248887417253764731e+00,5.992545539289053508e-02,2.436520389328360459e+00
2.185999999999993548e+01,5.254105182326754608e+00,6.080645221017279972e-02,2.436931597606839972e+00
2.187999999999993150e+01,5.259635666131297072e+00,6.148937861389768694e-02,2.437059137426163868e+00
2.189999999999992752e+01,5.265571166205136322e+00,6.201780234774178363e-02,2.436967278202426535e+00
2.191999999999992355e+01,5.271892802737662365e+00,6.241489345719227616e-02,2.436657519603287803e+00
2.193999999999991957e+01,5.278455906644450302e+00,6.261927419347969315e-02,2.436077669476817142e+00
2.195999999999991559e+01,5.285401098152303412e+00,6.259968100179308381e-02,2.435415159684385156e+00
2.197999999999991161e+01,5.292956732535854414e+00,6.233988066220703256e-02,2.434939328792252056e+00
2.199999999999990763e+01,5.300570935978007547e+00,6.170968424971004507e-02,2.434432399906709232e+00
2.201999999999990365e+01,5.308133876615439561e+00,6.073687343657178939e-02,2.433930043536521204e+00
2.203999999999989967e+01,5.315631370258385502e+00,5.954424471564744026e-02,2.433765483695107701e+00
2.205999999999989569e+01,5.323098349465961832e+00,5.805751243138643908e-02,2.433854320217170297e+00
2.207999999999989171e+01,5.330605555175717214e+00,5.622885485919387055e-02,2.433837156522244971e+00
2.209999999999988773e+01,5.338140230487232074e+00,5.424102585535411913e-02,2.433654231455952832e+00
2.211999999999988376e+01,5.345602115976591406e+00,5.221395704230056417e-02,2.433283903205842869e+00
2.213999999999987978e+01,5.352865196335121922e+00,5.020927436529446647e-02,2.432757993275042718e+00
2.215999999999987580e+01,5.359813219802122219e+00,4.826624484133852644e-02,2.432166739608188522e+00
2.217999999999987182e+01,5.366358456696620927e+00,4.644523217280931843e-02,2.431691537990946728e+00
2.219999999999986784e+01,5.372472079677483414e+00,4.482218769503507755e-02,2.431558049035700275e+00
2.221999999999986386e+01,5.378210773363826469e+00,4.341288146151042054e-02,2.432001449099774337e+00
2.223999999999985988e+01,5.383656351874980928e+00,4.222070834961086372e-02,2.433173685756046645e+00
2.225999999999985590e+01,5.388891124801768129e+00,4.128242759931887579e-02,2.435076492145144211e+00
2.227999999999985192e+01,5.393981945591004745e+00,4.062145357469879731e-02,2.437608533992500437e+00
2.229999999999984794e+01,5.398959766096114166e+00,4.027462368976942458e-02,2.440584825062575458e+00
2.231999999999984396e+01,5.403822643127892178e+00,4.028647160254233972e-02,2.443767227182176871e+00
2.233999999999983999e+01,5.408563576645774695e+00,4.068796188561563804e-02,2.446926834504054682e+00
2.235999999999983601e+01,5.413162050219200161e+00,4.150419527059738545e-02,2.449893327961154998e+00
2.237999999999983203e+01,5.417406913986231309e+00,4.275069878984144589e-02,2.452463111476172131e+00
2.239999999999982805e+01,5.421288376550527310e+00,4.446169218808167928e-02,2.454501975170244155e+00
2.241999999999982407e+01,5.424947870120867321e+00,4.671774217780992611e-02,2.455915589308386604e+00
2.243999999999982009e+01,5.428560936119333213e+00,4.962221983997161523e-02,2.456594600155905361e+00
2.245999999999981611e+01,5.432437706179184644e+00,5.322519959236104992e-02,2.456642379723095626e+00
2.247999999999981213e+01,5.436946973012943829e+00,5.730454214980772176e-02,2.456708361027439391e+00
2.249999999999980815e+01,5.442198083731318192e+00,6.154150311704530835e-02,2.457418204700232423e+00
2.251999999999980417e+01,5.448127790631613010e+00,6.564829702481643492e-02,2.457887071569193616e+00
2.253999999999980020e+01,5.454610958824622102e+00,6.983455252475222197e-02,2.456804374755962250e+00
2.255999999999979622e+01,5.461400649374890115e+00,7.423616684637170116e-02,2.452946052960975454e+00
2.257999999999979224e+01,5.468376372091561244e+00,7.897779019690759350e-02,2.445128256781009313e+00
2.259999999999978826e+01,5.474256185497081262e+00,8.323223377599628381e-02,2.437861188320794792e+00
2.261999999999978428e+01,5.478380875242594428e+00,8.630290852441148408e-02,2.435729364379993545e+00
2.263999999999978030e+01,5.482086272739065791e+00,8.963198145694725727e-02,2.434671710113737397e+00
2.265999999999977632e+01,5.486159357212301302e+00,9.283388051087727855e-02,2.434092863206424706e+00
2.267999999999977234e+01,5.490977331374408799e+00,9.555869624713861366e-02,2.433765912707516854e+00
2.269999999999976836e+01,5.496405922316110804e+00,9.793557284825769871e-02,2.433440200466372882e+00
2.271999999999976438e+01,5.502069238760907588e+00,1.001496536935261999e-01,2.432856927777434564e+00
2.273999999999976040e+01,5.507884732449973342e+00,1.021369517417523021e-01,2.432066303710307409e+00
2.275999999999975643e+01,5.514095189760481297e+00,1.039232917058070943e-01,2.431775068858410993e+00
2.277999999999975245e+01,5.520534060114343333e+00,1.050927999604525515e-01,2.431691659566785901e+00
2.279999999999974847e+01,5.527173051919253233e+00,1.056401926415228426e-01,2.431759343599694034e+00
2.281999999999974449e+01,5.533956133676650957e+00,1.057447555917143261e-01,2.431970050698077035e+00
2.283999999999974051e+01,5.540860745224174266e+00,1.054886484278132475e-01,2.432340306988338696e+00
2.285999999999973653e+01,5.547811474381694197e+00,1.050789137676408358e-01,2.433209375209057335e+00
2.287999999999973255e+01,5.554878166053554445e+00,1.042937506493708116e-01,2.434022048380826142e+00
2.289999999999972857e+01,5.562124409526166602e+00,1.030842182810492169e-01,2.434652568699243513e+00
2.291999999999972459e+01,5.569487491091863696e+00,1.018684311174694601e-01,2.434985692500271526e+00
2.293999999999972061e+01,5.576869851361053065e+00,1.008277261585348722e-01,2.434967264985935298e+00
2.295999999999971664e+01,5.584149105232217636e+00,9.995696007892244939e-02,2.434622648294005209e+00
2.297999999999971266e+01,5.591235156372685644e+00,9.925432702669972906e-02,2.434019684004111284e+00
2.299999999999970868e+01,5.598034737059421673e+00,9.872211881441059211e-02,2.433242636422438210e+00
2.301999999999970470e+01,5.604454415739387407e+00,9.836486504050474811e-02,2.432432225763187184e+00
2.303999999999970072e+01,5.610458084364473130e+00,9.819507452614333054e-02,2.431826365279083912e+00
2.305999999999969674e+01,5.616093756412104732e+00,9.821627104419893006e-02,2.431697773158350451e+00
2.307999999999969276e+01,5.621461789011050314e+00,9.839547286843090823e-02,2.432286119945752390e+00
2.309999999999968878e+01,5.626657232866834946e+00,9.875843165853419314e-02,2.433676881196714881e+00
2.311999999999968480e+01,5.631762421497152893e+00,9.934154688470742123e-02,2.435863204912261715e+00
2.313999999999968082e+01,5.636829357696756304e+00,1.001614093059425142e-01,2.438766197648262413e+00
2.315999999999967685e+01,5.641885792015524537e+00,1.012239757969999043e-01,2.442260152703774168e+00
2.317999999999967287e+01,5.646926436422072371e+00,1.025147155927756681e-01,2.446193252062144552e+00
2.319999999999966889e+01,5.651946628837370312e+00,1.039964634267996901e-01,2.450385896759273763e+00
2.321999999999966491e+01,5.656933754238480994e+00,1.055972368210291862e-01,2.454601371090154860e+00
2.323999999999966093e+01,5.661844318722534020e+00,1.072016586059555132e-01,2.458468767735783267e+00
2.325999999999965695e+01,5.666580574030457562e+00,1.086095268725300739e-01,2.461694077400211622e+00
2.327999999999965297e+01,5.670985010674808535e+00,1.096851105630639589e-01,2.464328119391280492e+00
2.329999999999964899e+01,5.674977782013847616e+00,1.103095146902523666e-01,2.466225416736821163e+00
2.331999999999964501e+01,5.678770214779286896e+00,1.102444694510017892e-01,2.467172916952018014e+00
2.333999999999964103e+01,5.682679167105487039e+00,1.094803839704722864e-01,2.467637047894934987e+00
2.335999999999963705e+01,5.686777032854265279e+00,1.082392238935078188e-01,2.468542614590051087e+00
2.337999999999963308e+01,5.691148208691618748e+00,1.068820697345321258e-01,2.470276744514952050e+00
2.339999999999962910e+01,5.696040278545495994e+00,1.057526823375539160e-01,2.472354890976537156e+00
2.341999999999962512e+01,5.701370351777999446e+00,1.048290308768041051e-01,2.474280619547775562e+00
2.343999999999962114e+01,5.707220605354448750e+00,1.037680697403705193e-01,2.475830825966848003e+00
2.345999999999961716e+01,5.713820627008202813e+00,1.023082205081824736e-01,2.476718862207913041e+00
2.347999999999961318e+01,5.721170488722502334e+00,1.004133047844822657e-01,2.476450303069531955e+00
2.349999999999960920e+01,5.729065717512113132e+00,9.811365643469546760e-02,2.474465424385972501e+00
2.351999999999960522e+01,5.737243562394075624e+00,9.551273240890099936e-02,2.470038865695118435e+00
2.353999999999960124e+01,5.743564026743360529e+00,9.368618480960040629e-02,2.466610765864718058e+00
2.355999999999959726e+01,5.747532351545441287e+00,9.146240036383924965e-02,2.466266345581209940e+00
2.357999999999959329e+01,5.750878235928422733e+00,8.846260801926203454e-02,2.466040059190738987e+00
2.359999999999958931e+01,5.753928523379655324e+00,8.577094315189934259e-02,2.465515967935653308e+00
2.361999999999958533e+01,5.756945618469581305e+00,8.378304129235639164e-02,2.464581606350869425e+00
2.363999999999958135e+01,5.760033903221034812e+00,8.248116294056476172e-02,2.463242081424295016e+00
2.365999999999957737e+01,5.763127599753539165e+00,8.166167888759467974e-02,2.461470216979834369e+00
2.367999999999957339e+01,5.766050150283101416e+00,8.117591991772601934e-02,2.459070804507157426e+00
2.369999999999956941e+01,5.768637466971348715e+00,8.099557640008374360e-02,2.455764498029883836e+00
2.371999999999956543e+01,5.770837305452094057e+00,8.111094690863557277e-02,2.451296854186015395e+00
2.373999999999956145e+01,5.772618355535591661e+00,8.144333464428665792e-02,2.445428067729831234e+00
2.375999999999955747e+01,5.773821269178241344e+00,8.231380668491097841e-02,2.440918966765051934e+00
2.377999999999955349e+01,5.775121588890606894e+00,8.333662850237642805e-02,2.439595068676547296e+00
2.379999999999954952e+01,5.776928353259001447e+00,8.400513785724009197e-02,2.439315952587649328e+00
2.381999999999954554e+01,5.779208473556722403e+00,8.462616845525407216e-02,2.439434248249559456e+00
2.383999999999954156e+01,5.781789955900427103e+00,8.553776087259096217e-02,2.439641822838548801e+00
2.385999999999953758e+01,5.784416810758470362e+00,8.688415349619819927e-02,2.439823431214676930e+00
2.387999999999953360e+01,5.786889563546075088e+00,8.868911860223868682e-02,2.439925906181057869e+00
2.389999999999952962e+01,5.789108884656065435e+00,9.090711578336030385e-02,2.439892857408260785e+00
2.391999999999952564e+01,5.791058013018216322e+00,9.347891104105202076e-02,2.439655949267244495e+00
2.393999999999952166e+01,5.792769927694728871e+00,9.636797655429336917e-02,2.439141102504979841e+00
2.395999999999951768e+01,5.794292864404070542e+00,9.957002691455286991e-02,2.438278285989268213e+00
2.397999999999951370e+01,5.795665955093164179e+00,1.030877468955442716e-01,2.437003646134574986e+00
2.399999999999950973e+01,5.797124192930267483e+00,1.065771223581582355e-01,2.436410518057273489e+00
2.401999999999950575e+01,5.799067569634835273e+00,1.101423239426857631e-01,2.437059377992381481e+00
2.403999999999950177e+01,5.801461562955622320e+00,1.141142091217007826e-01,2.437989025099532192e+00
2.405999999999949779e+01,5.804229515186634103e+00,1.183550392827883851e-01,2.438970346901660147e+00
2.407999999999949381e+01,5.807330086012815862e+00,1.227489812393685181e-01,2.439826043751517570e+00
2.409999999999948983e+01,5.810742576888924482e+00,1.272094553546214701e-01,2.440380967575751292e+00
2.411999999999948585e+01,5.814457514656401926e+00,1.316600933524869621e-01,2.440484768768008461e+00
2.413999999999948187e+01,5.818483252139381001e+00,1.360424670932009472e-01,2.440039016805289673e+00
2.415999999999947789e+01,5.822830293852754302e+00,1.403133162128998024e-01,2.439009891817341735e+00
2.417999999999947391e+01,5.827546451650587045e+00,1.442320648115626713e-01,2.438284951352340357e+00
2.419999999999946994e+01,5.832533467743195033e+00,1.478401172898806404e-01,2.437560358107953906e+00
2.421999999999946596e+01,5.837744995710622220e+00,1.510816465250273133e-01,2.436685587842962519e+00
2.423999999999946198e+01,5.843166291745351515e+00,1.538643336871164669e-01,2.435700046460433033e+00
2.425999999999945800e+01,5.848845731848129503e+00,1.561533035902467337e-01,2.434672439535904509e+00
2.427999999999945402e+01,5.854830607233069806e+00,1.579328839222862990e-01,2.433640325341760224e+00
2.429999999999945004e+01,5.861153731603395478e+00,1.591912810014249613e-01,2.432620722369632560e+00
2.431999999999944606e+01,5.867891810395112095e+00,1.599437019596971210e-01,2.431676658464617446e+00
2.433999999999944208e+01,5.874963365387136704e+00,1.602197305769372804e-01,2.430762093213165276e+00
2.435999999999943810e+01,5.882241765523897215e+00,1.600116561076087296e-01,2.429778231533138655e+00
2.437999999999943412e+01,5.889739601524516921e+00,1.593257483834944199e-01,2.428702430746731533e+00
2.439999999999943014e+01,5.897473596155553999e+00,1.581844476732056637e-01,2.427507078474167468e+00
2.441999999999942617e+01,5.905562813751542350e+00,1.566401091631018927e-01,2.426318514408679405e+00
2.443999999999942219e+01,5.913743565627159526e+00,1.546853006099396799e-01,2.424894490944678349e+00
2.445999999999941821e+01,5.922035449369587923e+00,1.523195872240354631e-01,2.423417868337323977e+00
2.447999999999941423e+01,5.930498709803074142e+00,1.496378518381427380e-01,2.422445498553507548e+00
2.449999999999941025e+01,5.939026189638340725e+00,1.467926811650879793e-01,2.422662720433709449e+00
2.451999999999940627e+01,5.947627728337969266e+00,1.438050430899326382e-01,2.423875618083326078e+00
2.453999999999940229e+01,5.956127655728439940e+00,1.408822634317007660e-01,2.426168179249920342e+00
2.455999999999939831e+01,5.964235667972264565e+00,1.381251824213601542e-01,2.429280832652904287e+00
2.457999999999939433e+01,5.971486246304542611e+00,1.355727665017460726e-01,2.432271454704195701e+00
2.459999999999939035e+01,5.977549172889249363e+00,1.332303836644565809e-01,2.434450379007038201e+00
2.461999999999938638e+01,5.982693489429908418e+00,1.312007836084153889e-01,2.435826010922376383e+00
2.463999999999938240e+01,5.987297230704672124e+00,1.296808636387032643e-01,2.436240962868113868e+00
2.465999999999937842e+01,5.991986694345365905e+00,1.286234699251911917e-01,2.435964259854653147e+00
2.467999999999937444e+01,5.997171322945969330e+00,1.277311575553134737e-01,2.435491268583129365e+00
2.469999999999937046e+01,6.002821026520695824e+00,1.268254185995182637e-01,2.435211065005882691e+00
2.471999999999936648e+01,6.008622952267631767e+00,1.258910101812844295e-01,2.435179201959125184e+00
2.473999999999936250e+01,6.014420384426022004e+00,1.248999652748147282e-01,2.435337911660881982e+00
2.475999999999935852e+01,6.020410747773190963e+00,1.239789732825104657e-01,2.435335998154468662e+00
2.477999999999935454e+01,6.026844073845329497e+00,1.234272742768410952e-01,2.434858392438669750e+00
2.479999999999935056e+01,6.033671467414639444e+00,1.232515092206227236e-01,2.433823260938999589e+00
2.481999999999934658e+01,6.040732943985799963e+00,1.232958762317240969e-01,2.432226610418379842e+00
2.483999999999934261e+01,6.047900695558403150e+00,1.234606837332349050e-01,2.430005955501215897e+00
2.485999999999933863e+01,6.055077650242293608e+00,1.237224626034231362e-01,2.427021285276574680e+00
2.487999999999933465e+01,6.061631669568913416e+00,1.235958110160457341e-01,2.425530913250251608e+00
2.489999999999933067e+01,6.067534142347715154e+00,1.234692061733377727e-01,2.426757548617365590e+00
2.491999999999932669e+01,6.073627420068526739e+00,1.241796991125631161e-01,2.428574323272600033e+00
2.493999999999932271e+01,6.079975216818636952e+00,1.253044224087261627e-01,2.430568812265048617e+00
2.495999999999931873e+01,6.086408134288023852e+00,1.264040696428180288e-01,2.432666543511861956e+00
2.497999999999931475e+01,6.092799961797185304e+00,1.272768814986762753e-01,2.434608837843838192e+00
2.499999999999931077e+01,6.099003517032439703e+00,1.279116453399975761e-01,2.436129367285860159e+00
2.501999999999930679e+01,6.104944574405037017e+00,1.283397128710239699e-01,2.437100289181466817e+00
2.503999999999930282e+01,6.110853264607260193e+00,1.285795218668609463e-01,2.437562489308839897e+00
2.505999999999929884e+01,6.116966826776470079e+00,1.285935693930011225e-01,2.437675643192033448e+00
2.507999999999929486e+01,6.123435516960273439e+00,1.284088529500571618e-01,2.437539467918091063e+00
2.509999999999929088e+01,6.130305954024680481e+00,1.280586498055621691e-01,2.437167809061855817e+00
2.511999999999928690e+01,6.137420124256053100e+00,1.275265461227594321e-01,2.436503783665857181e+00
2.513999999999928292e+01,6.144692439536585837e+00,1.267154245193942985e-01,2.435530825631992524e+00
2.515999999999927894e+01,6.152673977156237761e+00,1.256169953225371727e-01,2.434776048586945851e+00
2.517999999999927496e+01,6.160968635564016971e+00,1.241574012374870584e-01,2.433856840567801605e+00
2.519999999999927098e+01,6.169272593480091160e+00,1.224293835877006409e-01,2.432911726163162758e+00
2.521999999999926700e+01,6.177357596575852483e+00,1.206270817660294731e-01,2.432722082285117882e+00
2.523999999999926303e+01,6.185274391284219853e+00,1.184350159165973582e-01,2.432672293800665742e+00
2.525999999999925905e+01,6.193072998852157340e+00,1.159072902775554331e-01,2.432546953428200265e+00
2.527999999999925507e+01,6.200759134473553758e+00,1.132246129686049485e-01,2.432338881905449224e+00
2.529999999999925109e+01,6.208276677900922635e+00,1.104807099024626288e-01,2.432107906413627063e+00
2.531999999999924711e+01,6.215524700060733210e+00,1.077257087531593022e-01,2.431938764829865818e+00
2.533999999999924313e+01,6.222426605657929599e+00,1.050215744732186651e-01,2.431937186383426930e+00
2.535999999999923915e+01,6.228933993887176612e+00,1.024657334850378049e-01,2.432224813512661399e+00
2.537999999999923517e+01,6.235021476588975098e+00,1.001472643944837232e-01,2.432873266104272680e+00
2.539999999999923119e+01,6.240655030186621488e+00,9.812081829121981069e-02,2.433866548597038104e+00
2.541999999999922721e+01,6.245756601978443179e+00,9.646376389047725541e-02,2.435001625249686441e+00
2.543999999999922323e+01,6.250167097550503037e+00,9.531017032148093870e-02,2.435950991481719452e+00
2.545999999999921926e+01,6.253784740664356967e+00,9.468041378617834958e-02,2.436454374134826129e+00
2.547999999999921528e+01,6.256849562264410913e+00,9.445762094228134231e-02,2.436368971005945294e+00
2.549999999999921130e+01,6.259860726623227123e+00,9.460286569915599131e-02,2.435716698385236967e+00
2.551999999999920732e+01,6.263381922452263773e+00,9.497025513036579103e-02,2.434961956951251505e+00
2.553999999999920334e+01,6.267637463243732832e+00,9.549612299091923828e-02,2.434716084474221720e+00
2.555999999999919936e+01,6.272414820430287641e+00,9.621909062461156403e-02,2.434828934592874194e+00
2.557999999999919538e+01,6.277554986361447042e+00,9.732835077285577341e-02,2.434609637244985247e+00
2.559999999999919140e+01,6.282941904016292156e+00,9.887933137598629851e-02,2.433667151552049823e+00
2.561999999999918742e+01,6.288375204447535616e+00,1.006792079701250425e-01,2.432122129544031619e+00
2.563999999999918344e+01,6.293488995111625073e+00,1.024262317199670785e-01,2.431360208092580688e+00
2.565999999999917947e+01,6.298353558841966127e+00,1.044635595918205068e-01,2.430944196480090636e+00
2.567999999999917549e+01,6.302421855802028183e+00,1.062728915044046096e-01,2.432621549965549246e+00
2.569999999999917151e+01,6.306612219729228030e+00,1.084877668145498020e-01,2.434499527647874917e+00
2.571999999999916753e+01,6.311150366717495075e+00,1.108205754389555014e-01,2.436045952444480189e+00
2.573999999999916355e+01,6.315742930877987327e+00,1.129651848580801171e-01,2.437107454084528779e+00
2.575999999999915957e+01,6.320123254577715066e+00,1.148210990509615503e-01,2.437700794579395591e+00
2.577999999999915559e+01,6.324396217098840367e+00,1.164227681928864805e-01,2.437973277962245611e+00
2.579999999999915161e+01,6.328782113172168877e+00,1.177967225145301888e-01,2.438052127874746233e+00
2.581999999999914763e+01,6.333440807981510545e+00,1.189903816772287931e-01,2.438033950601106170e+00
2.583999999999914365e+01,6.338445659264638543e+00,1.200572077322666492e-01,2.437962456548874446e+00
2.585999999999913967e+01,6.343754148074562949e+00,1.210135858635870143e-01,2.437809815581297279e+00
2.587999999999913570e+01,6.349229692519378965e+00,1.217816352017523363e-01,2.437533237937890895e+00
2.589999999999913172e+01,6.354840244466731569e+00,1.222142537676459417e-01,2.437129544419864846e+00
2.591999999999912774e+01,6.360771461489682643e+00,1.222177438784053383e-01,2.436722012704898521e+00
2.593999999999912376e+01,6.367151223918118497e+00,1.217762389626167591e-01,2.436406075552437933e+00
2.595999999999911978e+01,6.373604797260347787e+00,1.207793876231722380e-01,2.435882474125906416e+00
2.597999999999911580e+01,6.380142596363363339e+00,1.192651475188625521e-01,2.435206233990709901e+00
2.599999999999911182e+01,6.386925969257434055e+00,1.173625959337985525e-01,2.434548980050912359e+00
2.601999999999910784e+01,6.393924645899142334e+00,1.151708113966759262e-01,2.433900061289895778e+00
2.603999999999910386e+01,6.401125308322288987e+00,1.128090816631068805e-01,2.433483907302392169e+00
2.605999999999909988e+01,6.408433716756778864e+00,1.103285700444075479e-01,2.433552155019573338e+00
2.607999999999909591e+01,6.415870907453308902e+00,1.075465103349832752e-01,2.433598473202821744e+00
2.609999999999909193e+01,6.423401138432405233e+00,1.045955678684461904e-01,2.433518030041787128e+00
2.611999999999908795e+01,6.430918688516556792e+00,1.016064919486078383e-01,2.433273435010989250e+00
2.613999999999908397e+01,6.438297104511862656e+00,9.862504957624736168e-02,2.432915894298151471e+00
2.615999999999907999e+01,6.445392499697027766e+00,9.570839932579380815e-02,2.432500139987441745e+00
2.617999999999907601e+01,6.452114113077255020e+00,9.290821517025336929e-02,2.432158877563269872e+00
2.619999999999907203e+01,6.458416751899457964e+00,9.029390230624245728e-02,2.432026477787745389e+00
2.621999999999906805e+01,6.464293798258044177e+00,8.792752868650181852e-02,2.432174528476046316e+00
2.623999999999906407e+01,6.469775130921116890e+00,8.584766398425430767e-02,2.432681010126779508e+00
2.625999999999906009e+01,6.474872958043728310e+00,8.407676871247407591e-02,2.433564588188060096e+00
2.627999999999905612e+01,6.479594552952606001e+00,8.263545818615622429e-02,2.434746731454158652e+00
2.629999999999905214e+01,6.483959707885695423e+00,8.157511085525100125e-02,2.436061309835697131e+00
2.631999999999904816e+01,6.487933550928740800e+00,8.097344687617642756e-02,2.437377951268120402e+00
2.633999999999904418e+01,6.491437884183110185e+00,8.084620000240161364e-02,2.438464681429080017e+00
2.635999999999904020e+01,6.494756177827654575e+00,8.112173030947703034e-02,2.439250127620189001e+00
2.637999999999903622e+01,6.498252783160652690e+00,8.175762928297189425e-02,2.439728048524520521e+00
2.639999999999903224e+01,6.502237878240002544e+00,8.271917668019879155e-02,2.440024339689715216e+00
2.641999999999902826e+01,6.506732219579697052e+00,8.399103824576492627e-02,2.440067535936201626e+00
2.643999999999902428e+01,6.511574947047946260e+00,8.563749840118146939e-02,2.439426504219474268e+00
2.645999999999902030e+01,6.516925878131090144e+00,8.742054807501142832e-02,2.439030849176544447e+00
2.647999999999901632e+01,6.522351854082808487e+00,8.954988527933145648e-02,2.438223131460182991e+00
2.649999999999901235e+01,6.527248126795243799e+00,9.140138108912410075e-02,2.438879851605883609e+00
2.651999999999900837e+01,6.531924622664006641e+00,9.356241702439269114e-02,2.439704144704661903e+00
2.653999999999900439e+01,6.536311078017787324e+00,9.592117444105965895e-02,2.440048197432903354e+00
2.655999999999900041e+01,6.540526140264247168e+00,9.805042817120636356e-02,2.439934175878122335e+00
2.657999999999899643e+01,6.544840840285345074e+00,9.975670842019912499e-02,2.439495593212184232e+00
2.659999999999899245e+01,6.549433065240898522e+00,1.010992531141626655e-01,2.438885204103639293e+00
2.661999999999898847e+01,6.554343443081428688e+00,1.022063918800189819e-01,2.438190376341740073e+00
2.663999999999898449e+01,6.559443643875120245e+00,1.031195292245587619e-01,2.437435012361016895e+00
2.665999999999898051e+01,6.564744335078543713e+00,1.037557354839717116e-01,2.436635696147349872e+00
2.667999999999897653e+01,6.570479165228276131e+00,1.040077262131623576e-01,2.435892127580317368e+00
2.669999999999897256e+01,6.576746735004589617e+00,1.038356972846780080e-01,2.435206714941391848e+00
2.671999999999896858e+01,6.583227219673116082e+00,1.031654306202816479e-01,2.434305617656895127e+00
2.673999999999896460e+01,6.589797542287517018e+00,1.020111900695308410e-01,2.433147804521268665e+00
2.675999999999896062e+01,6.596562331865981399e+00,1.004153190212419416e-01,2.431931177668861910e+00
2.677999999999895664e+01,6.603510346803712849e+00,9.857289369149113689e-02,2.430864359578589262e+00
2.679999999999895266e+01,6.610407782481241057e+00,9.671554059592361863e-02,2.430669322073910621e+00
2.681999999999894868e+01,6.617355812228952416e+00,9.450392777430784153e-02,2.430636869183980586e+00
2.683999999999894470e+01,6.624340605004172211e+00,9.199158395493249596e-02,2.430610763008350439e+00
2.685999999999894072e+01,6.631349991654661657e+00,8.930738642594303334e-02,2.430666598423985914e+00
2.687999999999893674e+01,6.638343093043259202e+00,8.655680117751567149e-02,2.430835109172754915e+00
2.689999999999893276e+01,6.645277807600830755e+00,8.378823776252952715e-02,2.431210728998179693e+00
2.691999999999892879e+01,6.652080912720479411e+00,8.105321690101208176e-02,2.431814049553983281e+00
2.693999999999892481e+01,6.658646339383853530e+00,7.843188709453226271e-02,2.432633130745233352e+00
2.695999999999892083e+01,6.664851812787699892e+00,7.600499254382948877e-02,2.433663609282305629e+00
2.697999999999891685e+01,6.670533743346447331e+00,7.391743635784682465e-02,2.434795026485988778e+00
2.699999999999891287e+01,6.675460398792820271e+00,7.231666162405171738e-02,2.435680369186278504e+00
2.701999999999890889e+01,6.679480253775491150e+00,7.124453498298750909e-02,2.436384527147462453e+00
2.703999999999890491e+01,6.682790425093589448e+00,7.063484020073787506e-02,2.436727824221112115e+00
2.705999999999890093e+01,6.685910269124365257e+00,7.050763361999465295e-02,2.436550369573601493e+00
2.707999999999889695e+01,6.689372094659096213e+00,7.065865754191318071e-02,2.435939984070449871e+00
2.709999999999889297e+01,6.693330258727073101e+00,7.092007923433403527e-02,2.435148704845843337e+00
2.711999999999888900e+01,6.697641249179929979e+00,7.119419808280730289e-02,2.434323814310660694e+00
2.713999999999888502e+01,6.702189525946475435e+00,7.169146122967698376e-02,2.433163525492756829e+00
2.715999999999888104e+01,6.707022981429621389e+00,7.264152924665465139e-02,2.431552059532842591e+00
2.717999999999887706e+01,6.712117694077909924e+00,7.399682669548240943e-02,2.429552680233221462e+00
2.719999999999887308e+01,6.717309388288265737e+00,7.549362234771379854e-02,2.427599509260490507e+00
2.721999999999886910e+01,6.722304282257047348e+00,7.690652910511017182e-02,2.426585433482072229e+00
2.723999999999886512e+01,6.727254606950196170e+00,7.857049835828738837e-02,2.425726705561368046e+00
2.725999999999886114e+01,6.731785498615313834e+00,8.015781063095478443e-02,2.426018296869298929e+00
2.727999999999885716e+01,6.736250690133324781e+00,8.202507623791173430e-02,2.426943841346264286e+00
2.729999999999885318e+01,6.740836027083274118e+00,8.416881743664327009e-02,2.428122124738676391e+00
2.731999999999884920e+01,6.745473633576197336e+00,8.629793162209066504e-02,2.429594948332390203e+00
2.733999999999884523e+01,6.750131459434737913e+00,8.824900902798700486e-02,2.431335759192450041e+00
2.735999999999884125e+01,6.754825967402206643e+00,8.998590170786541220e-02,2.433135549607492898e+00
2.737999999999883727e+01,6.759567843334981063e+00,9.149293957774180808e-02,2.434705700585875654e+00
2.739999999999883329e+01,6.764251904055162967e+00,9.276983555613092791e-02,2.435932875083284266e+00
2.741999999999882931e+01,6.768826344880609192e+00,9.381717167547894143e-02,2.436763593742924616e+00
2.743999999999882533e+01,6.773455842823200790e+00,9.465596736758509488e-02,2.437247628520636145e+00
2.745999999999882135e+01,6.778304889159366908e+00,9.529317057359515397e-02,2.437462316123754302e+00
2.747999999999881737e+01,6.783504775821577404e+00,9.575337826816690545e-02,2.437471587006982521e+00
2.749999999999881339e+01,6.789105133168217066e+00,9.606119328812430525e-02,2.437308022961699905e+00
2.751999999999880941e+01,6.795011468687318867e+00,9.618935091232373724e-02,2.436963771495092690e+00
2.753999999999880544e+01,6.801124152030094905e+00,9.603401094407405802e-02,2.436430692759390837e+00
2.755999999999880146e+01,6.807621752196745035e+00,9.553621871030780477e-02,2.435895403316838959e+00
2.757999999999879748e+01,6.814687147259985700e+00,9.471608794297986522e-02,2.435544947441656838e+00
2.759999999999879350e+01,6.821799524557262018e+00,9.342112374778308026e-02,2.434944403714453198e+00
2.761999999999878952e+01,6.829068617950161624e+00,9.176448333824606396e-02,2.434377574377786679e+00
2.763999999999878554e+01,6.836447853889248805e+00,8.984859969371403188e-02,2.433840768542589128e+00
2.765999999999878156e+01,6.843909748139886062e+00,8.783459341886894201e-02,2.433589407317197306e+00
2.767999999999877758e+01,6.851425690435872795e+00,8.565188199625871357e-02,2.433632080315287993e+00
2.769999999999877360e+01,6.859021743371203961e+00,8.323332258826196539e-02,2.433607257256670930e+00
2.771999999999876962e+01,6.866631289534725013e+00,8.072556625707026645e-02,2.433421588936937496e+00
2.773999999999876565e+01,6.874140196654185964e+00,7.821841245828976830e-02,2.433065820312656946e+00
2.775999999999876167e+01,6.881439365937864316e+00,7.575987184404868457e-02,2.432617772437044579e+00
2.777999999999875769e+01,6.888443045985546576e+00,7.339930363664627644e-02,2.432189559389386968e+00
2.779999999999875371e+01,6.895079114503710471e+00,7.118686481689105727e-02,2.431899646420387029e+00
2.781999999999874973e+01,6.901316853734392076e+00,6.919825053714638574e-02,2.431863659647312659e+00
2.783999999999874575e+01,6.907166736286488806e+00,6.743480640744183019e-02,2.432169491266311212e+00
2.785999999999874177e+01,6.912641980485161319e+00,6.594016886918149800e-02,2.432899003132283688e+00
2.787999999999873779e+01,6.917744696694517081e+00,6.475514213315007594e-02,2.434037830382961509e+00
2.789999999999873381e+01,6.922497428693572985e+00,6.391626034580030757e-02,2.435457031389038907e+00
2.791999999999872983e+01,6.926936077425082772e+00,6.346918844067596377e-02,2.436977625423542015e+00
2.793999999999872585e+01,6.930963959123361384e+00,6.346816018361652045e-02,2.438430576135471206e+00
2.795999999999872188e+01,6.934565113237601608e+00,6.390560753333113242e-02,2.439606694299738088e+00
2.797999999999871790e+01,6.938059512859266142e+00,6.474550815163963857e-02,2.440437943172911517e+00
2.799999999999871392e+01,6.941813425024643713e+00,6.596220415182098284e-02,2.440955476959891346e+00
2.801999999999870994e+01,6.946119479491080995e+00,6.752400261220692368e-02,2.441337095095100551e+00
2.803999999999870596e+01,6.950920845508680834e+00,6.940549706573584388e-02,2.441399570922761608e+00
2.805999999999870198e+01,6.956053173535218015e+00,7.167768846415348283e-02,2.440588358040657546e+00
2.807999999999869800e+01,6.961626808596635740e+00,7.411560369057680620e-02,2.439822217397111803e+00
2.809999999999869402e+01,6.967261527640155272e+00,7.675289284680165969e-02,2.438775868168577610e+00
2.811999999999869004e+01,6.972379000534515647e+00,7.902204608030932720e-02,2.439404820663131357e+00
2.813999999999868606e+01,6.977085166003623051e+00,8.160089609971506175e-02,2.439891985364292193e+00
2.815999999999868209e+01,6.981532383013352216e+00,8.422745108890464238e-02,2.439947720317149571e+00
2.817999999999867811e+01,6.986024607678255727e+00,8.653535932942132969e-02,2.439629147709331480e+00
2.819999999999867413e+01,6.990785544689100739e+00,8.844484183099818320e-02,2.439077140128616428e+00
2.821999999999867015e+01,6.995884667620002162e+00,9.007983770835910342e-02,2.438411596718330188e+00
2.823999999999866617e+01,7.001209876219871120e+00,9.152834178301799684e-02,2.437684165368372735e+00
2.825999999999866219e+01,7.006714567445053277e+00,9.274892680151894386e-02,2.436910822474250171e+00
2.827999999999865821e+01,7.012526977529565997e+00,9.359934411008938304e-02,2.436104011708713379e+00
2.829999999999865423e+01,7.018930081377696695e+00,9.407027289182451346e-02,2.435429582223625822e+00
2.831999999999865025e+01,7.025653789797811299e+00,9.404731064045639133e-02,2.434638587549931898e+00
2.833999999999864627e+01,7.032496901987860483e+00,9.351535461148742512e-02,2.433640166322938114e+00
2.835999999999864229e+01,7.039440419753631772e+00,9.249415387878910655e-02,2.432416988298599314e+00
2.837999999999863832e+01,7.046624728613931410e+00,9.110606952118673052e-02,2.431257516225143966e+00
2.839999999999863434e+01,7.053902431652499416e+00,8.962594653098326924e-02,2.430685855249145710e+00
2.841999999999863036e+01,7.061203131153498624e+00,8.791877160030835137e-02,2.430651680252979840e+00
2.843999999999862638e+01,7.068576180505520945e+00,8.584228866685131298e-02,2.430643487671385383e+00
2.845999999999862240e+01,7.075986079440109933e+00,8.353592575633136952e-02,2.430656662917935140e+00
2.847999999999861842e+01,7.083397653638148661e+00,8.110961347063894156e-02,2.430752930561276504e+00
2.849999999999861444e+01,7.090751280565032566e+00,7.863299685011218565e-02,2.430986564304571385e+00
2.851999999999861046e+01,7.097997449671509251e+00,7.614214720152870375e-02,2.431438804285333433e+00
2.853999999999860648e+01,7.105043841922545234e+00,7.366455573209779173e-02,2.432141360623493398e+00
2.855999999999860250e+01,7.111759124844479807e+00,7.133147499655144441e-02,2.433091320879721575e+00
2.857999999999859853e+01,7.118003571022425646e+00,6.925916677645935216e-02,2.434217495312205326e+00
2.859999999999859455e+01,7.123562633566206337e+00,6.755016915417572099e-02,2.435162718994368536e+00
2.861999999999859057e+01,7.128211440451312164e+00,6.637840934422579997e-02,2.435889755510233901e+00
2.863999999999858659e+01,7.131984175387590774e+00,6.567830794267778827e-02,2.436364983252598204e+00
2.865999999999858261e+01,7.135268293211965762e+00,6.541374270792935097e-02,2.436379649809197190e+00
2.867999999999857863e+01,7.138642082797028721e+00,6.553789655426262017e-02,2.435886342214939049e+00
2.869999999999857465e+01,7.142502555315878077e+00,6.584679663756455581e-02,2.435109039155657129e+00
2.871999999999857067e+01,7.146817018625498008e+00,6.619605891566682221e-02,2.434326764808552479e+00
2.873999999999856669e+01,7.151384582100817511e+00,6.661822151548124626e-02,2.433412239360214446e+00
2.875999999999856271e+01,7.156187338846729418e+00,6.744101830719184676e-02,2.432036507376346357e+00
2.877999999999855874e+01,7.161244256252667917e+00,6.876585328387718743e-02,2.430152076118555105e+00
2.879999999999855476e+01,7.166479036436912864e+00,7.041777122000100753e-02,2.427951532150277369e+00
2.881999999999855078e+01,7.171573507603104858e+00,7.195854265658976900e-02,2.426734590285120952e+00
2.883999999999854680e+01,7.176556073223973264e+00,7.366397414428701995e-02,2.425884481295773831e+00
2.885999999999854282e+01,7.181236435403511642e+00,7.539310571917615111e-02,2.425904878336794024e+00
2.887999999999853884e+01,7.185696100365003502e+00,7.723030519703809327e-02,2.426972151956967139e+00
2.889999999999853486e+01,7.190283557989739727e+00,7.938105199050715655e-02,2.428317314433544816e+00
2.891999999999853088e+01,7.194976266200419523e+00,8.156717088313351904e-02,2.429911558249868264e+00
2.893999999999852690e+01,7.199728896388123189e+00,8.360127498487218700e-02,2.431701981907360643e+00
2.895999999999852292e+01,7.204519136642320909e+00,8.542501259799072100e-02,2.433485423372583334e+00
2.897999999999851894e+01,7.209331461890786663e+00,8.701162578396641478e-02,2.435019677329080867e+00
2.899999999999851497e+01,7.214025321702552951e+00,8.833921758386960310e-02,2.436180733152798261e+00
2.901999999999851099e+01,7.218626597739466355e+00,8.943734538513689603e-02,2.436945363784694063e+00
2.903999999999850701e+01,7.223308993370373798e+00,9.033532258250032143e-02,2.437370510292318215e+00
2.905999999999850303e+01,7.228233788104282631e+00,9.104409476174100957e-02,2.437529784889232332e+00
2.907999999999849905e+01,7.233521881378154106e+00,9.158721774165788643e-02,2.437489708176105108e+00
2.909999999999849507e+01,7.239200141209156669e+00,9.198804593742757052e-02,2.437269872934812565e+00
2.911999999999849109e+01,7.245151219447828694e+00,9.220290066247495420e-02,2.436842281814096012e+00
2.913999999999848711e+01,7.251294471868741986e+00,9.211440578557371361e-02,2.436202237729152120e+00
2.915999999999848313e+01,7.257965968340163165e+00,9.170604604680704375e-02,2.435681009529428120e+00
2.917999999999847915e+01,7.265085741255457918e+00,9.093580681334133275e-02,2.435241668023355732e+00
2.919999999999847518e+01,7.272281741515890907e+00,8.976432664598740785e-02,2.434666479631776959e+00
2.921999999999847120e+01,7.279484831959400104e+00,8.828089871570984903e-02,2.434058391104720886e+00
2.923999999999846722e+01,7.286731871638764346e+00,8.659034811044645508e-02,2.433687200604008893e+00
2.925999999999846324e+01,7.293997942470384466e+00,8.472023677590748147e-02,2.433750128916841504e+00
2.927999999999845926e+01,7.301341622169211121e+00,8.252850534494414469e-02,2.433777068181708358e+00
2.929999999999845528e+01,7.308759046443262797e+00,8.016397006148860693e-02,2.433669056744951487e+00
2.931999999999845130e+01,7.316162559348117433e+00,7.776403965885357594e-02,2.433391669720740502e+00
2.933999999999844732e+01,7.323426064239826339e+00,7.538433326084649500e-02,2.432968626206311491e+00
2.935999999999844334e+01,7.330433930336489823e+00,7.307035682294196755e-02,2.432474670472782208e+00
2.937999999999843936e+01,7.337089867505329543e+00,7.086826115390143510e-02,2.432024241963005817e+00
2.939999999999843538e+01,7.343341270273121779e+00,6.884265173990343489e-02,2.431785579553362719e+00
2.941999999999843141e+01,7.349193125195555787e+00,6.705022729194554110e-02,2.431877786605715741e+00
2.943999999999842743e+01,7.354691693224863158e+00,6.550949990950470647e-02,2.432439885929273959e+00
2.945999999999842345e+01,7.359877945033322710e+00,6.421805949918890644e-02,2.433548836006496074e+00
2.947999999999841947e+01,7.364792268253445684e+00,6.321410733757858169e-02,2.435159490483094658e+00
2.949999999999841549e+01,7.369468979082561155e+00,6.253194962702048054e-02,2.437144032588078879e+00
2.951999999999841151e+01,7.373937138208884967e+00,6.221575193283817445e-02,2.439320719804144222e+00
2.953999999999840753e+01,7.378230259763816079e+00,6.230923755283553078e-02,2.441545469277929037e+00
2.955999999999840355e+01,7.382183695359596065e+00,6.285713102493094284e-02,2.443591632110857947e+00
2.957999999999839957e+01,7.385867944773474747e+00,6.386314162235369463e-02,2.445295156775009637e+00
2.959999999999839559e+01,7.389557578190764531e+00,6.531123485159037734e-02,2.446597202666686677e+00
2.961999999999839162e+01,7.393530304686649401e+00,6.718553449388478538e-02,2.447507917105701480e+00
2.963999999999838764e+01,7.397994588037179575e+00,6.944238749895279006e-02,2.448071261961725309e+00
2.965999999999838366e+01,7.402860220028318672e+00,7.203311833544584486e-02,2.447907500206301545e+00
2.967999999999837968e+01,7.407983078420210532e+00,7.495228288941195582e-02,2.446342540106847707e+00
2.969999999999837570e+01,7.413375941043223172e+00,7.801945160374219868e-02,2.443139514818809754e+00
2.971999999999837172e+01,7.418504311144378249e+00,8.035589502725669353e-02,2.442550554530718454e+00
2.973999999999836774e+01,7.423155038736597433e+00,8.301636524896924274e-02,2.442356977176371569e+00
2.975999999999836376e+01,7.427466555471132104e+00,8.591737231153148691e-02,2.441922715373537667e+00
2.977999999999835978e+01,7.431830064455075657e+00,8.859194918283699871e-02,2.441207388752021590e+00
2.979999999999835580e+01,7.436474719988489746e+00,9.087843603204297238e-02,2.440327843896027638e+00
2.981999999999835183e+01,7.441444423864314928e+00,9.286857243255557115e-02,2.439403154126959183e+00
2.983999999999834785e+01,7.446613783819269194e+00,9.466029449547674890e-02,2.438481930758301885e+00
2.985999999999834387e+01,7.451913555959372104e+00,9.625541949201280034e-02,2.437582811056176357e+00
2.987999999999833989e+01,7.457467612114274225e+00,9.753183074735366498e-02,2.436714848227913066e+00
2.989999999999833591e+01,7.463413252345783455e+00,9.836445835459320386e-02,2.435843080738580912e+00
2.991999999999833193e+01,7.469745699032237063e+00,9.872006767123339688e-02,2.434916313369195340e+00
2.993999999999832795e+01,7.476349135838771254e+00,9.860988090089270464e-02,2.433870348141921713e+00
2.995999999999832397e+01,7.483146545270544792e+00,9.803951939887795008e-02,2.432649463423315783e+00
2.997999999999831999e+01,7.490116503717094254e+00,9.701533260048750273e-02,2.431208308115681227e+00
2.999999999999831601e+01,7.497247034724115800e+00,9.560596506351799750e-02,2.429663541211887434e+00
3.001999999999831203e+01,7.504345836462687380e+00,9.421455446411210188e-02,2.429342054054288269e+00
3.003999999999830806e+01,7.511623856252927389e+00,9.249487429377711845e-02,2.429390122739756297e+00
3.005999999999830408e+01,7.519053330400372381e+00,9.044783939746291190e-02,2.429512904274065299e+00
3.007999999999830010e+01,7.526555123443735340e+00,8.820565689594214720e-02,2.429770756064542070e+00
3.009999999999829612e+01,7.534058833657502952e+00,8.586323543563806338e-02,2.430202078117357889e+00
3.011999999999829214e+01,7.541506226738347252e+00,8.347393268610774075e-02,2.430885445555688751e+00
3.013999999999828816e+01,7.548830713213185994e+00,8.109568881483575353e-02,2.431796636646421206e+00
3.015999999999828418e+01,7.555918978953182652e+00,7.881570785785739497e-02,2.432885272666254206e+00
3.017999999999828020e+01,7.562604462935289540e+00,7.674966928915892550e-02,2.434094368618203497e+00
3.019999999999827622e+01,7.568663945029688200e+00,7.505095291522727308e-02,2.435264504658625206e+00
3.021999999999827224e+01,7.573824416735595477e+00,7.382005803321545212e-02,2.436190456086297029e+00
3.023999999999826827e+01,7.578067156269167270e+00,7.300881291509946081e-02,2.436786588470305492e+00
3.025999999999826429e+01,7.581828033076805973e+00,7.265379750020913019e-02,2.436924517419788216e+00
3.027999999999826031e+01,7.585691734675650721e+00,7.272136825652712744e-02,2.436542075564886556e+00
3.029999999999825633e+01,7.590017132757965079e+00,7.301387320414684523e-02,2.435832354996002369e+00
3.031999999999825235e+01,7.594790867561838077e+00,7.334898051690420806e-02,2.435003369708606868e+00
3.033999999999824837e+01,7.599858590052202878e+00,7.381928392860280519e-02,2.433909260852461731e+00
3.035999999999824439e+01,7.605230914095267636e+00,7.472823342843600003e-02,2.432379530073317309e+00
3.037999999999824041e+01,7.610926106360460963e+00,7.612179917120923123e-02,2.430398604645732430e+00
3.039999999999823643e+01,7.616935828675075904e+00,7.760703926174192246e-02,2.429036977810611120e+00
3.041999999999823245e+01,7.622847403187586579e+00,7.911918606581351543e-02,2.428021823623055742e+00
3.043999999999822847e+01,7.628668975955609888e+00,8.077841668304405753e-02,2.426970651248096189e+00
3.045999999999822450e+01,7.634027213004413781e+00,8.224488304937244143e-02,2.427047277570011374e+00
3.047999999999822052e+01,7.639216488141758354e+00,8.397182748069507985e-02,2.427697100170461031e+00
3.049999999999821654e+01,7.644430476891751702e+00,8.597692597647241253e-02,2.428556853000378268e+00
3.051999999999821256e+01,7.649611585221764543e+00,8.795660687518856713e-02,2.429724964648103391e+00
3.053999999999820858e+01,7.654704714671962229e+00,8.973714831149662285e-02,2.431272389456620164e+00
3.055999999999820460e+01,7.659750939282415239e+00,9.125759908292803424e-02,2.433045710499938341e+00
3.057999999999820062e+01,7.664845363460674577e+00,9.249324462694219484e-02,2.434694490818540835e+00
3.059999999999819664e+01,7.669876771010447847e+00,9.344986026690979553e-02,2.436014074630854509e+00
3.061999999999819266e+01,7.674776275949290572e+00,9.414753158081599904e-02,2.436903086117002459e+00
3.063999999999818868e+01,7.679743368027408756e+00,9.462014229851624381e-02,2.437381496552353699e+00
3.065999999999818471e+01,7.684977433584088580e+00,9.487823843163571691e-02,2.437527222043780917e+00
3.067999999999818073e+01,7.690613816516121304e+00,9.497618117110663560e-02,2.437426344979586101e+00
3.069999999999817675e+01,7.696676862909681560e+00,9.495492466653381036e-02,2.437102595678772854e+00
3.071999999999817277e+01,7.703023489920857614e+00,9.479101441120139915e-02,2.436527086336962800e+00
3.073999999999816879e+01,7.709600515226767037e+00,9.438388113518787759e-02,2.435707986688383730e+00
3.075999999999816481e+01,7.716882274797718821e+00,9.378072332963478808e-02,2.435099324319925262e+00
3.077999999999816083e+01,7.724470581427990368e+00,9.281482254555056821e-02,2.434356534162769314e+00
3.079999999999815685e+01,7.732102528099446204e+00,9.143810706651893383e-02,2.433392063903415892e+00
3.081999999999815287e+01,7.739784277523904521e+00,8.981743901864908119e-02,2.432579874145430310e+00
3.083999999999814889e+01,7.747345471838120723e+00,8.812648981934755044e-02,2.432476207192650897e+00
3.085999999999814492e+01,7.754866418674576600e+00,8.608279777659906540e-02,2.432443065652958314e+00
3.087999999999814094e+01,7.762368936403634123e+00,8.377777386518305003e-02,2.432318003327221589e+00
3.089999999999813696e+01,7.769821839015456533e+00,8.136935715719033346e-02,2.432116410537484619e+00
3.091999999999813298e+01,7.777140080768838004e+00,7.893029751408413286e-02,2.431913811606217113e+00
3.093999999999812900e+01,7.784240620337734562e+00,7.651395198531180109e-02,2.431799536598391764e+00
3.095999999999812502e+01,7.791043554954240058e+00,7.417959859716496962e-02,2.431859030336391392e+00
3.097999999999812104e+01,7.797479110490007415e+00,7.201246263713598217e-02,2.432181199150896145e+00
3.099999999999811706e+01,7.803490835822583627e+00,7.006860301219818010e-02,2.432789748263097351e+00
3.101999999999811308e+01,7.809016325217731591e+00,6.837120969396255632e-02,2.433649611118348322e+00
3.103999999999810910e+01,7.813946218663578414e+00,6.702418479558489017e-02,2.434524667398696884e+00
3.105999999999810512e+01,7.818110209920407172e+00,6.612873365971679018e-02,2.435087457948145850e+00
3.107999999999810115e+01,7.821410443505673271e+00,6.566297195180879898e-02,2.435113432545694678e+00
3.109999999999809717e+01,7.824157002965193008e+00,6.556517438434318612e-02,2.434493169965585846e+00
3.111999999999809319e+01,7.826923276459122114e+00,6.580387068859541722e-02,2.433367387454091535e+00
3.113999999999808921e+01,7.830328965571439426e+00,6.630915862044260700e-02,2.432498464557008244e+00
3.115999999999808523e+01,7.834437699910231423e+00,6.702238009057774615e-02,2.432133933796328140e+00
3.117999999999808125e+01,7.838960837199238973e+00,6.798903828760140267e-02,2.431818199548382520e+00
3.119999999999807727e+01,7.843750588376008359e+00,6.943183486183344966e-02,2.430871429312384091e+00
3.121999999999807329e+01,7.848698220191109520e+00,7.126153530969386862e-02,2.429521902238288344e+00
3.123999999999806931e+01,7.853528850288736152e+00,7.311467194607575160e-02,2.429154406035893388e+00
3.125999999999806533e+01,7.858256028000286442e+00,7.531416098269735904e-02,2.429018729830916712e+00
3.127999999999806136e+01,7.862568223527248712e+00,7.750732597526548140e-02,2.429967448079167980e+00
3.129999999999805738e+01,7.866611976940468764e+00,7.976232280154529897e-02,2.431960371654652509e+00
3.131999999999805340e+01,7.870892337094276492e+00,8.219820030880239936e-02,2.433880917561053625e+00
3.133999999999804942e+01,7.875410019966611053e+00,8.451578650886100441e-02,2.435528030931530807e+00
3.135999999999804544e+01,7.879974341553221961e+00,8.655015645217832565e-02,2.436785392102843062e+00
3.137999999999804146e+01,7.884324753713576328e+00,8.824463967394900743e-02,2.437630254063622104e+00
3.139999999999803748e+01,7.888504135804203621e+00,8.965566702709396041e-02,2.438097569264153996e+00
3.141999999999803350e+01,7.892741297059735039e+00,9.084846240134800133e-02,2.438279989488557398e+00
3.143999999999802952e+01,7.897212131638958965e+00,9.186926611173190649e-02,2.438270654184755415e+00
3.145999999999802554e+01,7.902024076448951106e+00,9.276569032422896099e-02,2.438126627775247357e+00
3.147999999999802156e+01,7.907159388733970395e+00,9.355706790361766056e-02,2.437829696415555691e+00
3.149999999999801759e+01,7.912496448226833401e+00,9.414578971462123080e-02,2.437331799499888874e+00
3.151999999999801361e+01,7.918087650231512065e+00,9.441034545077008067e-02,2.436704937099926749e+00
3.153999999999800963e+01,7.924333024567086881e+00,9.436868557400199253e-02,2.436304189753400795e+00
3.155999999999800565e+01,7.930763045787213805e+00,9.384413107325545456e-02,2.435751648190640495e+00
3.157999999999800167e+01,7.937223940265907274e+00,9.283850699157457365e-02,2.435002824971693514e+00
3.159999999999799769e+01,7.943800997795858798e+00,9.148467029422828467e-02,2.434279992255060421e+00
3.161999999999799371e+01,7.950496102854162750e+00,8.990863962390038822e-02,2.433757195839222565e+00
3.163999999999798973e+01,7.957268717807741254e+00,8.816009198627840215e-02,2.433701129773042204e+00
3.165999999999798575e+01,7.964148053474199074e+00,8.606347382132213675e-02,2.433649872450471818e+00
3.167999999999798177e+01,7.971139039193259279e+00,8.373743452893039896e-02,2.433513917698432838e+00
3.169999999999797780e+01,7.978187017201275211e+00,8.133521435120656673e-02,2.433261052684557946e+00
3.171999999999797382e+01,7.985170736945876868e+00,7.892026456414542868e-02,2.432886406843129290e+00
3.173999999999796984e+01,7.991940156701857312e+00,7.652170567504683329e-02,2.432439760129423423e+00
3.175999999999796586e+01,7.998366504339939453e+00,7.418546163402181537e-02,2.431998430745462070e+00
3.177999999999796188e+01,8.004381114360700877e+00,7.197584951774005368e-02,2.431731652786148778e+00
