variant,training_seed,course,payload_kg,start_offset_cm,start_yaw_deg,outcome,detail,sim_time_s,route_completion,final_goal_distance_cm,checkpoint_sha256,run_factory_course_sha256_12,factory_course_sha256_12,run
base,,diag_down,,-10.0,-5.0,goal,stopped 4 cm from the goal,16.88,1.0,3.6,5042017a558b98ab24a3784d1f960383ee42015d79b67b24b74f6b6a117759c1,9aacbce0cb36,4654b83aea42,diag_down_v30_rec_align_y-10cm_yaw-5_ideal_base
base,,diag_down,,-10.0,0.0,goal,stopped 7 cm from the goal,19.64,1.0,6.6,5042017a558b98ab24a3784d1f960383ee42015d79b67b24b74f6b6a117759c1,9aacbce0cb36,4654b83aea42,diag_down_v30_rec_align_y-10cm_yaw+0_ideal_base
base,,diag_down,,-10.0,5.0,goal,stopped 14 cm from the goal,20.84,1.0,13.8,5042017a558b98ab24a3784d1f960383ee42015d79b67b24b74f6b6a117759c1,9aacbce0cb36,4654b83aea42,diag_down_v30_rec_align_y-10cm_yaw+5_ideal_base
base,,diag_down,,0.0,-5.0,path_exit,"segment 1 (stairs_down), follow",11.18,0.561,317.5,5042017a558b98ab24a3784d1f960383ee42015d79b67b24b74f6b6a117759c1,9aacbce0cb36,4654b83aea42,diag_down_v30_rec_align_y+0cm_yaw-5_ideal_base
base,,diag_down,,0.0,0.0,goal,stopped 1 cm from the goal,18.4,1.0,0.9,5042017a558b98ab24a3784d1f960383ee42015d79b67b24b74f6b6a117759c1,9aacbce0cb36,4654b83aea42,diag_down_v30_rec_align_y+0cm_yaw+0_ideal_base
base,,diag_down,,0.0,5.0,goal,stopped 3 cm from the goal,20.96,1.0,3.3,5042017a558b98ab24a3784d1f960383ee42015d79b67b24b74f6b6a117759c1,9aacbce0cb36,4654b83aea42,diag_down_v30_rec_align_y+0cm_yaw+5_ideal_base
base,,diag_down,,10.0,-5.0,goal,stopped 10 cm from the goal,16.9,1.0,10.1,5042017a558b98ab24a3784d1f960383ee42015d79b67b24b74f6b6a117759c1,9aacbce0cb36,4654b83aea42,diag_down_v30_rec_align_y+10cm_yaw-5_ideal_base
base,,diag_down,,10.0,0.0,goal,stopped 7 cm from the goal,19.46,1.0,7.5,5042017a558b98ab24a3784d1f960383ee42015d79b67b24b74f6b6a117759c1,9aacbce0cb36,4654b83aea42,diag_down_v30_rec_align_y+10cm_yaw+0_ideal_base
base,,diag_down,,10.0,5.0,path_exit,"segment 1 (stairs_down), follow",12.02,0.6899,228.4,5042017a558b98ab24a3784d1f960383ee42015d79b67b24b74f6b6a117759c1,9aacbce0cb36,4654b83aea42,diag_down_v30_rec_align_y+10cm_yaw+5_ideal_base
base,,l1_corner,12.0,-10.0,-5.0,goal,stopped 28 cm from the goal,11.64,1.0,28.0,5042017a558b98ab24a3784d1f960383ee42015d79b67b24b74f6b6a117759c1,9aacbce0cb36,4654b83aea42,l1_corner_v30_rec_chest12kg_align_y-10cm_yaw-5_ideal_base
base,,l1_corner,12.0,-10.0,0.0,goal,stopped 14 cm from the goal,11.66,1.0,14.2,5042017a558b98ab24a3784d1f960383ee42015d79b67b24b74f6b6a117759c1,9aacbce0cb36,4654b83aea42,l1_corner_v30_rec_chest12kg_align_y-10cm_yaw+0_ideal_base
base,,l1_corner,12.0,-10.0,5.0,goal,stopped 24 cm from the goal,11.46,1.0,24.0,5042017a558b98ab24a3784d1f960383ee42015d79b67b24b74f6b6a117759c1,9aacbce0cb36,4654b83aea42,l1_corner_v30_rec_chest12kg_align_y-10cm_yaw+5_ideal_base
base,,l1_corner,12.0,0.0,-5.0,goal,stopped 17 cm from the goal,11.4,1.0,17.0,5042017a558b98ab24a3784d1f960383ee42015d79b67b24b74f6b6a117759c1,9aacbce0cb36,4654b83aea42,l1_corner_v30_rec_chest12kg_align_y+0cm_yaw-5_ideal_base
base,,l1_corner,12.0,0.0,0.0,goal,stopped 18 cm from the goal,11.78,1.0,18.1,5042017a558b98ab24a3784d1f960383ee42015d79b67b24b74f6b6a117759c1,9aacbce0cb36,4654b83aea42,l1_corner_v30_rec_chest12kg_align_y+0cm_yaw+0_ideal_base
base,,l1_corner,12.0,0.0,5.0,goal,stopped 23 cm from the goal,11.62,1.0,22.8,5042017a558b98ab24a3784d1f960383ee42015d79b67b24b74f6b6a117759c1,9aacbce0cb36,4654b83aea42,l1_corner_v30_rec_chest12kg_align_y+0cm_yaw+5_ideal_base
base,,l1_corner,12.0,10.0,-5.0,goal,stopped 9 cm from the goal,11.26,1.0,8.5,5042017a558b98ab24a3784d1f960383ee42015d79b67b24b74f6b6a117759c1,9aacbce0cb36,4654b83aea42,l1_corner_v30_rec_chest12kg_align_y+10cm_yaw-5_ideal_base
base,,l1_corner,12.0,10.0,0.0,goal,stopped 18 cm from the goal,11.78,1.0,18.0,5042017a558b98ab24a3784d1f960383ee42015d79b67b24b74f6b6a117759c1,9aacbce0cb36,4654b83aea42,l1_corner_v30_rec_chest12kg_align_y+10cm_yaw+0_ideal_base
base,,l1_corner,12.0,10.0,5.0,goal,stopped 20 cm from the goal,11.76,1.0,20.1,5042017a558b98ab24a3784d1f960383ee42015d79b67b24b74f6b6a117759c1,9aacbce0cb36,4654b83aea42,l1_corner_v30_rec_chest12kg_align_y+10cm_yaw+5_ideal_base
base,,l2_corner_stairs,12.0,-10.0,-5.0,path_exit,"segment 3 (flat), follow",18.78,0.6762,365.2,5042017a558b98ab24a3784d1f960383ee42015d79b67b24b74f6b6a117759c1,9aacbce0cb36,4654b83aea42,l2_corner_stairs_v30_rec_chest12kg_align_y-10cm_yaw-5_ideal_base
base,,l2_corner_stairs,12.0,-10.0,0.0,path_exit,"segment 2 (stairs_up), follow",18.48,0.4973,351.1,5042017a558b98ab24a3784d1f960383ee42015d79b67b24b74f6b6a117759c1,9aacbce0cb36,4654b83aea42,l2_corner_stairs_v30_rec_chest12kg_align_y-10cm_yaw+0_ideal_base
base,,l2_corner_stairs,12.0,-10.0,5.0,path_exit,"segment 3 (flat), follow",18.82,0.6882,363.0,5042017a558b98ab24a3784d1f960383ee42015d79b67b24b74f6b6a117759c1,9aacbce0cb36,4654b83aea42,l2_corner_stairs_v30_rec_chest12kg_align_y-10cm_yaw+5_ideal_base
base,,l2_corner_stairs,12.0,0.0,-5.0,path_exit,"segment 3 (flat), turn",22.66,0.7297,303.7,5042017a558b98ab24a3784d1f960383ee42015d79b67b24b74f6b6a117759c1,9aacbce0cb36,4654b83aea42,l2_corner_stairs_v30_rec_chest12kg_align_y+0cm_yaw-5_ideal_base
base,,l2_corner_stairs,12.0,0.0,0.0,fall,segment 2 (stairs_up),17.28,0.5221,368.4,5042017a558b98ab24a3784d1f960383ee42015d79b67b24b74f6b6a117759c1,9aacbce0cb36,4654b83aea42,l2_corner_stairs_v30_rec_chest12kg_align_y+0cm_yaw+0_ideal_base
base,,l2_corner_stairs,12.0,0.0,5.0,path_exit,"segment 3 (flat), turn",23.24,0.7297,301.6,5042017a558b98ab24a3784d1f960383ee42015d79b67b24b74f6b6a117759c1,9aacbce0cb36,4654b83aea42,l2_corner_stairs_v30_rec_chest12kg_align_y+0cm_yaw+5_ideal_base
base,,l2_corner_stairs,12.0,10.0,-5.0,path_exit,"segment 3 (flat), turn",27.5,0.7297,283.9,5042017a558b98ab24a3784d1f960383ee42015d79b67b24b74f6b6a117759c1,9aacbce0cb36,4654b83aea42,l2_corner_stairs_v30_rec_chest12kg_align_y+10cm_yaw-5_ideal_base
base,,l2_corner_stairs,12.0,10.0,0.0,path_exit,"segment 2 (stairs_up), follow",15.42,0.5113,434.8,5042017a558b98ab24a3784d1f960383ee42015d79b67b24b74f6b6a117759c1,9aacbce0cb36,4654b83aea42,l2_corner_stairs_v30_rec_chest12kg_align_y+10cm_yaw+0_ideal_base
base,,l2_corner_stairs,12.0,10.0,5.0,path_exit,"segment 3 (flat), turn",20.92,0.7297,320.9,5042017a558b98ab24a3784d1f960383ee42015d79b67b24b74f6b6a117759c1,9aacbce0cb36,4654b83aea42,l2_corner_stairs_v30_rec_chest12kg_align_y+10cm_yaw+5_ideal_base
base,,l2_corner_stairs,2.0,-10.0,-5.0,goal,stopped 7 cm from the goal,42.46,1.0,6.9,5042017a558b98ab24a3784d1f960383ee42015d79b67b24b74f6b6a117759c1,9aacbce0cb36,4654b83aea42,l2_corner_stairs_v30_rec_chest2kg_align_y-10cm_yaw-5_ideal_base
base,,l2_corner_stairs,2.0,-10.0,0.0,goal,stopped 5 cm from the goal,42.34,1.0,5.1,5042017a558b98ab24a3784d1f960383ee42015d79b67b24b74f6b6a117759c1,9aacbce0cb36,4654b83aea42,l2_corner_stairs_v30_rec_chest2kg_align_y-10cm_yaw+0_ideal_base
base,,l2_corner_stairs,2.0,-10.0,5.0,goal,stopped 5 cm from the goal,42.34,1.0,4.8,5042017a558b98ab24a3784d1f960383ee42015d79b67b24b74f6b6a117759c1,9aacbce0cb36,4654b83aea42,l2_corner_stairs_v30_rec_chest2kg_align_y-10cm_yaw+5_ideal_base
base,,l2_corner_stairs,2.0,0.0,-5.0,goal,stopped 8 cm from the goal,42.14,1.0,7.6,5042017a558b98ab24a3784d1f960383ee42015d79b67b24b74f6b6a117759c1,9aacbce0cb36,4654b83aea42,l2_corner_stairs_v30_rec_chest2kg_align_y+0cm_yaw-5_ideal_base
base,,l2_corner_stairs,2.0,0.0,0.0,goal,stopped 9 cm from the goal,42.74,1.0,8.7,5042017a558b98ab24a3784d1f960383ee42015d79b67b24b74f6b6a117759c1,9aacbce0cb36,4654b83aea42,l2_corner_stairs_v30_rec_chest2kg_align_y+0cm_yaw+0_ideal_base
base,,l2_corner_stairs,2.0,0.0,5.0,path_exit,"segment 2 (stairs_up), follow",28.0,0.3817,454.3,5042017a558b98ab24a3784d1f960383ee42015d79b67b24b74f6b6a117759c1,9aacbce0cb36,4654b83aea42,l2_corner_stairs_v30_rec_chest2kg_align_y+0cm_yaw+5_ideal_base
base,,l2_corner_stairs,2.0,10.0,-5.0,goal,stopped 7 cm from the goal,45.68,1.0,7.4,5042017a558b98ab24a3784d1f960383ee42015d79b67b24b74f6b6a117759c1,9aacbce0cb36,4654b83aea42,l2_corner_stairs_v30_rec_chest2kg_align_y+10cm_yaw-5_ideal_base
base,,l2_corner_stairs,2.0,10.0,0.0,goal,stopped 8 cm from the goal,36.16,1.0,8.1,5042017a558b98ab24a3784d1f960383ee42015d79b67b24b74f6b6a117759c1,9aacbce0cb36,4654b83aea42,l2_corner_stairs_v30_rec_chest2kg_align_y+10cm_yaw+0_ideal_base
base,,l2_corner_stairs,2.0,10.0,5.0,goal,stopped 9 cm from the goal,37.92,1.0,9.1,5042017a558b98ab24a3784d1f960383ee42015d79b67b24b74f6b6a117759c1,9aacbce0cb36,4654b83aea42,l2_corner_stairs_v30_rec_chest2kg_align_y+10cm_yaw+5_ideal_base
base,,l2_corner_stairs,5.0,-10.0,-5.0,fall,segment 2 (stairs_up),23.82,0.3761,460.6,5042017a558b98ab24a3784d1f960383ee42015d79b67b24b74f6b6a117759c1,9aacbce0cb36,4654b83aea42,l2_corner_stairs_v30_rec_chest5kg_align_y-10cm_yaw-5_ideal_base
base,,l2_corner_stairs,5.0,-10.0,0.0,goal,stopped 8 cm from the goal,37.34,1.0,7.8,5042017a558b98ab24a3784d1f960383ee42015d79b67b24b74f6b6a117759c1,9aacbce0cb36,4654b83aea42,l2_corner_stairs_v30_rec_chest5kg_align_y-10cm_yaw+0_ideal_base
base,,l2_corner_stairs,5.0,-10.0,5.0,goal,stopped 6 cm from the goal,43.04,1.0,5.6,5042017a558b98ab24a3784d1f960383ee42015d79b67b24b74f6b6a117759c1,9aacbce0cb36,4654b83aea42,l2_corner_stairs_v30_rec_chest5kg_align_y-10cm_yaw+5_ideal_base
base,,l2_corner_stairs,5.0,0.0,-5.0,goal,stopped 5 cm from the goal,37.52,1.0,5.0,5042017a558b98ab24a3784d1f960383ee42015d79b67b24b74f6b6a117759c1,9aacbce0cb36,4654b83aea42,l2_corner_stairs_v30_rec_chest5kg_align_y+0cm_yaw-5_ideal_base
base,,l2_corner_stairs,5.0,0.0,0.0,goal,stopped 8 cm from the goal,49.8,1.0,8.5,5042017a558b98ab24a3784d1f960383ee42015d79b67b24b74f6b6a117759c1,9aacbce0cb36,4654b83aea42,l2_corner_stairs_v30_rec_chest5kg_align_y+0cm_yaw+0_ideal_base
base,,l2_corner_stairs,5.0,0.0,5.0,path_exit,"segment 2 (stairs_up), follow",16.16,0.3241,510.3,5042017a558b98ab24a3784d1f960383ee42015d79b67b24b74f6b6a117759c1,9aacbce0cb36,4654b83aea42,l2_corner_stairs_v30_rec_chest5kg_align_y+0cm_yaw+5_ideal_base
base,,l2_corner_stairs,5.0,10.0,-5.0,goal,stopped 9 cm from the goal,37.12,1.0,8.7,5042017a558b98ab24a3784d1f960383ee42015d79b67b24b74f6b6a117759c1,9aacbce0cb36,4654b83aea42,l2_corner_stairs_v30_rec_chest5kg_align_y+10cm_yaw-5_ideal_base
base,,l2_corner_stairs,5.0,10.0,0.0,goal,stopped 8 cm from the goal,36.98,1.0,7.9,5042017a558b98ab24a3784d1f960383ee42015d79b67b24b74f6b6a117759c1,9aacbce0cb36,4654b83aea42,l2_corner_stairs_v30_rec_chest5kg_align_y+10cm_yaw+0_ideal_base
base,,l2_corner_stairs,5.0,10.0,5.0,path_exit,"segment 2 (stairs_up), follow",27.72,0.3996,437.7,5042017a558b98ab24a3784d1f960383ee42015d79b67b24b74f6b6a117759c1,9aacbce0cb36,4654b83aea42,l2_corner_stairs_v30_rec_chest5kg_align_y+10cm_yaw+5_ideal_base
base,,l2_corner_stairs,8.0,-10.0,-5.0,goal,stopped 9 cm from the goal,36.1,1.0,8.8,5042017a558b98ab24a3784d1f960383ee42015d79b67b24b74f6b6a117759c1,9aacbce0cb36,4654b83aea42,l2_corner_stairs_v30_rec_chest8kg_align_y-10cm_yaw-5_ideal_base
base,,l2_corner_stairs,8.0,-10.0,0.0,goal,stopped 15 cm from the goal,31.44,1.0,15.3,5042017a558b98ab24a3784d1f960383ee42015d79b67b24b74f6b6a117759c1,9aacbce0cb36,4654b83aea42,l2_corner_stairs_v30_rec_chest8kg_align_y-10cm_yaw+0_ideal_base
base,,l2_corner_stairs,8.0,-10.0,5.0,goal,stopped 13 cm from the goal,31.56,1.0,12.7,5042017a558b98ab24a3784d1f960383ee42015d79b67b24b74f6b6a117759c1,9aacbce0cb36,4654b83aea42,l2_corner_stairs_v30_rec_chest8kg_align_y-10cm_yaw+5_ideal_base
base,,l2_corner_stairs,8.0,0.0,-5.0,goal,stopped 13 cm from the goal,35.64,1.0,12.5,5042017a558b98ab24a3784d1f960383ee42015d79b67b24b74f6b6a117759c1,9aacbce0cb36,4654b83aea42,l2_corner_stairs_v30_rec_chest8kg_align_y+0cm_yaw-5_ideal_base
base,,l2_corner_stairs,8.0,0.0,0.0,goal,stopped 2 cm from the goal,33.38,1.0,2.2,5042017a558b98ab24a3784d1f960383ee42015d79b67b24b74f6b6a117759c1,9aacbce0cb36,4654b83aea42,l2_corner_stairs_v30_rec_chest8kg_align_y+0cm_yaw+0_ideal_base
base,,l2_corner_stairs,8.0,0.0,5.0,goal,stopped 5 cm from the goal,36.62,1.0,5.0,5042017a558b98ab24a3784d1f960383ee42015d79b67b24b74f6b6a117759c1,9aacbce0cb36,4654b83aea42,l2_corner_stairs_v30_rec_chest8kg_align_y+0cm_yaw+5_ideal_base
base,,l2_corner_stairs,8.0,10.0,-5.0,goal,stopped 13 cm from the goal,32.26,1.0,12.6,5042017a558b98ab24a3784d1f960383ee42015d79b67b24b74f6b6a117759c1,9aacbce0cb36,4654b83aea42,l2_corner_stairs_v30_rec_chest8kg_align_y+10cm_yaw-5_ideal_base
base,,l2_corner_stairs,8.0,10.0,0.0,goal,stopped 10 cm from the goal,31.16,1.0,10.5,5042017a558b98ab24a3784d1f960383ee42015d79b67b24b74f6b6a117759c1,9aacbce0cb36,4654b83aea42,l2_corner_stairs_v30_rec_chest8kg_align_y+10cm_yaw+0_ideal_base
base,,l2_corner_stairs,8.0,10.0,5.0,path_exit,"segment 2 (stairs_up), follow",16.34,0.3153,640.5,5042017a558b98ab24a3784d1f960383ee42015d79b67b24b74f6b6a117759c1,9aacbce0cb36,4654b83aea42,l2_corner_stairs_v30_rec_chest8kg_align_y+10cm_yaw+5_ideal_base
base,,l4_factory_route,,-10.0,-5.0,goal,stopped 6 cm from the goal,74.96,1.0,6.1,5042017a558b98ab24a3784d1f960383ee42015d79b67b24b74f6b6a117759c1,9aacbce0cb36,4654b83aea42,l4_factory_route_v30_rec_align_y-10cm_yaw-5_ideal_base
base,,l4_factory_route,,-10.0,-2.5,goal,stopped 7 cm from the goal,76.56,1.0,6.8,5042017a558b98ab24a3784d1f960383ee42015d79b67b24b74f6b6a117759c1,9aacbce0cb36,4654b83aea42,l4_factory_route_v30_rec_align_y-10cm_yaw-2.5_ideal_base
base,,l4_factory_route,,-10.0,0.0,goal,stopped 12 cm from the goal,81.02,1.0,12.3,5042017a558b98ab24a3784d1f960383ee42015d79b67b24b74f6b6a117759c1,9aacbce0cb36,4654b83aea42,l4_factory_route_v30_rec_align_y-10cm_yaw+0_ideal_base
base,,l4_factory_route,,-10.0,2.5,goal,stopped 5 cm from the goal,81.42,1.0,4.9,5042017a558b98ab24a3784d1f960383ee42015d79b67b24b74f6b6a117759c1,9aacbce0cb36,4654b83aea42,l4_factory_route_v30_rec_align_y-10cm_yaw+2.5_ideal_base
base,,l4_factory_route,,-10.0,5.0,goal,stopped 5 cm from the goal,75.16,1.0,4.9,5042017a558b98ab24a3784d1f960383ee42015d79b67b24b74f6b6a117759c1,9aacbce0cb36,4654b83aea42,l4_factory_route_v30_rec_align_y-10cm_yaw+5_ideal_base
base,,l4_factory_route,,-5.0,-5.0,goal,stopped 5 cm from the goal,80.7,1.0,4.7,5042017a558b98ab24a3784d1f960383ee42015d79b67b24b74f6b6a117759c1,9aacbce0cb36,4654b83aea42,l4_factory_route_v30_rec_align_y-5cm_yaw-5_ideal_base
base,,l4_factory_route,,-5.0,-2.5,goal,stopped 5 cm from the goal,81.34,1.0,4.8,5042017a558b98ab24a3784d1f960383ee42015d79b67b24b74f6b6a117759c1,9aacbce0cb36,4654b83aea42,l4_factory_route_v30_rec_align_y-5cm_yaw-2.5_ideal_base
base,,l4_factory_route,,-5.0,0.0,path_exit,"segment 9 (stairs_down), follow",58.0,0.7793,354.1,5042017a558b98ab24a3784d1f960383ee42015d79b67b24b74f6b6a117759c1,9aacbce0cb36,4654b83aea42,l4_factory_route_v30_rec_align_y-5cm_yaw+0_ideal_base
base,,l4_factory_route,,-5.0,2.5,path_exit,"segment 9 (stairs_down), follow",55.74,0.7399,412.2,5042017a558b98ab24a3784d1f960383ee42015d79b67b24b74f6b6a117759c1,9aacbce0cb36,4654b83aea42,l4_factory_route_v30_rec_align_y-5cm_yaw+2.5_ideal_base
base,,l4_factory_route,,-5.0,5.0,goal,stopped 4 cm from the goal,75.98,1.0,4.4,5042017a558b98ab24a3784d1f960383ee42015d79b67b24b74f6b6a117759c1,9aacbce0cb36,4654b83aea42,l4_factory_route_v30_rec_align_y-5cm_yaw+5_ideal_base
base,,l4_factory_route,,0.0,-5.0,goal,stopped 3 cm from the goal,74.92,1.0,3.4,5042017a558b98ab24a3784d1f960383ee42015d79b67b24b74f6b6a117759c1,9aacbce0cb36,4654b83aea42,l4_factory_route_v30_rec_align_y+0cm_yaw-5_ideal_base
base,,l4_factory_route,,0.0,-2.5,goal,stopped 7 cm from the goal,81.34,1.0,6.9,5042017a558b98ab24a3784d1f960383ee42015d79b67b24b74f6b6a117759c1,9aacbce0cb36,4654b83aea42,l4_factory_route_v30_rec_align_y+0cm_yaw-2.5_ideal_base
base,,l4_factory_route,,0.0,0.0,goal,stopped 4 cm from the goal,79.76,1.0,4.2,5042017a558b98ab24a3784d1f960383ee42015d79b67b24b74f6b6a117759c1,9aacbce0cb36,4654b83aea42,l4_factory_route_v30_rec_align_y+0cm_yaw+0_ideal_base
base,,l4_factory_route,,0.0,2.5,goal,stopped 7 cm from the goal,79.42,1.0,6.6,5042017a558b98ab24a3784d1f960383ee42015d79b67b24b74f6b6a117759c1,9aacbce0cb36,4654b83aea42,l4_factory_route_v30_rec_align_y+0cm_yaw+2.5_ideal_base
base,,l4_factory_route,,0.0,5.0,goal,stopped 6 cm from the goal,86.34,1.0,5.7,5042017a558b98ab24a3784d1f960383ee42015d79b67b24b74f6b6a117759c1,9aacbce0cb36,4654b83aea42,l4_factory_route_v30_rec_align_y+0cm_yaw+5_ideal_base
base,,l4_factory_route,,5.0,-5.0,path_exit,"segment 9 (stairs_down), follow",68.9,0.7278,430.4,5042017a558b98ab24a3784d1f960383ee42015d79b67b24b74f6b6a117759c1,9aacbce0cb36,4654b83aea42,l4_factory_route_v30_rec_align_y+5cm_yaw-5_ideal_base
base,,l4_factory_route,,5.0,-2.5,goal,stopped 4 cm from the goal,81.82,1.0,4.3,5042017a558b98ab24a3784d1f960383ee42015d79b67b24b74f6b6a117759c1,9aacbce0cb36,4654b83aea42,l4_factory_route_v30_rec_align_y+5cm_yaw-2.5_ideal_base
base,,l4_factory_route,,5.0,0.0,goal,stopped 4 cm from the goal,72.68,1.0,4.0,5042017a558b98ab24a3784d1f960383ee42015d79b67b24b74f6b6a117759c1,9aacbce0cb36,4654b83aea42,l4_factory_route_v30_rec_align_y+5cm_yaw+0_ideal_base
base,,l4_factory_route,,5.0,2.5,goal,stopped 5 cm from the goal,82.22,1.0,5.2,5042017a558b98ab24a3784d1f960383ee42015d79b67b24b74f6b6a117759c1,9aacbce0cb36,4654b83aea42,l4_factory_route_v30_rec_align_y+5cm_yaw+2.5_ideal_base
base,,l4_factory_route,,5.0,5.0,goal,stopped 10 cm from the goal,79.98,1.0,9.6,5042017a558b98ab24a3784d1f960383ee42015d79b67b24b74f6b6a117759c1,9aacbce0cb36,4654b83aea42,l4_factory_route_v30_rec_align_y+5cm_yaw+5_ideal_base
base,,l4_factory_route,,10.0,-5.0,goal,stopped 4 cm from the goal,86.18,1.0,4.3,5042017a558b98ab24a3784d1f960383ee42015d79b67b24b74f6b6a117759c1,9aacbce0cb36,4654b83aea42,l4_factory_route_v30_rec_align_y+10cm_yaw-5_ideal_base
base,,l4_factory_route,,10.0,-2.5,goal,stopped 4 cm from the goal,83.08,1.0,4.0,5042017a558b98ab24a3784d1f960383ee42015d79b67b24b74f6b6a117759c1,9aacbce0cb36,4654b83aea42,l4_factory_route_v30_rec_align_y+10cm_yaw-2.5_ideal_base
base,,l4_factory_route,,10.0,0.0,goal,stopped 4 cm from the goal,82.94,1.0,4.1,5042017a558b98ab24a3784d1f960383ee42015d79b67b24b74f6b6a117759c1,9aacbce0cb36,4654b83aea42,l4_factory_route_v30_rec_align_y+10cm_yaw+0_ideal_base
base,,l4_factory_route,,10.0,2.5,goal,stopped 4 cm from the goal,94.36,1.0,3.7,5042017a558b98ab24a3784d1f960383ee42015d79b67b24b74f6b6a117759c1,9aacbce0cb36,4654b83aea42,l4_factory_route_v30_rec_align_y+10cm_yaw+2.5_ideal_base
base,,l4_factory_route,,10.0,5.0,goal,stopped 5 cm from the goal,99.74,1.0,4.8,5042017a558b98ab24a3784d1f960383ee42015d79b67b24b74f6b6a117759c1,9aacbce0cb36,4654b83aea42,l4_factory_route_v30_rec_align_y+10cm_yaw+5_ideal_base
base,,l4_factory_route,12.0,-10.0,-5.0,path_exit,"segment 6 (flat), turn",25.76,0.4373,864.3,5042017a558b98ab24a3784d1f960383ee42015d79b67b24b74f6b6a117759c1,9aacbce0cb36,4654b83aea42,l4_factory_route_v30_rec_chest12kg_align_y-10cm_yaw-5_ideal_base
base,,l4_factory_route,12.0,-10.0,-2.5,fall,segment 5 (stairs_up),22.14,0.3606,657.7,5042017a558b98ab24a3784d1f960383ee42015d79b67b24b74f6b6a117759c1,9aacbce0cb36,4654b83aea42,l4_factory_route_v30_rec_chest12kg_align_y-10cm_yaw-2.5_ideal_base
base,,l4_factory_route,12.0,-10.0,0.0,path_exit,"segment 3 (flat), follow",13.3,0.2523,596.9,5042017a558b98ab24a3784d1f960383ee42015d79b67b24b74f6b6a117759c1,9aacbce0cb36,4654b83aea42,l4_factory_route_v30_rec_chest12kg_align_y-10cm_yaw+0_ideal_base
base,,l4_factory_route,12.0,-10.0,2.5,path_exit,"segment 7 (flat), turn",33.68,0.5627,697.6,5042017a558b98ab24a3784d1f960383ee42015d79b67b24b74f6b6a117759c1,9aacbce0cb36,4654b83aea42,l4_factory_route_v30_rec_chest12kg_align_y-10cm_yaw+2.5_ideal_base
base,,l4_factory_route,12.0,-10.0,5.0,path_exit,"segment 3 (flat), turn",17.28,0.2839,542.6,5042017a558b98ab24a3784d1f960383ee42015d79b67b24b74f6b6a117759c1,9aacbce0cb36,4654b83aea42,l4_factory_route_v30_rec_chest12kg_align_y-10cm_yaw+5_ideal_base
base,,l4_factory_route,12.0,-5.0,-5.0,path_exit,"segment 3 (flat), follow",14.24,0.2654,574.9,5042017a558b98ab24a3784d1f960383ee42015d79b67b24b74f6b6a117759c1,9aacbce0cb36,4654b83aea42,l4_factory_route_v30_rec_chest12kg_align_y-5cm_yaw-5_ideal_base
base,,l4_factory_route,12.0,-5.0,-2.5,path_exit,"segment 2 (flat), follow",11.06,0.1983,756.1,5042017a558b98ab24a3784d1f960383ee42015d79b67b24b74f6b6a117759c1,9aacbce0cb36,4654b83aea42,l4_factory_route_v30_rec_chest12kg_align_y-5cm_yaw-2.5_ideal_base
base,,l4_factory_route,12.0,-5.0,0.0,path_exit,"segment 1 (stairs_up), follow",7.72,0.1802,776.2,5042017a558b98ab24a3784d1f960383ee42015d79b67b24b74f6b6a117759c1,9aacbce0cb36,4654b83aea42,l4_factory_route_v30_rec_chest12kg_align_y-5cm_yaw+0_ideal_base
base,,l4_factory_route,12.0,-5.0,2.5,path_exit,"segment 7 (flat), turn",36.8,0.5627,654.3,5042017a558b98ab24a3784d1f960383ee42015d79b67b24b74f6b6a117759c1,9aacbce0cb36,4654b83aea42,l4_factory_route_v30_rec_chest12kg_align_y-5cm_yaw+2.5_ideal_base
base,,l4_factory_route,12.0,-5.0,5.0,path_exit,"segment 3 (flat), turn",15.96,0.2839,533.9,5042017a558b98ab24a3784d1f960383ee42015d79b67b24b74f6b6a117759c1,9aacbce0cb36,4654b83aea42,l4_factory_route_v30_rec_chest12kg_align_y-5cm_yaw+5_ideal_base
base,,l4_factory_route,12.0,0.0,-5.0,path_exit,"segment 1 (stairs_up), follow",8.02,0.1389,827.1,5042017a558b98ab24a3784d1f960383ee42015d79b67b24b74f6b6a117759c1,9aacbce0cb36,4654b83aea42,l4_factory_route_v30_rec_chest12kg_align_y+0cm_yaw-5_ideal_base
base,,l4_factory_route,12.0,0.0,-2.5,path_exit,"segment 5 (stairs_up), follow",20.2,0.3843,687.5,5042017a558b98ab24a3784d1f960383ee42015d79b67b24b74f6b6a117759c1,9aacbce0cb36,4654b83aea42,l4_factory_route_v30_rec_chest12kg_align_y+0cm_yaw-2.5_ideal_base
base,,l4_factory_route,12.0,0.0,0.0,path_exit,"segment 7 (flat), turn",32.06,0.5627,672.8,5042017a558b98ab24a3784d1f960383ee42015d79b67b24b74f6b6a117759c1,9aacbce0cb36,4654b83aea42,l4_factory_route_v30_rec_chest12kg_align_y+0cm_yaw+0_ideal_base
base,,l4_factory_route,12.0,0.0,2.5,path_exit,"segment 6 (flat), turn",28.06,0.4373,839.9,5042017a558b98ab24a3784d1f960383ee42015d79b67b24b74f6b6a117759c1,9aacbce0cb36,4654b83aea42,l4_factory_route_v30_rec_chest12kg_align_y+0cm_yaw+2.5_ideal_base
base,,l4_factory_route,12.0,0.0,5.0,path_exit,"segment 3 (flat), turn",18.16,0.2839,523.3,5042017a558b98ab24a3784d1f960383ee42015d79b67b24b74f6b6a117759c1,9aacbce0cb36,4654b83aea42,l4_factory_route_v30_rec_chest12kg_align_y+0cm_yaw+5_ideal_base
base,,l4_factory_route,12.0,5.0,-5.0,path_exit,"segment 3 (flat), turn",15.66,0.2839,526.9,5042017a558b98ab24a3784d1f960383ee42015d79b67b24b74f6b6a117759c1,9aacbce0cb36,4654b83aea42,l4_factory_route_v30_rec_chest12kg_align_y+5cm_yaw-5_ideal_base
base,,l4_factory_route,12.0,5.0,-2.5,path_exit,"segment 9 (stairs_down), follow",41.88,0.7521,393.5,5042017a558b98ab24a3784d1f960383ee42015d79b67b24b74f6b6a117759c1,9aacbce0cb36,4654b83aea42,l4_factory_route_v30_rec_chest12kg_align_y+5cm_yaw-2.5_ideal_base
base,,l4_factory_route,12.0,5.0,0.0,path_exit,"segment 2 (flat), turn",10.9,0.2237,650.9,5042017a558b98ab24a3784d1f960383ee42015d79b67b24b74f6b6a117759c1,9aacbce0cb36,4654b83aea42,l4_factory_route_v30_rec_chest12kg_align_y+5cm_yaw+0_ideal_base
base,,l4_factory_route,12.0,5.0,2.5,path_exit,"segment 4 (flat), follow",16.6,0.2867,538.3,5042017a558b98ab24a3784d1f960383ee42015d79b67b24b74f6b6a117759c1,9aacbce0cb36,4654b83aea42,l4_factory_route_v30_rec_chest12kg_align_y+5cm_yaw+2.5_ideal_base
base,,l4_factory_route,12.0,5.0,5.0,path_exit,"segment 3 (flat), turn",15.92,0.2839,530.3,5042017a558b98ab24a3784d1f960383ee42015d79b67b24b74f6b6a117759c1,9aacbce0cb36,4654b83aea42,l4_factory_route_v30_rec_chest12kg_align_y+5cm_yaw+5_ideal_base
base,,l4_factory_route,12.0,10.0,-5.0,path_exit,"segment 3 (flat), follow",13.96,0.2507,599.8,5042017a558b98ab24a3784d1f960383ee42015d79b67b24b74f6b6a117759c1,9aacbce0cb36,4654b83aea42,l4_factory_route_v30_rec_chest12kg_align_y+10cm_yaw-5_ideal_base
base,,l4_factory_route,12.0,10.0,-2.5,fall,segment 1 (stairs_up),6.84,0.1559,760.6,5042017a558b98ab24a3784d1f960383ee42015d79b67b24b74f6b6a117759c1,9aacbce0cb36,4654b83aea42,l4_factory_route_v30_rec_chest12kg_align_y+10cm_yaw-2.5_ideal_base
base,,l4_factory_route,12.0,10.0,0.0,path_exit,"segment 1 (stairs_up), follow",10.94,0.1617,798.5,5042017a558b98ab24a3784d1f960383ee42015d79b67b24b74f6b6a117759c1,9aacbce0cb36,4654b83aea42,l4_factory_route_v30_rec_chest12kg_align_y+10cm_yaw+0_ideal_base
base,,l4_factory_route,12.0,10.0,2.5,path_exit,"segment 9 (stairs_down), follow",39.94,0.7065,465.4,5042017a558b98ab24a3784d1f960383ee42015d79b67b24b74f6b6a117759c1,9aacbce0cb36,4654b83aea42,l4_factory_route_v30_rec_chest12kg_align_y+10cm_yaw+2.5_ideal_base
base,,l4_factory_route,12.0,10.0,5.0,goal,stopped 1 cm from the goal,45.58,1.0,1.3,5042017a558b98ab24a3784d1f960383ee42015d79b67b24b74f6b6a117759c1,9aacbce0cb36,4654b83aea42,l4_factory_route_v30_rec_chest12kg_align_y+10cm_yaw+5_ideal_base
base,,l4_factory_route,2.0,-10.0,-5.0,goal,stopped 6 cm from the goal,68.64,1.0,5.7,5042017a558b98ab24a3784d1f960383ee42015d79b67b24b74f6b6a117759c1,9aacbce0cb36,4654b83aea42,l4_factory_route_v30_rec_chest2kg_align_y-10cm_yaw-5_ideal_base
base,,l4_factory_route,2.0,-10.0,-2.5,goal,stopped 9 cm from the goal,74.9,1.0,9.5,5042017a558b98ab24a3784d1f960383ee42015d79b67b24b74f6b6a117759c1,9aacbce0cb36,4654b83aea42,l4_factory_route_v30_rec_chest2kg_align_y-10cm_yaw-2.5_ideal_base
base,,l4_factory_route,2.0,-10.0,0.0,goal,stopped 8 cm from the goal,83.78,1.0,7.6,5042017a558b98ab24a3784d1f960383ee42015d79b67b24b74f6b6a117759c1,9aacbce0cb36,4654b83aea42,l4_factory_route_v30_rec_chest2kg_align_y-10cm_yaw+0_ideal_base
base,,l4_factory_route,2.0,-10.0,2.5,goal,stopped 8 cm from the goal,71.82,1.0,8.3,5042017a558b98ab24a3784d1f960383ee42015d79b67b24b74f6b6a117759c1,9aacbce0cb36,4654b83aea42,l4_factory_route_v30_rec_chest2kg_align_y-10cm_yaw+2.5_ideal_base
base,,l4_factory_route,2.0,-10.0,5.0,path_exit,"segment 9 (stairs_down), follow",61.98,0.7908,339.1,5042017a558b98ab24a3784d1f960383ee42015d79b67b24b74f6b6a117759c1,9aacbce0cb36,4654b83aea42,l4_factory_route_v30_rec_chest2kg_align_y-10cm_yaw+5_ideal_base
base,,l4_factory_route,2.0,-5.0,-5.0,goal,stopped 13 cm from the goal,78.26,1.0,12.8,5042017a558b98ab24a3784d1f960383ee42015d79b67b24b74f6b6a117759c1,9aacbce0cb36,4654b83aea42,l4_factory_route_v30_rec_chest2kg_align_y-5cm_yaw-5_ideal_base
base,,l4_factory_route,2.0,-5.0,-2.5,goal,stopped 6 cm from the goal,67.32,1.0,5.9,5042017a558b98ab24a3784d1f960383ee42015d79b67b24b74f6b6a117759c1,9aacbce0cb36,4654b83aea42,l4_factory_route_v30_rec_chest2kg_align_y-5cm_yaw-2.5_ideal_base
base,,l4_factory_route,2.0,-5.0,0.0,goal,stopped 9 cm from the goal,77.36,1.0,8.5,5042017a558b98ab24a3784d1f960383ee42015d79b67b24b74f6b6a117759c1,9aacbce0cb36,4654b83aea42,l4_factory_route_v30_rec_chest2kg_align_y-5cm_yaw+0_ideal_base
base,,l4_factory_route,2.0,-5.0,2.5,path_exit,"segment 2 (flat), follow",14.98,0.198,756.4,5042017a558b98ab24a3784d1f960383ee42015d79b67b24b74f6b6a117759c1,9aacbce0cb36,4654b83aea42,l4_factory_route_v30_rec_chest2kg_align_y-5cm_yaw+2.5_ideal_base
base,,l4_factory_route,2.0,-5.0,5.0,goal,stopped 2 cm from the goal,65.68,1.0,2.2,5042017a558b98ab24a3784d1f960383ee42015d79b67b24b74f6b6a117759c1,9aacbce0cb36,4654b83aea42,l4_factory_route_v30_rec_chest2kg_align_y-5cm_yaw+5_ideal_base
base,,l4_factory_route,2.0,0.0,-5.0,goal,stopped 6 cm from the goal,95.36,1.0,6.2,5042017a558b98ab24a3784d1f960383ee42015d79b67b24b74f6b6a117759c1,9aacbce0cb36,4654b83aea42,l4_factory_route_v30_rec_chest2kg_align_y+0cm_yaw-5_ideal_base
base,,l4_factory_route,2.0,0.0,-2.5,path_exit,"segment 5 (stairs_up), follow",55.98,0.3498,632.1,5042017a558b98ab24a3784d1f960383ee42015d79b67b24b74f6b6a117759c1,9aacbce0cb36,4654b83aea42,l4_factory_route_v30_rec_chest2kg_align_y+0cm_yaw-2.5_ideal_base
base,,l4_factory_route,2.0,0.0,0.0,path_exit,"segment 5 (stairs_up), follow",31.68,0.3209,586.8,5042017a558b98ab24a3784d1f960383ee42015d79b67b24b74f6b6a117759c1,9aacbce0cb36,4654b83aea42,l4_factory_route_v30_rec_chest2kg_align_y+0cm_yaw+0_ideal_base
base,,l4_factory_route,2.0,0.0,2.5,goal,stopped 7 cm from the goal,68.8,1.0,6.5,5042017a558b98ab24a3784d1f960383ee42015d79b67b24b74f6b6a117759c1,9aacbce0cb36,4654b83aea42,l4_factory_route_v30_rec_chest2kg_align_y+0cm_yaw+2.5_ideal_base
base,,l4_factory_route,2.0,0.0,5.0,goal,stopped 5 cm from the goal,81.48,1.0,5.4,5042017a558b98ab24a3784d1f960383ee42015d79b67b24b74f6b6a117759c1,9aacbce0cb36,4654b83aea42,l4_factory_route_v30_rec_chest2kg_align_y+0cm_yaw+5_ideal_base
base,,l4_factory_route,2.0,5.0,-5.0,path_exit,"segment 1 (stairs_up), follow",13.46,0.1003,889.9,5042017a558b98ab24a3784d1f960383ee42015d79b67b24b74f6b6a117759c1,9aacbce0cb36,4654b83aea42,l4_factory_route_v30_rec_chest2kg_align_y+5cm_yaw-5_ideal_base
base,,l4_factory_route,2.0,5.0,-2.5,path_exit,"segment 9 (stairs_down), follow",58.36,0.7368,416.3,5042017a558b98ab24a3784d1f960383ee42015d79b67b24b74f6b6a117759c1,9aacbce0cb36,4654b83aea42,l4_factory_route_v30_rec_chest2kg_align_y+5cm_yaw-2.5_ideal_base
base,,l4_factory_route,2.0,5.0,0.0,path_exit,"segment 9 (stairs_down), follow",70.88,0.7672,370.7,5042017a558b98ab24a3784d1f960383ee42015d79b67b24b74f6b6a117759c1,9aacbce0cb36,4654b83aea42,l4_factory_route_v30_rec_chest2kg_align_y+5cm_yaw+0_ideal_base
base,,l4_factory_route,2.0,5.0,2.5,goal,stopped 3 cm from the goal,70.72,1.0,3.5,5042017a558b98ab24a3784d1f960383ee42015d79b67b24b74f6b6a117759c1,9aacbce0cb36,4654b83aea42,l4_factory_route_v30_rec_chest2kg_align_y+5cm_yaw+2.5_ideal_base
base,,l4_factory_route,2.0,5.0,5.0,path_exit,"segment 9 (stairs_down), follow",58.66,0.7994,243.9,5042017a558b98ab24a3784d1f960383ee42015d79b67b24b74f6b6a117759c1,9aacbce0cb36,4654b83aea42,l4_factory_route_v30_rec_chest2kg_align_y+5cm_yaw+5_ideal_base
base,,l4_factory_route,2.0,10.0,-5.0,goal,stopped 9 cm from the goal,73.3,1.0,8.6,5042017a558b98ab24a3784d1f960383ee42015d79b67b24b74f6b6a117759c1,9aacbce0cb36,4654b83aea42,l4_factory_route_v30_rec_chest2kg_align_y+10cm_yaw-5_ideal_base
base,,l4_factory_route,2.0,10.0,-2.5,goal,stopped 8 cm from the goal,74.98,1.0,8.5,5042017a558b98ab24a3784d1f960383ee42015d79b67b24b74f6b6a117759c1,9aacbce0cb36,4654b83aea42,l4_factory_route_v30_rec_chest2kg_align_y+10cm_yaw-2.5_ideal_base
base,,l4_factory_route,2.0,10.0,0.0,path_exit,"segment 10 (flat), follow",60.64,0.8082,317.8,5042017a558b98ab24a3784d1f960383ee42015d79b67b24b74f6b6a117759c1,9aacbce0cb36,4654b83aea42,l4_factory_route_v30_rec_chest2kg_align_y+10cm_yaw+0_ideal_base
base,,l4_factory_route,2.0,10.0,2.5,goal,stopped 3 cm from the goal,71.64,1.0,3.0,5042017a558b98ab24a3784d1f960383ee42015d79b67b24b74f6b6a117759c1,9aacbce0cb36,4654b83aea42,l4_factory_route_v30_rec_chest2kg_align_y+10cm_yaw+2.5_ideal_base
base,,l4_factory_route,2.0,10.0,5.0,path_exit,"segment 9 (stairs_down), follow",87.78,0.7314,425.5,5042017a558b98ab24a3784d1f960383ee42015d79b67b24b74f6b6a117759c1,9aacbce0cb36,4654b83aea42,l4_factory_route_v30_rec_chest2kg_align_y+10cm_yaw+5_ideal_base
base,,l4_factory_route,5.0,-10.0,-5.0,path_exit,"segment 1 (stairs_up), follow",12.06,0.1654,793.9,5042017a558b98ab24a3784d1f960383ee42015d79b67b24b74f6b6a117759c1,9aacbce0cb36,4654b83aea42,l4_factory_route_v30_rec_chest5kg_align_y-10cm_yaw-5_ideal_base
base,,l4_factory_route,5.0,-10.0,-2.5,goal,stopped 13 cm from the goal,63.6,1.0,12.7,5042017a558b98ab24a3784d1f960383ee42015d79b67b24b74f6b6a117759c1,9aacbce0cb36,4654b83aea42,l4_factory_route_v30_rec_chest5kg_align_y-10cm_yaw-2.5_ideal_base
base,,l4_factory_route,5.0,-10.0,0.0,goal,stopped 9 cm from the goal,71.68,1.0,9.0,5042017a558b98ab24a3784d1f960383ee42015d79b67b24b74f6b6a117759c1,9aacbce0cb36,4654b83aea42,l4_factory_route_v30_rec_chest5kg_align_y-10cm_yaw+0_ideal_base
base,,l4_factory_route,5.0,-10.0,2.5,path_exit,"segment 9 (stairs_down), follow",78.9,0.7388,413.3,5042017a558b98ab24a3784d1f960383ee42015d79b67b24b74f6b6a117759c1,9aacbce0cb36,4654b83aea42,l4_factory_route_v30_rec_chest5kg_align_y-10cm_yaw+2.5_ideal_base
base,,l4_factory_route,5.0,-10.0,5.0,path_exit,"segment 5 (stairs_up), follow",35.74,0.3139,644.4,5042017a558b98ab24a3784d1f960383ee42015d79b67b24b74f6b6a117759c1,9aacbce0cb36,4654b83aea42,l4_factory_route_v30_rec_chest5kg_align_y-10cm_yaw+5_ideal_base
base,,l4_factory_route,5.0,-5.0,-5.0,path_exit,"segment 9 (stairs_down), follow",48.66,0.73,426.8,5042017a558b98ab24a3784d1f960383ee42015d79b67b24b74f6b6a117759c1,9aacbce0cb36,4654b83aea42,l4_factory_route_v30_rec_chest5kg_align_y-5cm_yaw-5_ideal_base
base,,l4_factory_route,5.0,-5.0,-2.5,path_exit,"segment 9 (stairs_down), follow",62.12,0.7721,364.2,5042017a558b98ab24a3784d1f960383ee42015d79b67b24b74f6b6a117759c1,9aacbce0cb36,4654b83aea42,l4_factory_route_v30_rec_chest5kg_align_y-5cm_yaw-2.5_ideal_base
base,,l4_factory_route,5.0,-5.0,0.0,goal,stopped 11 cm from the goal,73.28,1.0,11.3,5042017a558b98ab24a3784d1f960383ee42015d79b67b24b74f6b6a117759c1,9aacbce0cb36,4654b83aea42,l4_factory_route_v30_rec_chest5kg_align_y-5cm_yaw+0_ideal_base
base,,l4_factory_route,5.0,-5.0,2.5,goal,stopped 13 cm from the goal,66.02,1.0,13.2,5042017a558b98ab24a3784d1f960383ee42015d79b67b24b74f6b6a117759c1,9aacbce0cb36,4654b83aea42,l4_factory_route_v30_rec_chest5kg_align_y-5cm_yaw+2.5_ideal_base
base,,l4_factory_route,5.0,-5.0,5.0,path_exit,"segment 10 (flat), follow",61.4,0.8107,315.0,5042017a558b98ab24a3784d1f960383ee42015d79b67b24b74f6b6a117759c1,9aacbce0cb36,4654b83aea42,l4_factory_route_v30_rec_chest5kg_align_y-5cm_yaw+5_ideal_base
base,,l4_factory_route,5.0,0.0,-5.0,goal,stopped 13 cm from the goal,64.42,1.0,13.1,5042017a558b98ab24a3784d1f960383ee42015d79b67b24b74f6b6a117759c1,9aacbce0cb36,4654b83aea42,l4_factory_route_v30_rec_chest5kg_align_y+0cm_yaw-5_ideal_base
base,,l4_factory_route,5.0,0.0,-2.5,goal,stopped 12 cm from the goal,65.26,1.0,12.3,5042017a558b98ab24a3784d1f960383ee42015d79b67b24b74f6b6a117759c1,9aacbce0cb36,4654b83aea42,l4_factory_route_v30_rec_chest5kg_align_y+0cm_yaw-2.5_ideal_base
base,,l4_factory_route,5.0,0.0,0.0,goal,stopped 10 cm from the goal,71.5,1.0,9.9,5042017a558b98ab24a3784d1f960383ee42015d79b67b24b74f6b6a117759c1,9aacbce0cb36,4654b83aea42,l4_factory_route_v30_rec_chest5kg_align_y+0cm_yaw+0_ideal_base
base,,l4_factory_route,5.0,0.0,2.5,path_exit,"segment 1 (stairs_up), follow",20.58,0.1398,826.3,5042017a558b98ab24a3784d1f960383ee42015d79b67b24b74f6b6a117759c1,9aacbce0cb36,4654b83aea42,l4_factory_route_v30_rec_chest5kg_align_y+0cm_yaw+2.5_ideal_base
base,,l4_factory_route,5.0,0.0,5.0,path_exit,"segment 1 (stairs_up), follow",16.64,0.1308,837.6,5042017a558b98ab24a3784d1f960383ee42015d79b67b24b74f6b6a117759c1,9aacbce0cb36,4654b83aea42,l4_factory_route_v30_rec_chest5kg_align_y+0cm_yaw+5_ideal_base
base,,l4_factory_route,5.0,5.0,-5.0,path_exit,"segment 10 (flat), follow",54.0,0.8054,321.4,5042017a558b98ab24a3784d1f960383ee42015d79b67b24b74f6b6a117759c1,9aacbce0cb36,4654b83aea42,l4_factory_route_v30_rec_chest5kg_align_y+5cm_yaw-5_ideal_base
base,,l4_factory_route,5.0,5.0,-2.5,goal,stopped 14 cm from the goal,67.9,1.0,13.5,5042017a558b98ab24a3784d1f960383ee42015d79b67b24b74f6b6a117759c1,9aacbce0cb36,4654b83aea42,l4_factory_route_v30_rec_chest5kg_align_y+5cm_yaw-2.5_ideal_base
base,,l4_factory_route,5.0,5.0,0.0,goal,stopped 13 cm from the goal,64.5,1.0,13.4,5042017a558b98ab24a3784d1f960383ee42015d79b67b24b74f6b6a117759c1,9aacbce0cb36,4654b83aea42,l4_factory_route_v30_rec_chest5kg_align_y+5cm_yaw+0_ideal_base
base,,l4_factory_route,5.0,5.0,2.5,path_exit,"segment 9 (stairs_down), follow",52.76,0.7531,391.9,5042017a558b98ab24a3784d1f960383ee42015d79b67b24b74f6b6a117759c1,9aacbce0cb36,4654b83aea42,l4_factory_route_v30_rec_chest5kg_align_y+5cm_yaw+2.5_ideal_base
base,,l4_factory_route,5.0,5.0,5.0,path_exit,"segment 9 (stairs_down), follow",60.62,0.7478,400.2,5042017a558b98ab24a3784d1f960383ee42015d79b67b24b74f6b6a117759c1,9aacbce0cb36,4654b83aea42,l4_factory_route_v30_rec_chest5kg_align_y+5cm_yaw+5_ideal_base
base,,l4_factory_route,5.0,10.0,-5.0,path_exit,"segment 5 (stairs_up), follow",26.86,0.3139,559.4,5042017a558b98ab24a3784d1f960383ee42015d79b67b24b74f6b6a117759c1,9aacbce0cb36,4654b83aea42,l4_factory_route_v30_rec_chest5kg_align_y+10cm_yaw-5_ideal_base
base,,l4_factory_route,5.0,10.0,-2.5,path_exit,"segment 9 (stairs_down), follow",52.88,0.7366,416.5,5042017a558b98ab24a3784d1f960383ee42015d79b67b24b74f6b6a117759c1,9aacbce0cb36,4654b83aea42,l4_factory_route_v30_rec_chest5kg_align_y+10cm_yaw-2.5_ideal_base
base,,l4_factory_route,5.0,10.0,0.0,path_exit,"segment 9 (stairs_down), follow",70.2,0.6992,477.1,5042017a558b98ab24a3784d1f960383ee42015d79b67b24b74f6b6a117759c1,9aacbce0cb36,4654b83aea42,l4_factory_route_v30_rec_chest5kg_align_y+10cm_yaw+0_ideal_base
base,,l4_factory_route,5.0,10.0,2.5,path_exit,"segment 1 (stairs_up), follow",13.52,0.1003,880.1,5042017a558b98ab24a3784d1f960383ee42015d79b67b24b74f6b6a117759c1,9aacbce0cb36,4654b83aea42,l4_factory_route_v30_rec_chest5kg_align_y+10cm_yaw+2.5_ideal_base
base,,l4_factory_route,5.0,10.0,5.0,goal,stopped 1 cm from the goal,76.5,1.0,0.9,5042017a558b98ab24a3784d1f960383ee42015d79b67b24b74f6b6a117759c1,9aacbce0cb36,4654b83aea42,l4_factory_route_v30_rec_chest5kg_align_y+10cm_yaw+5_ideal_base
base,,l4_factory_route,8.0,-10.0,-5.0,path_exit,"segment 9 (stairs_down), follow",44.0,0.7662,372.6,5042017a558b98ab24a3784d1f960383ee42015d79b67b24b74f6b6a117759c1,9aacbce0cb36,4654b83aea42,l4_factory_route_v30_rec_chest8kg_align_y-10cm_yaw-5_ideal_base
base,,l4_factory_route,8.0,-10.0,-2.5,path_exit,"segment 9 (stairs_down), follow",47.66,0.763,377.2,5042017a558b98ab24a3784d1f960383ee42015d79b67b24b74f6b6a117759c1,9aacbce0cb36,4654b83aea42,l4_factory_route_v30_rec_chest8kg_align_y-10cm_yaw-2.5_ideal_base
base,,l4_factory_route,8.0,-10.0,0.0,path_exit,"segment 9 (stairs_down), follow",44.06,0.7504,395.7,5042017a558b98ab24a3784d1f960383ee42015d79b67b24b74f6b6a117759c1,9aacbce0cb36,4654b83aea42,l4_factory_route_v30_rec_chest8kg_align_y-10cm_yaw+0_ideal_base
base,,l4_factory_route,8.0,-10.0,2.5,goal,stopped 22 cm from the goal,55.52,1.0,22.4,5042017a558b98ab24a3784d1f960383ee42015d79b67b24b74f6b6a117759c1,9aacbce0cb36,4654b83aea42,l4_factory_route_v30_rec_chest8kg_align_y-10cm_yaw+2.5_ideal_base
base,,l4_factory_route,8.0,-10.0,5.0,path_exit,"segment 9 (stairs_down), follow",43.76,0.7471,401.6,5042017a558b98ab24a3784d1f960383ee42015d79b67b24b74f6b6a117759c1,9aacbce0cb36,4654b83aea42,l4_factory_route_v30_rec_chest8kg_align_y-10cm_yaw+5_ideal_base
base,,l4_factory_route,8.0,-5.0,-5.0,goal,stopped 14 cm from the goal,59.04,1.0,13.8,5042017a558b98ab24a3784d1f960383ee42015d79b67b24b74f6b6a117759c1,9aacbce0cb36,4654b83aea42,l4_factory_route_v30_rec_chest8kg_align_y-5cm_yaw-5_ideal_base
base,,l4_factory_route,8.0,-5.0,-2.5,goal,stopped 12 cm from the goal,56.24,1.0,12.0,5042017a558b98ab24a3784d1f960383ee42015d79b67b24b74f6b6a117759c1,9aacbce0cb36,4654b83aea42,l4_factory_route_v30_rec_chest8kg_align_y-5cm_yaw-2.5_ideal_base
base,,l4_factory_route,8.0,-5.0,0.0,path_exit,"segment 9 (stairs_down), follow",45.3,0.6923,488.9,5042017a558b98ab24a3784d1f960383ee42015d79b67b24b74f6b6a117759c1,9aacbce0cb36,4654b83aea42,l4_factory_route_v30_rec_chest8kg_align_y-5cm_yaw+0_ideal_base
base,,l4_factory_route,8.0,-5.0,2.5,path_exit,"segment 10 (flat), follow",47.86,0.8081,318.2,5042017a558b98ab24a3784d1f960383ee42015d79b67b24b74f6b6a117759c1,9aacbce0cb36,4654b83aea42,l4_factory_route_v30_rec_chest8kg_align_y-5cm_yaw+2.5_ideal_base
base,,l4_factory_route,8.0,-5.0,5.0,path_exit,"segment 9 (stairs_down), follow",42.92,0.7888,342.5,5042017a558b98ab24a3784d1f960383ee42015d79b67b24b74f6b6a117759c1,9aacbce0cb36,4654b83aea42,l4_factory_route_v30_rec_chest8kg_align_y-5cm_yaw+5_ideal_base
base,,l4_factory_route,8.0,0.0,-5.0,goal,stopped 16 cm from the goal,52.58,1.0,16.1,5042017a558b98ab24a3784d1f960383ee42015d79b67b24b74f6b6a117759c1,9aacbce0cb36,4654b83aea42,l4_factory_route_v30_rec_chest8kg_align_y+0cm_yaw-5_ideal_base
base,,l4_factory_route,8.0,0.0,-2.5,path_exit,"segment 9 (stairs_down), follow",47.86,0.7577,384.9,5042017a558b98ab24a3784d1f960383ee42015d79b67b24b74f6b6a117759c1,9aacbce0cb36,4654b83aea42,l4_factory_route_v30_rec_chest8kg_align_y+0cm_yaw-2.5_ideal_base
base,,l4_factory_route,8.0,0.0,0.0,goal,stopped 15 cm from the goal,59.4,1.0,15.2,5042017a558b98ab24a3784d1f960383ee42015d79b67b24b74f6b6a117759c1,9aacbce0cb36,4654b83aea42,l4_factory_route_v30_rec_chest8kg_align_y+0cm_yaw+0_ideal_base
base,,l4_factory_route,8.0,0.0,2.5,path_exit,"segment 9 (stairs_down), follow",44.66,0.7556,387.9,5042017a558b98ab24a3784d1f960383ee42015d79b67b24b74f6b6a117759c1,9aacbce0cb36,4654b83aea42,l4_factory_route_v30_rec_chest8kg_align_y+0cm_yaw+2.5_ideal_base
base,,l4_factory_route,8.0,0.0,5.0,path_exit,"segment 9 (stairs_down), follow",45.94,0.7678,370.2,5042017a558b98ab24a3784d1f960383ee42015d79b67b24b74f6b6a117759c1,9aacbce0cb36,4654b83aea42,l4_factory_route_v30_rec_chest8kg_align_y+0cm_yaw+5_ideal_base
base,,l4_factory_route,8.0,5.0,-5.0,path_exit,"segment 9 (stairs_down), follow",62.16,0.7562,386.7,5042017a558b98ab24a3784d1f960383ee42015d79b67b24b74f6b6a117759c1,9aacbce0cb36,4654b83aea42,l4_factory_route_v30_rec_chest8kg_align_y+5cm_yaw-5_ideal_base
base,,l4_factory_route,8.0,5.0,-2.5,path_exit,"segment 9 (stairs_down), follow",47.14,0.7425,407.4,5042017a558b98ab24a3784d1f960383ee42015d79b67b24b74f6b6a117759c1,9aacbce0cb36,4654b83aea42,l4_factory_route_v30_rec_chest8kg_align_y+5cm_yaw-2.5_ideal_base
base,,l4_factory_route,8.0,5.0,0.0,path_exit,"segment 9 (stairs_down), follow",48.9,0.7421,408.2,5042017a558b98ab24a3784d1f960383ee42015d79b67b24b74f6b6a117759c1,9aacbce0cb36,4654b83aea42,l4_factory_route_v30_rec_chest8kg_align_y+5cm_yaw+0_ideal_base
base,,l4_factory_route,8.0,5.0,2.5,path_exit,"segment 5 (stairs_up), follow",30.26,0.3139,560.9,5042017a558b98ab24a3784d1f960383ee42015d79b67b24b74f6b6a117759c1,9aacbce0cb36,4654b83aea42,l4_factory_route_v30_rec_chest8kg_align_y+5cm_yaw+2.5_ideal_base
base,,l4_factory_route,8.0,5.0,5.0,path_exit,"segment 9 (stairs_down), follow",49.46,0.7787,355.4,5042017a558b98ab24a3784d1f960383ee42015d79b67b24b74f6b6a117759c1,9aacbce0cb36,4654b83aea42,l4_factory_route_v30_rec_chest8kg_align_y+5cm_yaw+5_ideal_base
base,,l4_factory_route,8.0,10.0,-5.0,path_exit,"segment 10 (flat), follow",46.96,0.8048,322.5,5042017a558b98ab24a3784d1f960383ee42015d79b67b24b74f6b6a117759c1,9aacbce0cb36,4654b83aea42,l4_factory_route_v30_rec_chest8kg_align_y+10cm_yaw-5_ideal_base
base,,l4_factory_route,8.0,10.0,-2.5,goal,stopped 19 cm from the goal,65.16,1.0,19.4,5042017a558b98ab24a3784d1f960383ee42015d79b67b24b74f6b6a117759c1,9aacbce0cb36,4654b83aea42,l4_factory_route_v30_rec_chest8kg_align_y+10cm_yaw-2.5_ideal_base
base,,l4_factory_route,8.0,10.0,0.0,path_exit,"segment 5 (stairs_up), follow",25.78,0.3901,697.0,5042017a558b98ab24a3784d1f960383ee42015d79b67b24b74f6b6a117759c1,9aacbce0cb36,4654b83aea42,l4_factory_route_v30_rec_chest8kg_align_y+10cm_yaw+0_ideal_base
base,,l4_factory_route,8.0,10.0,2.5,path_exit,"segment 9 (stairs_down), follow",50.5,0.7235,437.5,5042017a558b98ab24a3784d1f960383ee42015d79b67b24b74f6b6a117759c1,9aacbce0cb36,4654b83aea42,l4_factory_route_v30_rec_chest8kg_align_y+10cm_yaw+2.5_ideal_base
base,,l4_factory_route,8.0,10.0,5.0,path_exit,"segment 9 (stairs_down), follow",56.9,0.7473,400.4,5042017a558b98ab24a3784d1f960383ee42015d79b67b24b74f6b6a117759c1,9aacbce0cb36,4654b83aea42,l4_factory_route_v30_rec_chest8kg_align_y+10cm_yaw+5_ideal_base
ft_descent,42,diag_down,,-10.0,-5.0,goal,stopped 3 cm from the goal,27.28,1.0,3.1,3fdfe7a4bb56f27305d54613604bc3841ef67092448b9ab9ccf4fd2b526733cd,9aacbce0cb36,4654b83aea42,diag_down_v30_rec_align_y-10cm_yaw-5_ideal_ft_descent
ft_descent,42,diag_down,,-10.0,0.0,goal,stopped 2 cm from the goal,25.44,1.0,1.5,3fdfe7a4bb56f27305d54613604bc3841ef67092448b9ab9ccf4fd2b526733cd,9aacbce0cb36,4654b83aea42,diag_down_v30_rec_align_y-10cm_yaw+0_ideal_ft_descent
ft_descent,42,diag_down,,-10.0,5.0,goal,stopped 8 cm from the goal,35.38,1.0,8.3,3fdfe7a4bb56f27305d54613604bc3841ef67092448b9ab9ccf4fd2b526733cd,9aacbce0cb36,4654b83aea42,diag_down_v30_rec_align_y-10cm_yaw+5_ideal_ft_descent
ft_descent,42,diag_down,,0.0,-5.0,goal,stopped 3 cm from the goal,34.9,1.0,2.7,3fdfe7a4bb56f27305d54613604bc3841ef67092448b9ab9ccf4fd2b526733cd,9aacbce0cb36,4654b83aea42,diag_down_v30_rec_align_y+0cm_yaw-5_ideal_ft_descent
ft_descent,42,diag_down,,0.0,0.0,stuck,"segment 0 (flat), follow",34.16,0.2173,555.7,3fdfe7a4bb56f27305d54613604bc3841ef67092448b9ab9ccf4fd2b526733cd,9aacbce0cb36,4654b83aea42,diag_down_v30_rec_align_y+0cm_yaw+0_ideal_ft_descent
ft_descent,42,diag_down,,0.0,5.0,goal,stopped 3 cm from the goal,70.88,1.0,2.9,3fdfe7a4bb56f27305d54613604bc3841ef67092448b9ab9ccf4fd2b526733cd,9aacbce0cb36,4654b83aea42,diag_down_v30_rec_align_y+0cm_yaw+5_ideal_ft_descent
ft_descent,42,diag_down,,10.0,-5.0,goal,stopped 3 cm from the goal,44.8,1.0,2.7,3fdfe7a4bb56f27305d54613604bc3841ef67092448b9ab9ccf4fd2b526733cd,9aacbce0cb36,4654b83aea42,diag_down_v30_rec_align_y+10cm_yaw-5_ideal_ft_descent
ft_descent,42,diag_down,,10.0,0.0,goal,stopped 5 cm from the goal,57.9,1.0,4.5,3fdfe7a4bb56f27305d54613604bc3841ef67092448b9ab9ccf4fd2b526733cd,9aacbce0cb36,4654b83aea42,diag_down_v30_rec_align_y+10cm_yaw+0_ideal_ft_descent
ft_descent,42,diag_down,,10.0,5.0,stuck,"segment 0 (flat), follow",31.56,0.1789,583.0,3fdfe7a4bb56f27305d54613604bc3841ef67092448b9ab9ccf4fd2b526733cd,9aacbce0cb36,4654b83aea42,diag_down_v30_rec_align_y+10cm_yaw+5_ideal_ft_descent
ft_descent,42,l1_corner,12.0,-10.0,-5.0,path_exit,"segment 0 (flat), turn",6.7,0.5,296.7,3fdfe7a4bb56f27305d54613604bc3841ef67092448b9ab9ccf4fd2b526733cd,9aacbce0cb36,4654b83aea42,l1_corner_v30_rec_chest12kg_align_y-10cm_yaw-5_ideal_ft_descent
ft_descent,42,l1_corner,12.0,-10.0,0.0,path_exit,"segment 0 (flat), turn",6.76,0.5,296.0,3fdfe7a4bb56f27305d54613604bc3841ef67092448b9ab9ccf4fd2b526733cd,9aacbce0cb36,4654b83aea42,l1_corner_v30_rec_chest12kg_align_y-10cm_yaw+0_ideal_ft_descent
ft_descent,42,l1_corner,12.0,-10.0,5.0,wrong_stop,stopped 33 cm from the goal,11.6,1.0,33.2,3fdfe7a4bb56f27305d54613604bc3841ef67092448b9ab9ccf4fd2b526733cd,9aacbce0cb36,4654b83aea42,l1_corner_v30_rec_chest12kg_align_y-10cm_yaw+5_ideal_ft_descent
ft_descent,42,l1_corner,12.0,0.0,-5.0,path_exit,"segment 0 (flat), turn",6.7,0.5,299.2,3fdfe7a4bb56f27305d54613604bc3841ef67092448b9ab9ccf4fd2b526733cd,9aacbce0cb36,4654b83aea42,l1_corner_v30_rec_chest12kg_align_y+0cm_yaw-5_ideal_ft_descent
ft_descent,42,l1_corner,12.0,0.0,0.0,path_exit,"segment 0 (flat), turn",6.64,0.5,298.5,3fdfe7a4bb56f27305d54613604bc3841ef67092448b9ab9ccf4fd2b526733cd,9aacbce0cb36,4654b83aea42,l1_corner_v30_rec_chest12kg_align_y+0cm_yaw+0_ideal_ft_descent
ft_descent,42,l1_corner,12.0,0.0,5.0,path_exit,"segment 0 (flat), turn",6.56,0.5,297.5,3fdfe7a4bb56f27305d54613604bc3841ef67092448b9ab9ccf4fd2b526733cd,9aacbce0cb36,4654b83aea42,l1_corner_v30_rec_chest12kg_align_y+0cm_yaw+5_ideal_ft_descent
ft_descent,42,l1_corner,12.0,10.0,-5.0,path_exit,"segment 0 (flat), turn",6.52,0.5,300.3,3fdfe7a4bb56f27305d54613604bc3841ef67092448b9ab9ccf4fd2b526733cd,9aacbce0cb36,4654b83aea42,l1_corner_v30_rec_chest12kg_align_y+10cm_yaw-5_ideal_ft_descent
ft_descent,42,l1_corner,12.0,10.0,0.0,path_exit,"segment 0 (flat), turn",6.42,0.5,300.8,3fdfe7a4bb56f27305d54613604bc3841ef67092448b9ab9ccf4fd2b526733cd,9aacbce0cb36,4654b83aea42,l1_corner_v30_rec_chest12kg_align_y+10cm_yaw+0_ideal_ft_descent
ft_descent,42,l1_corner,12.0,10.0,5.0,path_exit,"segment 0 (flat), turn",6.42,0.5,301.0,3fdfe7a4bb56f27305d54613604bc3841ef67092448b9ab9ccf4fd2b526733cd,9aacbce0cb36,4654b83aea42,l1_corner_v30_rec_chest12kg_align_y+10cm_yaw+5_ideal_ft_descent
ft_descent,42,l2_corner_stairs,12.0,-10.0,-5.0,goal,stopped 15 cm from the goal,28.08,1.0,14.8,3fdfe7a4bb56f27305d54613604bc3841ef67092448b9ab9ccf4fd2b526733cd,9aacbce0cb36,4654b83aea42,l2_corner_stairs_v30_rec_chest12kg_align_y-10cm_yaw-5_ideal_ft_descent
ft_descent,42,l2_corner_stairs,12.0,-10.0,0.0,path_exit,"segment 2 (stairs_up), follow",12.2,0.3153,526.9,3fdfe7a4bb56f27305d54613604bc3841ef67092448b9ab9ccf4fd2b526733cd,9aacbce0cb36,4654b83aea42,l2_corner_stairs_v30_rec_chest12kg_align_y-10cm_yaw+0_ideal_ft_descent
ft_descent,42,l2_corner_stairs,12.0,-10.0,5.0,goal,stopped 1 cm from the goal,25.1,1.0,1.3,3fdfe7a4bb56f27305d54613604bc3841ef67092448b9ab9ccf4fd2b526733cd,9aacbce0cb36,4654b83aea42,l2_corner_stairs_v30_rec_chest12kg_align_y-10cm_yaw+5_ideal_ft_descent
ft_descent,42,l2_corner_stairs,12.0,0.0,-5.0,path_exit,"segment 0 (flat), turn",5.24,0.1802,648.0,3fdfe7a4bb56f27305d54613604bc3841ef67092448b9ab9ccf4fd2b526733cd,9aacbce0cb36,4654b83aea42,l2_corner_stairs_v30_rec_chest12kg_align_y+0cm_yaw-5_ideal_ft_descent
ft_descent,42,l2_corner_stairs,12.0,0.0,0.0,path_exit,"segment 0 (flat), turn",5.3,0.1802,647.0,3fdfe7a4bb56f27305d54613604bc3841ef67092448b9ab9ccf4fd2b526733cd,9aacbce0cb36,4654b83aea42,l2_corner_stairs_v30_rec_chest12kg_align_y+0cm_yaw+0_ideal_ft_descent
ft_descent,42,l2_corner_stairs,12.0,0.0,5.0,path_exit,"segment 3 (flat), turn",23.0,0.7297,277.8,3fdfe7a4bb56f27305d54613604bc3841ef67092448b9ab9ccf4fd2b526733cd,9aacbce0cb36,4654b83aea42,l2_corner_stairs_v30_rec_chest12kg_align_y+0cm_yaw+5_ideal_ft_descent
ft_descent,42,l2_corner_stairs,12.0,10.0,-5.0,path_exit,"segment 3 (flat), turn",21.52,0.7297,278.9,3fdfe7a4bb56f27305d54613604bc3841ef67092448b9ab9ccf4fd2b526733cd,9aacbce0cb36,4654b83aea42,l2_corner_stairs_v30_rec_chest12kg_align_y+10cm_yaw-5_ideal_ft_descent
ft_descent,42,l2_corner_stairs,12.0,10.0,0.0,goal,stopped 1 cm from the goal,24.22,1.0,1.0,3fdfe7a4bb56f27305d54613604bc3841ef67092448b9ab9ccf4fd2b526733cd,9aacbce0cb36,4654b83aea42,l2_corner_stairs_v30_rec_chest12kg_align_y+10cm_yaw+0_ideal_ft_descent
ft_descent,42,l2_corner_stairs,12.0,10.0,5.0,path_exit,"segment 3 (flat), turn",21.22,0.7297,278.3,3fdfe7a4bb56f27305d54613604bc3841ef67092448b9ab9ccf4fd2b526733cd,9aacbce0cb36,4654b83aea42,l2_corner_stairs_v30_rec_chest12kg_align_y+10cm_yaw+5_ideal_ft_descent
ft_descent,42,l2_corner_stairs,2.0,-10.0,-5.0,stuck,"segment 2 (stairs_up), follow",47.24,0.356,507.1,3fdfe7a4bb56f27305d54613604bc3841ef67092448b9ab9ccf4fd2b526733cd,9aacbce0cb36,4654b83aea42,l2_corner_stairs_v30_rec_chest2kg_align_y-10cm_yaw-5_ideal_ft_descent
ft_descent,42,l2_corner_stairs,2.0,-10.0,0.0,goal,stopped 2 cm from the goal,55.96,1.0,1.7,3fdfe7a4bb56f27305d54613604bc3841ef67092448b9ab9ccf4fd2b526733cd,9aacbce0cb36,4654b83aea42,l2_corner_stairs_v30_rec_chest2kg_align_y-10cm_yaw+0_ideal_ft_descent
ft_descent,42,l2_corner_stairs,2.0,-10.0,5.0,goal,stopped 2 cm from the goal,55.12,1.0,1.7,3fdfe7a4bb56f27305d54613604bc3841ef67092448b9ab9ccf4fd2b526733cd,9aacbce0cb36,4654b83aea42,l2_corner_stairs_v30_rec_chest2kg_align_y-10cm_yaw+5_ideal_ft_descent
ft_descent,42,l2_corner_stairs,2.0,0.0,-5.0,goal,stopped 2 cm from the goal,64.52,1.0,2.1,3fdfe7a4bb56f27305d54613604bc3841ef67092448b9ab9ccf4fd2b526733cd,9aacbce0cb36,4654b83aea42,l2_corner_stairs_v30_rec_chest2kg_align_y+0cm_yaw-5_ideal_ft_descent
ft_descent,42,l2_corner_stairs,2.0,0.0,0.0,goal,stopped 3 cm from the goal,70.06,1.0,3.5,3fdfe7a4bb56f27305d54613604bc3841ef67092448b9ab9ccf4fd2b526733cd,9aacbce0cb36,4654b83aea42,l2_corner_stairs_v30_rec_chest2kg_align_y+0cm_yaw+0_ideal_ft_descent
ft_descent,42,l2_corner_stairs,2.0,0.0,5.0,goal,stopped 2 cm from the goal,51.18,1.0,1.9,3fdfe7a4bb56f27305d54613604bc3841ef67092448b9ab9ccf4fd2b526733cd,9aacbce0cb36,4654b83aea42,l2_corner_stairs_v30_rec_chest2kg_align_y+0cm_yaw+5_ideal_ft_descent
ft_descent,42,l2_corner_stairs,2.0,10.0,-5.0,path_exit,"segment 2 (stairs_up), follow",32.78,0.3214,579.3,3fdfe7a4bb56f27305d54613604bc3841ef67092448b9ab9ccf4fd2b526733cd,9aacbce0cb36,4654b83aea42,l2_corner_stairs_v30_rec_chest2kg_align_y+10cm_yaw-5_ideal_ft_descent
ft_descent,42,l2_corner_stairs,2.0,10.0,0.0,goal,stopped 1 cm from the goal,56.58,1.0,1.3,3fdfe7a4bb56f27305d54613604bc3841ef67092448b9ab9ccf4fd2b526733cd,9aacbce0cb36,4654b83aea42,l2_corner_stairs_v30_rec_chest2kg_align_y+10cm_yaw+0_ideal_ft_descent
ft_descent,42,l2_corner_stairs,2.0,10.0,5.0,goal,stopped 4 cm from the goal,41.84,1.0,4.4,3fdfe7a4bb56f27305d54613604bc3841ef67092448b9ab9ccf4fd2b526733cd,9aacbce0cb36,4654b83aea42,l2_corner_stairs_v30_rec_chest2kg_align_y+10cm_yaw+5_ideal_ft_descent
ft_descent,42,l2_corner_stairs,5.0,-10.0,-5.0,goal,stopped 1 cm from the goal,35.54,1.0,1.4,3fdfe7a4bb56f27305d54613604bc3841ef67092448b9ab9ccf4fd2b526733cd,9aacbce0cb36,4654b83aea42,l2_corner_stairs_v30_rec_chest5kg_align_y-10cm_yaw-5_ideal_ft_descent
ft_descent,42,l2_corner_stairs,5.0,-10.0,0.0,goal,stopped 2 cm from the goal,38.64,1.0,1.9,3fdfe7a4bb56f27305d54613604bc3841ef67092448b9ab9ccf4fd2b526733cd,9aacbce0cb36,4654b83aea42,l2_corner_stairs_v30_rec_chest5kg_align_y-10cm_yaw+0_ideal_ft_descent
ft_descent,42,l2_corner_stairs,5.0,-10.0,5.0,goal,stopped 1 cm from the goal,43.06,1.0,0.8,3fdfe7a4bb56f27305d54613604bc3841ef67092448b9ab9ccf4fd2b526733cd,9aacbce0cb36,4654b83aea42,l2_corner_stairs_v30_rec_chest5kg_align_y-10cm_yaw+5_ideal_ft_descent
ft_descent,42,l2_corner_stairs,5.0,0.0,-5.0,goal,stopped 1 cm from the goal,38.48,1.0,1.4,3fdfe7a4bb56f27305d54613604bc3841ef67092448b9ab9ccf4fd2b526733cd,9aacbce0cb36,4654b83aea42,l2_corner_stairs_v30_rec_chest5kg_align_y+0cm_yaw-5_ideal_ft_descent
ft_descent,42,l2_corner_stairs,5.0,0.0,0.0,goal,stopped 1 cm from the goal,36.9,1.0,1.1,3fdfe7a4bb56f27305d54613604bc3841ef67092448b9ab9ccf4fd2b526733cd,9aacbce0cb36,4654b83aea42,l2_corner_stairs_v30_rec_chest5kg_align_y+0cm_yaw+0_ideal_ft_descent
ft_descent,42,l2_corner_stairs,5.0,0.0,5.0,goal,stopped 3 cm from the goal,50.7,1.0,3.2,3fdfe7a4bb56f27305d54613604bc3841ef67092448b9ab9ccf4fd2b526733cd,9aacbce0cb36,4654b83aea42,l2_corner_stairs_v30_rec_chest5kg_align_y+0cm_yaw+5_ideal_ft_descent
ft_descent,42,l2_corner_stairs,5.0,10.0,-5.0,goal,stopped 1 cm from the goal,39.56,1.0,0.6,3fdfe7a4bb56f27305d54613604bc3841ef67092448b9ab9ccf4fd2b526733cd,9aacbce0cb36,4654b83aea42,l2_corner_stairs_v30_rec_chest5kg_align_y+10cm_yaw-5_ideal_ft_descent
ft_descent,42,l2_corner_stairs,5.0,10.0,0.0,goal,stopped 2 cm from the goal,42.86,1.0,2.4,3fdfe7a4bb56f27305d54613604bc3841ef67092448b9ab9ccf4fd2b526733cd,9aacbce0cb36,4654b83aea42,l2_corner_stairs_v30_rec_chest5kg_align_y+10cm_yaw+0_ideal_ft_descent
ft_descent,42,l2_corner_stairs,5.0,10.0,5.0,goal,stopped 2 cm from the goal,50.78,1.0,2.1,3fdfe7a4bb56f27305d54613604bc3841ef67092448b9ab9ccf4fd2b526733cd,9aacbce0cb36,4654b83aea42,l2_corner_stairs_v30_rec_chest5kg_align_y+10cm_yaw+5_ideal_ft_descent
ft_descent,42,l2_corner_stairs,8.0,-10.0,-5.0,goal,stopped 3 cm from the goal,39.82,1.0,3.2,3fdfe7a4bb56f27305d54613604bc3841ef67092448b9ab9ccf4fd2b526733cd,9aacbce0cb36,4654b83aea42,l2_corner_stairs_v30_rec_chest8kg_align_y-10cm_yaw-5_ideal_ft_descent
ft_descent,42,l2_corner_stairs,8.0,-10.0,0.0,goal,stopped 1 cm from the goal,32.22,1.0,1.3,3fdfe7a4bb56f27305d54613604bc3841ef67092448b9ab9ccf4fd2b526733cd,9aacbce0cb36,4654b83aea42,l2_corner_stairs_v30_rec_chest8kg_align_y-10cm_yaw+0_ideal_ft_descent
ft_descent,42,l2_corner_stairs,8.0,-10.0,5.0,goal,stopped 1 cm from the goal,33.72,1.0,0.8,3fdfe7a4bb56f27305d54613604bc3841ef67092448b9ab9ccf4fd2b526733cd,9aacbce0cb36,4654b83aea42,l2_corner_stairs_v30_rec_chest8kg_align_y-10cm_yaw+5_ideal_ft_descent
ft_descent,42,l2_corner_stairs,8.0,0.0,-5.0,goal,stopped 2 cm from the goal,31.34,1.0,1.6,3fdfe7a4bb56f27305d54613604bc3841ef67092448b9ab9ccf4fd2b526733cd,9aacbce0cb36,4654b83aea42,l2_corner_stairs_v30_rec_chest8kg_align_y+0cm_yaw-5_ideal_ft_descent
ft_descent,42,l2_corner_stairs,8.0,0.0,0.0,goal,stopped 1 cm from the goal,30.04,1.0,0.9,3fdfe7a4bb56f27305d54613604bc3841ef67092448b9ab9ccf4fd2b526733cd,9aacbce0cb36,4654b83aea42,l2_corner_stairs_v30_rec_chest8kg_align_y+0cm_yaw+0_ideal_ft_descent
ft_descent,42,l2_corner_stairs,8.0,0.0,5.0,goal,stopped 2 cm from the goal,31.68,1.0,2.1,3fdfe7a4bb56f27305d54613604bc3841ef67092448b9ab9ccf4fd2b526733cd,9aacbce0cb36,4654b83aea42,l2_corner_stairs_v30_rec_chest8kg_align_y+0cm_yaw+5_ideal_ft_descent
ft_descent,42,l2_corner_stairs,8.0,10.0,-5.0,goal,stopped 2 cm from the goal,33.3,1.0,2.0,3fdfe7a4bb56f27305d54613604bc3841ef67092448b9ab9ccf4fd2b526733cd,9aacbce0cb36,4654b83aea42,l2_corner_stairs_v30_rec_chest8kg_align_y+10cm_yaw-5_ideal_ft_descent
ft_descent,42,l2_corner_stairs,8.0,10.0,0.0,path_exit,"segment 2 (stairs_up), follow",16.78,0.4896,448.6,3fdfe7a4bb56f27305d54613604bc3841ef67092448b9ab9ccf4fd2b526733cd,9aacbce0cb36,4654b83aea42,l2_corner_stairs_v30_rec_chest8kg_align_y+10cm_yaw+0_ideal_ft_descent
ft_descent,42,l2_corner_stairs,8.0,10.0,5.0,goal,stopped 2 cm from the goal,36.72,1.0,1.9,3fdfe7a4bb56f27305d54613604bc3841ef67092448b9ab9ccf4fd2b526733cd,9aacbce0cb36,4654b83aea42,l2_corner_stairs_v30_rec_chest8kg_align_y+10cm_yaw+5_ideal_ft_descent
ft_descent,42,l4_factory_route,,-10.0,-5.0,stuck,"segment 0 (flat), follow",36.68,0.0895,852.8,3fdfe7a4bb56f27305d54613604bc3841ef67092448b9ab9ccf4fd2b526733cd,9aacbce0cb36,4654b83aea42,l4_factory_route_v30_rec_align_y-10cm_yaw-5_ideal_ft_descent
ft_descent,42,l4_factory_route,,-10.0,-2.5,stuck,"segment 0 (flat), follow",43.0,0.0877,854.5,3fdfe7a4bb56f27305d54613604bc3841ef67092448b9ab9ccf4fd2b526733cd,9aacbce0cb36,4654b83aea42,l4_factory_route_v30_rec_align_y-10cm_yaw-2.5_ideal_ft_descent
ft_descent,42,l4_factory_route,,-10.0,0.0,stuck,"segment 1 (stairs_up), follow",79.24,0.1003,860.3,3fdfe7a4bb56f27305d54613604bc3841ef67092448b9ab9ccf4fd2b526733cd,9aacbce0cb36,4654b83aea42,l4_factory_route_v30_rec_align_y-10cm_yaw+0_ideal_ft_descent
ft_descent,42,l4_factory_route,,-10.0,2.5,stuck,"segment 0 (flat), follow",48.96,0.0908,850.2,3fdfe7a4bb56f27305d54613604bc3841ef67092448b9ab9ccf4fd2b526733cd,9aacbce0cb36,4654b83aea42,l4_factory_route_v30_rec_align_y-10cm_yaw+2.5_ideal_ft_descent
ft_descent,42,l4_factory_route,,-10.0,5.0,stuck,"segment 0 (flat), follow",43.48,0.0841,856.3,3fdfe7a4bb56f27305d54613604bc3841ef67092448b9ab9ccf4fd2b526733cd,9aacbce0cb36,4654b83aea42,l4_factory_route_v30_rec_align_y-10cm_yaw+5_ideal_ft_descent
ft_descent,42,l4_factory_route,,-5.0,-5.0,stuck,"segment 5 (stairs_up), follow",112.66,0.3139,563.7,3fdfe7a4bb56f27305d54613604bc3841ef67092448b9ab9ccf4fd2b526733cd,9aacbce0cb36,4654b83aea42,l4_factory_route_v30_rec_align_y-5cm_yaw-5_ideal_ft_descent
ft_descent,42,l4_factory_route,,-5.0,-2.5,path_exit,"segment 1 (stairs_up), follow",43.66,0.1354,831.4,3fdfe7a4bb56f27305d54613604bc3841ef67092448b9ab9ccf4fd2b526733cd,9aacbce0cb36,4654b83aea42,l4_factory_route_v30_rec_align_y-5cm_yaw-2.5_ideal_ft_descent
ft_descent,42,l4_factory_route,,-5.0,0.0,stuck,"segment 1 (stairs_up), follow",43.16,0.1003,849.5,3fdfe7a4bb56f27305d54613604bc3841ef67092448b9ab9ccf4fd2b526733cd,9aacbce0cb36,4654b83aea42,l4_factory_route_v30_rec_align_y-5cm_yaw+0_ideal_ft_descent
ft_descent,42,l4_factory_route,,-5.0,2.5,stuck,"segment 0 (flat), follow",57.44,0.0909,849.7,3fdfe7a4bb56f27305d54613604bc3841ef67092448b9ab9ccf4fd2b526733cd,9aacbce0cb36,4654b83aea42,l4_factory_route_v30_rec_align_y-5cm_yaw+2.5_ideal_ft_descent
ft_descent,42,l4_factory_route,,-5.0,5.0,stuck,"segment 1 (stairs_up), follow",51.32,0.1003,852.9,3fdfe7a4bb56f27305d54613604bc3841ef67092448b9ab9ccf4fd2b526733cd,9aacbce0cb36,4654b83aea42,l4_factory_route_v30_rec_align_y-5cm_yaw+5_ideal_ft_descent
ft_descent,42,l4_factory_route,,0.0,-5.0,stuck,"segment 0 (flat), follow",36.56,0.0908,849.6,3fdfe7a4bb56f27305d54613604bc3841ef67092448b9ab9ccf4fd2b526733cd,9aacbce0cb36,4654b83aea42,l4_factory_route_v30_rec_align_y+0cm_yaw-5_ideal_ft_descent
ft_descent,42,l4_factory_route,,0.0,-2.5,stuck,"segment 1 (stairs_up), follow",42.64,0.1003,853.5,3fdfe7a4bb56f27305d54613604bc3841ef67092448b9ab9ccf4fd2b526733cd,9aacbce0cb36,4654b83aea42,l4_factory_route_v30_rec_align_y+0cm_yaw-2.5_ideal_ft_descent
ft_descent,42,l4_factory_route,,0.0,0.0,stuck,"segment 0 (flat), follow",34.16,0.0774,870.6,3fdfe7a4bb56f27305d54613604bc3841ef67092448b9ab9ccf4fd2b526733cd,9aacbce0cb36,4654b83aea42,l4_factory_route_v30_rec_align_y+0cm_yaw+0_ideal_ft_descent
ft_descent,42,l4_factory_route,,0.0,2.5,stuck,"segment 0 (flat), follow",58.5,0.0934,842.4,3fdfe7a4bb56f27305d54613604bc3841ef67092448b9ab9ccf4fd2b526733cd,9aacbce0cb36,4654b83aea42,l4_factory_route_v30_rec_align_y+0cm_yaw+2.5_ideal_ft_descent
ft_descent,42,l4_factory_route,,0.0,5.0,stuck,"segment 0 (flat), follow",56.08,0.0871,851.2,3fdfe7a4bb56f27305d54613604bc3841ef67092448b9ab9ccf4fd2b526733cd,9aacbce0cb36,4654b83aea42,l4_factory_route_v30_rec_align_y+0cm_yaw+5_ideal_ft_descent
ft_descent,42,l4_factory_route,,5.0,-5.0,stuck,"segment 0 (flat), follow",72.7,0.0895,853.9,3fdfe7a4bb56f27305d54613604bc3841ef67092448b9ab9ccf4fd2b526733cd,9aacbce0cb36,4654b83aea42,l4_factory_route_v30_rec_align_y+5cm_yaw-5_ideal_ft_descent
ft_descent,42,l4_factory_route,,5.0,-2.5,stuck,"segment 0 (flat), follow",58.24,0.0923,845.6,3fdfe7a4bb56f27305d54613604bc3841ef67092448b9ab9ccf4fd2b526733cd,9aacbce0cb36,4654b83aea42,l4_factory_route_v30_rec_align_y+5cm_yaw-2.5_ideal_ft_descent
ft_descent,42,l4_factory_route,,5.0,0.0,stuck,"segment 1 (stairs_up), follow",43.8,0.1003,853.2,3fdfe7a4bb56f27305d54613604bc3841ef67092448b9ab9ccf4fd2b526733cd,9aacbce0cb36,4654b83aea42,l4_factory_route_v30_rec_align_y+5cm_yaw+0_ideal_ft_descent
ft_descent,42,l4_factory_route,,5.0,2.5,stuck,"segment 0 (flat), follow",47.48,0.0741,875.2,3fdfe7a4bb56f27305d54613604bc3841ef67092448b9ab9ccf4fd2b526733cd,9aacbce0cb36,4654b83aea42,l4_factory_route_v30_rec_align_y+5cm_yaw+2.5_ideal_ft_descent
ft_descent,42,l4_factory_route,,5.0,5.0,stuck,"segment 0 (flat), follow",39.98,0.0685,884.1,3fdfe7a4bb56f27305d54613604bc3841ef67092448b9ab9ccf4fd2b526733cd,9aacbce0cb36,4654b83aea42,l4_factory_route_v30_rec_align_y+5cm_yaw+5_ideal_ft_descent
ft_descent,42,l4_factory_route,,10.0,-5.0,stuck,"segment 4 (flat), follow",83.68,0.3009,603.2,3fdfe7a4bb56f27305d54613604bc3841ef67092448b9ab9ccf4fd2b526733cd,9aacbce0cb36,4654b83aea42,l4_factory_route_v30_rec_align_y+10cm_yaw-5_ideal_ft_descent
ft_descent,42,l4_factory_route,,10.0,-2.5,stuck,"segment 1 (stairs_up), follow",46.3,0.1003,852.6,3fdfe7a4bb56f27305d54613604bc3841ef67092448b9ab9ccf4fd2b526733cd,9aacbce0cb36,4654b83aea42,l4_factory_route_v30_rec_align_y+10cm_yaw-2.5_ideal_ft_descent
ft_descent,42,l4_factory_route,,10.0,0.0,stuck,"segment 0 (flat), follow",55.82,0.0744,875.7,3fdfe7a4bb56f27305d54613604bc3841ef67092448b9ab9ccf4fd2b526733cd,9aacbce0cb36,4654b83aea42,l4_factory_route_v30_rec_align_y+10cm_yaw+0_ideal_ft_descent
ft_descent,42,l4_factory_route,,10.0,2.5,stuck,"segment 0 (flat), follow",41.38,0.0842,856.5,3fdfe7a4bb56f27305d54613604bc3841ef67092448b9ab9ccf4fd2b526733cd,9aacbce0cb36,4654b83aea42,l4_factory_route_v30_rec_align_y+10cm_yaw+2.5_ideal_ft_descent
ft_descent,42,l4_factory_route,,10.0,5.0,stuck,"segment 0 (flat), follow",31.56,0.0637,890.1,3fdfe7a4bb56f27305d54613604bc3841ef67092448b9ab9ccf4fd2b526733cd,9aacbce0cb36,4654b83aea42,l4_factory_route_v30_rec_align_y+10cm_yaw+5_ideal_ft_descent
ft_descent,42,l4_factory_route,12.0,-10.0,-5.0,path_exit,"segment 2 (flat), turn",11.72,0.2237,653.1,3fdfe7a4bb56f27305d54613604bc3841ef67092448b9ab9ccf4fd2b526733cd,9aacbce0cb36,4654b83aea42,l4_factory_route_v30_rec_chest12kg_align_y-10cm_yaw-5_ideal_ft_descent
ft_descent,42,l4_factory_route,12.0,-10.0,-2.5,path_exit,"segment 4 (flat), follow",15.62,0.2919,545.7,3fdfe7a4bb56f27305d54613604bc3841ef67092448b9ab9ccf4fd2b526733cd,9aacbce0cb36,4654b83aea42,l4_factory_route_v30_rec_chest12kg_align_y-10cm_yaw-2.5_ideal_ft_descent
ft_descent,42,l4_factory_route,12.0,-10.0,0.0,path_exit,"segment 3 (flat), turn",17.24,0.2839,537.3,3fdfe7a4bb56f27305d54613604bc3841ef67092448b9ab9ccf4fd2b526733cd,9aacbce0cb36,4654b83aea42,l4_factory_route_v30_rec_chest12kg_align_y-10cm_yaw+0_ideal_ft_descent
ft_descent,42,l4_factory_route,12.0,-10.0,2.5,path_exit,"segment 2 (flat), turn",10.86,0.2237,641.4,3fdfe7a4bb56f27305d54613604bc3841ef67092448b9ab9ccf4fd2b526733cd,9aacbce0cb36,4654b83aea42,l4_factory_route_v30_rec_chest12kg_align_y-10cm_yaw+2.5_ideal_ft_descent
ft_descent,42,l4_factory_route,12.0,-10.0,5.0,path_exit,"segment 4 (flat), follow",16.6,0.2921,546.1,3fdfe7a4bb56f27305d54613604bc3841ef67092448b9ab9ccf4fd2b526733cd,9aacbce0cb36,4654b83aea42,l4_factory_route_v30_rec_chest12kg_align_y-10cm_yaw+5_ideal_ft_descent
ft_descent,42,l4_factory_route,12.0,-5.0,-5.0,path_exit,"segment 2 (flat), turn",19.36,0.2237,641.7,3fdfe7a4bb56f27305d54613604bc3841ef67092448b9ab9ccf4fd2b526733cd,9aacbce0cb36,4654b83aea42,l4_factory_route_v30_rec_chest12kg_align_y-5cm_yaw-5_ideal_ft_descent
ft_descent,42,l4_factory_route,12.0,-5.0,-2.5,path_exit,"segment 3 (flat), follow",11.64,0.2259,642.6,3fdfe7a4bb56f27305d54613604bc3841ef67092448b9ab9ccf4fd2b526733cd,9aacbce0cb36,4654b83aea42,l4_factory_route_v30_rec_chest12kg_align_y-5cm_yaw-2.5_ideal_ft_descent
ft_descent,42,l4_factory_route,12.0,-5.0,0.0,path_exit,"segment 2 (flat), turn",11.7,0.2237,645.1,3fdfe7a4bb56f27305d54613604bc3841ef67092448b9ab9ccf4fd2b526733cd,9aacbce0cb36,4654b83aea42,l4_factory_route_v30_rec_chest12kg_align_y-5cm_yaw+0_ideal_ft_descent
ft_descent,42,l4_factory_route,12.0,-5.0,2.5,path_exit,"segment 3 (flat), turn",17.6,0.2839,544.0,3fdfe7a4bb56f27305d54613604bc3841ef67092448b9ab9ccf4fd2b526733cd,9aacbce0cb36,4654b83aea42,l4_factory_route_v30_rec_chest12kg_align_y-5cm_yaw+2.5_ideal_ft_descent
ft_descent,42,l4_factory_route,12.0,-5.0,5.0,path_exit,"segment 2 (flat), turn",11.84,0.2237,639.6,3fdfe7a4bb56f27305d54613604bc3841ef67092448b9ab9ccf4fd2b526733cd,9aacbce0cb36,4654b83aea42,l4_factory_route_v30_rec_chest12kg_align_y-5cm_yaw+5_ideal_ft_descent
ft_descent,42,l4_factory_route,12.0,0.0,-5.0,path_exit,"segment 3 (flat), turn",16.36,0.2839,527.9,3fdfe7a4bb56f27305d54613604bc3841ef67092448b9ab9ccf4fd2b526733cd,9aacbce0cb36,4654b83aea42,l4_factory_route_v30_rec_chest12kg_align_y+0cm_yaw-5_ideal_ft_descent
ft_descent,42,l4_factory_route,12.0,0.0,-2.5,path_exit,"segment 2 (flat), turn",13.96,0.2237,645.7,3fdfe7a4bb56f27305d54613604bc3841ef67092448b9ab9ccf4fd2b526733cd,9aacbce0cb36,4654b83aea42,l4_factory_route_v30_rec_chest12kg_align_y+0cm_yaw-2.5_ideal_ft_descent
ft_descent,42,l4_factory_route,12.0,0.0,0.0,path_exit,"segment 3 (flat), turn",15.8,0.2839,542.8,3fdfe7a4bb56f27305d54613604bc3841ef67092448b9ab9ccf4fd2b526733cd,9aacbce0cb36,4654b83aea42,l4_factory_route_v30_rec_chest12kg_align_y+0cm_yaw+0_ideal_ft_descent
ft_descent,42,l4_factory_route,12.0,0.0,2.5,path_exit,"segment 2 (flat), turn",11.24,0.2237,641.6,3fdfe7a4bb56f27305d54613604bc3841ef67092448b9ab9ccf4fd2b526733cd,9aacbce0cb36,4654b83aea42,l4_factory_route_v30_rec_chest12kg_align_y+0cm_yaw+2.5_ideal_ft_descent
ft_descent,42,l4_factory_route,12.0,0.0,5.0,path_exit,"segment 3 (flat), turn",16.44,0.2839,533.4,3fdfe7a4bb56f27305d54613604bc3841ef67092448b9ab9ccf4fd2b526733cd,9aacbce0cb36,4654b83aea42,l4_factory_route_v30_rec_chest12kg_align_y+0cm_yaw+5_ideal_ft_descent
ft_descent,42,l4_factory_route,12.0,5.0,-5.0,path_exit,"segment 2 (flat), turn",12.96,0.2237,650.6,3fdfe7a4bb56f27305d54613604bc3841ef67092448b9ab9ccf4fd2b526733cd,9aacbce0cb36,4654b83aea42,l4_factory_route_v30_rec_chest12kg_align_y+5cm_yaw-5_ideal_ft_descent
ft_descent,42,l4_factory_route,12.0,5.0,-2.5,path_exit,"segment 3 (flat), follow",13.54,0.2257,643.3,3fdfe7a4bb56f27305d54613604bc3841ef67092448b9ab9ccf4fd2b526733cd,9aacbce0cb36,4654b83aea42,l4_factory_route_v30_rec_chest12kg_align_y+5cm_yaw-2.5_ideal_ft_descent
ft_descent,42,l4_factory_route,12.0,5.0,0.0,path_exit,"segment 3 (flat), turn",16.28,0.2839,540.5,3fdfe7a4bb56f27305d54613604bc3841ef67092448b9ab9ccf4fd2b526733cd,9aacbce0cb36,4654b83aea42,l4_factory_route_v30_rec_chest12kg_align_y+5cm_yaw+0_ideal_ft_descent
ft_descent,42,l4_factory_route,12.0,5.0,2.5,path_exit,"segment 3 (flat), follow",11.7,0.2263,642.2,3fdfe7a4bb56f27305d54613604bc3841ef67092448b9ab9ccf4fd2b526733cd,9aacbce0cb36,4654b83aea42,l4_factory_route_v30_rec_chest12kg_align_y+5cm_yaw+2.5_ideal_ft_descent
ft_descent,42,l4_factory_route,12.0,5.0,5.0,path_exit,"segment 2 (flat), turn",11.2,0.2237,639.1,3fdfe7a4bb56f27305d54613604bc3841ef67092448b9ab9ccf4fd2b526733cd,9aacbce0cb36,4654b83aea42,l4_factory_route_v30_rec_chest12kg_align_y+5cm_yaw+5_ideal_ft_descent
ft_descent,42,l4_factory_route,12.0,10.0,-5.0,path_exit,"segment 4 (flat), follow",17.26,0.2916,545.3,3fdfe7a4bb56f27305d54613604bc3841ef67092448b9ab9ccf4fd2b526733cd,9aacbce0cb36,4654b83aea42,l4_factory_route_v30_rec_chest12kg_align_y+10cm_yaw-5_ideal_ft_descent
ft_descent,42,l4_factory_route,12.0,10.0,-2.5,path_exit,"segment 2 (flat), turn",15.74,0.2237,640.9,3fdfe7a4bb56f27305d54613604bc3841ef67092448b9ab9ccf4fd2b526733cd,9aacbce0cb36,4654b83aea42,l4_factory_route_v30_rec_chest12kg_align_y+10cm_yaw-2.5_ideal_ft_descent
ft_descent,42,l4_factory_route,12.0,10.0,0.0,path_exit,"segment 3 (flat), turn",16.8,0.2839,539.1,3fdfe7a4bb56f27305d54613604bc3841ef67092448b9ab9ccf4fd2b526733cd,9aacbce0cb36,4654b83aea42,l4_factory_route_v30_rec_chest12kg_align_y+10cm_yaw+0_ideal_ft_descent
ft_descent,42,l4_factory_route,12.0,10.0,2.5,path_exit,"segment 2 (flat), turn",11.28,0.2237,642.5,3fdfe7a4bb56f27305d54613604bc3841ef67092448b9ab9ccf4fd2b526733cd,9aacbce0cb36,4654b83aea42,l4_factory_route_v30_rec_chest12kg_align_y+10cm_yaw+2.5_ideal_ft_descent
ft_descent,42,l4_factory_route,12.0,10.0,5.0,path_exit,"segment 3 (flat), follow",11.76,0.2278,639.4,3fdfe7a4bb56f27305d54613604bc3841ef67092448b9ab9ccf4fd2b526733cd,9aacbce0cb36,4654b83aea42,l4_factory_route_v30_rec_chest12kg_align_y+10cm_yaw+5_ideal_ft_descent
ft_descent,42,l4_factory_route,2.0,-10.0,-5.0,goal,stopped 1 cm from the goal,88.16,1.0,1.3,3fdfe7a4bb56f27305d54613604bc3841ef67092448b9ab9ccf4fd2b526733cd,9aacbce0cb36,4654b83aea42,l4_factory_route_v30_rec_chest2kg_align_y-10cm_yaw-5_ideal_ft_descent
ft_descent,42,l4_factory_route,2.0,-10.0,-2.5,goal,stopped 5 cm from the goal,88.88,1.0,4.7,3fdfe7a4bb56f27305d54613604bc3841ef67092448b9ab9ccf4fd2b526733cd,9aacbce0cb36,4654b83aea42,l4_factory_route_v30_rec_chest2kg_align_y-10cm_yaw-2.5_ideal_ft_descent
ft_descent,42,l4_factory_route,2.0,-10.0,0.0,goal,stopped 2 cm from the goal,101.4,1.0,1.9,3fdfe7a4bb56f27305d54613604bc3841ef67092448b9ab9ccf4fd2b526733cd,9aacbce0cb36,4654b83aea42,l4_factory_route_v30_rec_chest2kg_align_y-10cm_yaw+0_ideal_ft_descent
ft_descent,42,l4_factory_route,2.0,-10.0,2.5,goal,stopped 2 cm from the goal,78.42,1.0,2.0,3fdfe7a4bb56f27305d54613604bc3841ef67092448b9ab9ccf4fd2b526733cd,9aacbce0cb36,4654b83aea42,l4_factory_route_v30_rec_chest2kg_align_y-10cm_yaw+2.5_ideal_ft_descent
ft_descent,42,l4_factory_route,2.0,-10.0,5.0,goal,stopped 2 cm from the goal,91.42,1.0,2.0,3fdfe7a4bb56f27305d54613604bc3841ef67092448b9ab9ccf4fd2b526733cd,9aacbce0cb36,4654b83aea42,l4_factory_route_v30_rec_chest2kg_align_y-10cm_yaw+5_ideal_ft_descent
ft_descent,42,l4_factory_route,2.0,-5.0,-5.0,goal,stopped 2 cm from the goal,83.38,1.0,1.7,3fdfe7a4bb56f27305d54613604bc3841ef67092448b9ab9ccf4fd2b526733cd,9aacbce0cb36,4654b83aea42,l4_factory_route_v30_rec_chest2kg_align_y-5cm_yaw-5_ideal_ft_descent
ft_descent,42,l4_factory_route,2.0,-5.0,-2.5,goal,stopped 2 cm from the goal,93.2,1.0,1.8,3fdfe7a4bb56f27305d54613604bc3841ef67092448b9ab9ccf4fd2b526733cd,9aacbce0cb36,4654b83aea42,l4_factory_route_v30_rec_chest2kg_align_y-5cm_yaw-2.5_ideal_ft_descent
ft_descent,42,l4_factory_route,2.0,-5.0,0.0,path_exit,"segment 5 (stairs_up), follow",39.88,0.3139,534.8,3fdfe7a4bb56f27305d54613604bc3841ef67092448b9ab9ccf4fd2b526733cd,9aacbce0cb36,4654b83aea42,l4_factory_route_v30_rec_chest2kg_align_y-5cm_yaw+0_ideal_ft_descent
ft_descent,42,l4_factory_route,2.0,-5.0,2.5,goal,stopped 6 cm from the goal,97.08,1.0,5.5,3fdfe7a4bb56f27305d54613604bc3841ef67092448b9ab9ccf4fd2b526733cd,9aacbce0cb36,4654b83aea42,l4_factory_route_v30_rec_chest2kg_align_y-5cm_yaw+2.5_ideal_ft_descent
ft_descent,42,l4_factory_route,2.0,-5.0,5.0,goal,stopped 2 cm from the goal,109.52,1.0,2.2,3fdfe7a4bb56f27305d54613604bc3841ef67092448b9ab9ccf4fd2b526733cd,9aacbce0cb36,4654b83aea42,l4_factory_route_v30_rec_chest2kg_align_y-5cm_yaw+5_ideal_ft_descent
ft_descent,42,l4_factory_route,2.0,0.0,-5.0,goal,stopped 2 cm from the goal,89.86,1.0,2.4,3fdfe7a4bb56f27305d54613604bc3841ef67092448b9ab9ccf4fd2b526733cd,9aacbce0cb36,4654b83aea42,l4_factory_route_v30_rec_chest2kg_align_y+0cm_yaw-5_ideal_ft_descent
ft_descent,42,l4_factory_route,2.0,0.0,-2.5,goal,stopped 1 cm from the goal,93.28,1.0,1.3,3fdfe7a4bb56f27305d54613604bc3841ef67092448b9ab9ccf4fd2b526733cd,9aacbce0cb36,4654b83aea42,l4_factory_route_v30_rec_chest2kg_align_y+0cm_yaw-2.5_ideal_ft_descent
ft_descent,42,l4_factory_route,2.0,0.0,0.0,goal,stopped 3 cm from the goal,81.68,1.0,2.6,3fdfe7a4bb56f27305d54613604bc3841ef67092448b9ab9ccf4fd2b526733cd,9aacbce0cb36,4654b83aea42,l4_factory_route_v30_rec_chest2kg_align_y+0cm_yaw+0_ideal_ft_descent
ft_descent,42,l4_factory_route,2.0,0.0,2.5,goal,stopped 3 cm from the goal,88.02,1.0,2.5,3fdfe7a4bb56f27305d54613604bc3841ef67092448b9ab9ccf4fd2b526733cd,9aacbce0cb36,4654b83aea42,l4_factory_route_v30_rec_chest2kg_align_y+0cm_yaw+2.5_ideal_ft_descent
ft_descent,42,l4_factory_route,2.0,0.0,5.0,path_exit,"segment 9 (stairs_down), follow",69.88,0.7883,262.5,3fdfe7a4bb56f27305d54613604bc3841ef67092448b9ab9ccf4fd2b526733cd,9aacbce0cb36,4654b83aea42,l4_factory_route_v30_rec_chest2kg_align_y+0cm_yaw+5_ideal_ft_descent
ft_descent,42,l4_factory_route,2.0,5.0,-5.0,goal,stopped 3 cm from the goal,85.82,1.0,2.6,3fdfe7a4bb56f27305d54613604bc3841ef67092448b9ab9ccf4fd2b526733cd,9aacbce0cb36,4654b83aea42,l4_factory_route_v30_rec_chest2kg_align_y+5cm_yaw-5_ideal_ft_descent
ft_descent,42,l4_factory_route,2.0,5.0,-2.5,goal,stopped 1 cm from the goal,81.44,1.0,0.6,3fdfe7a4bb56f27305d54613604bc3841ef67092448b9ab9ccf4fd2b526733cd,9aacbce0cb36,4654b83aea42,l4_factory_route_v30_rec_chest2kg_align_y+5cm_yaw-2.5_ideal_ft_descent
ft_descent,42,l4_factory_route,2.0,5.0,0.0,goal,stopped 2 cm from the goal,78.92,1.0,1.7,3fdfe7a4bb56f27305d54613604bc3841ef67092448b9ab9ccf4fd2b526733cd,9aacbce0cb36,4654b83aea42,l4_factory_route_v30_rec_chest2kg_align_y+5cm_yaw+0_ideal_ft_descent
ft_descent,42,l4_factory_route,2.0,5.0,2.5,goal,stopped 1 cm from the goal,93.78,1.0,1.1,3fdfe7a4bb56f27305d54613604bc3841ef67092448b9ab9ccf4fd2b526733cd,9aacbce0cb36,4654b83aea42,l4_factory_route_v30_rec_chest2kg_align_y+5cm_yaw+2.5_ideal_ft_descent
ft_descent,42,l4_factory_route,2.0,5.0,5.0,goal,stopped 1 cm from the goal,105.1,1.0,1.3,3fdfe7a4bb56f27305d54613604bc3841ef67092448b9ab9ccf4fd2b526733cd,9aacbce0cb36,4654b83aea42,l4_factory_route_v30_rec_chest2kg_align_y+5cm_yaw+5_ideal_ft_descent
ft_descent,42,l4_factory_route,2.0,10.0,-5.0,goal,stopped 2 cm from the goal,112.02,1.0,2.5,3fdfe7a4bb56f27305d54613604bc3841ef67092448b9ab9ccf4fd2b526733cd,9aacbce0cb36,4654b83aea42,l4_factory_route_v30_rec_chest2kg_align_y+10cm_yaw-5_ideal_ft_descent
ft_descent,42,l4_factory_route,2.0,10.0,-2.5,goal,stopped 2 cm from the goal,90.28,1.0,2.5,3fdfe7a4bb56f27305d54613604bc3841ef67092448b9ab9ccf4fd2b526733cd,9aacbce0cb36,4654b83aea42,l4_factory_route_v30_rec_chest2kg_align_y+10cm_yaw-2.5_ideal_ft_descent
ft_descent,42,l4_factory_route,2.0,10.0,0.0,goal,stopped 1 cm from the goal,93.02,1.0,1.5,3fdfe7a4bb56f27305d54613604bc3841ef67092448b9ab9ccf4fd2b526733cd,9aacbce0cb36,4654b83aea42,l4_factory_route_v30_rec_chest2kg_align_y+10cm_yaw+0_ideal_ft_descent
ft_descent,42,l4_factory_route,2.0,10.0,2.5,goal,stopped 3 cm from the goal,88.18,1.0,2.6,3fdfe7a4bb56f27305d54613604bc3841ef67092448b9ab9ccf4fd2b526733cd,9aacbce0cb36,4654b83aea42,l4_factory_route_v30_rec_chest2kg_align_y+10cm_yaw+2.5_ideal_ft_descent
ft_descent,42,l4_factory_route,2.0,10.0,5.0,fall,segment 5 (stairs_up),44.24,0.3139,520.9,3fdfe7a4bb56f27305d54613604bc3841ef67092448b9ab9ccf4fd2b526733cd,9aacbce0cb36,4654b83aea42,l4_factory_route_v30_rec_chest2kg_align_y+10cm_yaw+5_ideal_ft_descent
ft_descent,42,l4_factory_route,5.0,-10.0,-5.0,goal,stopped 1 cm from the goal,66.4,1.0,1.4,3fdfe7a4bb56f27305d54613604bc3841ef67092448b9ab9ccf4fd2b526733cd,9aacbce0cb36,4654b83aea42,l4_factory_route_v30_rec_chest5kg_align_y-10cm_yaw-5_ideal_ft_descent
ft_descent,42,l4_factory_route,5.0,-10.0,-2.5,goal,stopped 5 cm from the goal,75.7,1.0,5.0,3fdfe7a4bb56f27305d54613604bc3841ef67092448b9ab9ccf4fd2b526733cd,9aacbce0cb36,4654b83aea42,l4_factory_route_v30_rec_chest5kg_align_y-10cm_yaw-2.5_ideal_ft_descent
ft_descent,42,l4_factory_route,5.0,-10.0,0.0,goal,stopped 4 cm from the goal,70.14,1.0,3.9,3fdfe7a4bb56f27305d54613604bc3841ef67092448b9ab9ccf4fd2b526733cd,9aacbce0cb36,4654b83aea42,l4_factory_route_v30_rec_chest5kg_align_y-10cm_yaw+0_ideal_ft_descent
ft_descent,42,l4_factory_route,5.0,-10.0,2.5,path_exit,"segment 9 (stairs_down), follow",51.46,0.7812,274.5,3fdfe7a4bb56f27305d54613604bc3841ef67092448b9ab9ccf4fd2b526733cd,9aacbce0cb36,4654b83aea42,l4_factory_route_v30_rec_chest5kg_align_y-10cm_yaw+2.5_ideal_ft_descent
ft_descent,42,l4_factory_route,5.0,-10.0,5.0,goal,stopped 5 cm from the goal,68.5,1.0,4.9,3fdfe7a4bb56f27305d54613604bc3841ef67092448b9ab9ccf4fd2b526733cd,9aacbce0cb36,4654b83aea42,l4_factory_route_v30_rec_chest5kg_align_y-10cm_yaw+5_ideal_ft_descent
ft_descent,42,l4_factory_route,5.0,-5.0,-5.0,goal,stopped 3 cm from the goal,71.78,1.0,3.3,3fdfe7a4bb56f27305d54613604bc3841ef67092448b9ab9ccf4fd2b526733cd,9aacbce0cb36,4654b83aea42,l4_factory_route_v30_rec_chest5kg_align_y-5cm_yaw-5_ideal_ft_descent
ft_descent,42,l4_factory_route,5.0,-5.0,-2.5,goal,stopped 4 cm from the goal,70.14,1.0,4.3,3fdfe7a4bb56f27305d54613604bc3841ef67092448b9ab9ccf4fd2b526733cd,9aacbce0cb36,4654b83aea42,l4_factory_route_v30_rec_chest5kg_align_y-5cm_yaw-2.5_ideal_ft_descent
ft_descent,42,l4_factory_route,5.0,-5.0,0.0,goal,stopped 2 cm from the goal,70.18,1.0,1.8,3fdfe7a4bb56f27305d54613604bc3841ef67092448b9ab9ccf4fd2b526733cd,9aacbce0cb36,4654b83aea42,l4_factory_route_v30_rec_chest5kg_align_y-5cm_yaw+0_ideal_ft_descent
ft_descent,42,l4_factory_route,5.0,-5.0,2.5,goal,stopped 2 cm from the goal,65.62,1.0,1.5,3fdfe7a4bb56f27305d54613604bc3841ef67092448b9ab9ccf4fd2b526733cd,9aacbce0cb36,4654b83aea42,l4_factory_route_v30_rec_chest5kg_align_y-5cm_yaw+2.5_ideal_ft_descent
ft_descent,42,l4_factory_route,5.0,-5.0,5.0,goal,stopped 6 cm from the goal,71.02,1.0,6.0,3fdfe7a4bb56f27305d54613604bc3841ef67092448b9ab9ccf4fd2b526733cd,9aacbce0cb36,4654b83aea42,l4_factory_route_v30_rec_chest5kg_align_y-5cm_yaw+5_ideal_ft_descent
ft_descent,42,l4_factory_route,5.0,0.0,-5.0,goal,stopped 4 cm from the goal,73.48,1.0,4.3,3fdfe7a4bb56f27305d54613604bc3841ef67092448b9ab9ccf4fd2b526733cd,9aacbce0cb36,4654b83aea42,l4_factory_route_v30_rec_chest5kg_align_y+0cm_yaw-5_ideal_ft_descent
ft_descent,42,l4_factory_route,5.0,0.0,-2.5,goal,stopped 2 cm from the goal,74.12,1.0,1.8,3fdfe7a4bb56f27305d54613604bc3841ef67092448b9ab9ccf4fd2b526733cd,9aacbce0cb36,4654b83aea42,l4_factory_route_v30_rec_chest5kg_align_y+0cm_yaw-2.5_ideal_ft_descent
ft_descent,42,l4_factory_route,5.0,0.0,0.0,goal,stopped 3 cm from the goal,75.84,1.0,3.0,3fdfe7a4bb56f27305d54613604bc3841ef67092448b9ab9ccf4fd2b526733cd,9aacbce0cb36,4654b83aea42,l4_factory_route_v30_rec_chest5kg_align_y+0cm_yaw+0_ideal_ft_descent
ft_descent,42,l4_factory_route,5.0,0.0,2.5,goal,stopped 1 cm from the goal,67.78,1.0,1.2,3fdfe7a4bb56f27305d54613604bc3841ef67092448b9ab9ccf4fd2b526733cd,9aacbce0cb36,4654b83aea42,l4_factory_route_v30_rec_chest5kg_align_y+0cm_yaw+2.5_ideal_ft_descent
ft_descent,42,l4_factory_route,5.0,0.0,5.0,fall,segment 9 (stairs_down),64.38,0.7577,315.5,3fdfe7a4bb56f27305d54613604bc3841ef67092448b9ab9ccf4fd2b526733cd,9aacbce0cb36,4654b83aea42,l4_factory_route_v30_rec_chest5kg_align_y+0cm_yaw+5_ideal_ft_descent
ft_descent,42,l4_factory_route,5.0,5.0,-5.0,path_exit,"segment 5 (stairs_up), follow",37.4,0.3139,576.0,3fdfe7a4bb56f27305d54613604bc3841ef67092448b9ab9ccf4fd2b526733cd,9aacbce0cb36,4654b83aea42,l4_factory_route_v30_rec_chest5kg_align_y+5cm_yaw-5_ideal_ft_descent
ft_descent,42,l4_factory_route,5.0,5.0,-2.5,goal,stopped 6 cm from the goal,70.08,1.0,5.6,3fdfe7a4bb56f27305d54613604bc3841ef67092448b9ab9ccf4fd2b526733cd,9aacbce0cb36,4654b83aea42,l4_factory_route_v30_rec_chest5kg_align_y+5cm_yaw-2.5_ideal_ft_descent
ft_descent,42,l4_factory_route,5.0,5.0,0.0,goal,stopped 7 cm from the goal,72.02,1.0,7.0,3fdfe7a4bb56f27305d54613604bc3841ef67092448b9ab9ccf4fd2b526733cd,9aacbce0cb36,4654b83aea42,l4_factory_route_v30_rec_chest5kg_align_y+5cm_yaw+0_ideal_ft_descent
ft_descent,42,l4_factory_route,5.0,5.0,2.5,goal,stopped 1 cm from the goal,82.24,1.0,0.6,3fdfe7a4bb56f27305d54613604bc3841ef67092448b9ab9ccf4fd2b526733cd,9aacbce0cb36,4654b83aea42,l4_factory_route_v30_rec_chest5kg_align_y+5cm_yaw+2.5_ideal_ft_descent
ft_descent,42,l4_factory_route,5.0,5.0,5.0,goal,stopped 6 cm from the goal,72.46,1.0,5.7,3fdfe7a4bb56f27305d54613604bc3841ef67092448b9ab9ccf4fd2b526733cd,9aacbce0cb36,4654b83aea42,l4_factory_route_v30_rec_chest5kg_align_y+5cm_yaw+5_ideal_ft_descent
ft_descent,42,l4_factory_route,5.0,10.0,-5.0,goal,stopped 11 cm from the goal,75.74,1.0,11.4,3fdfe7a4bb56f27305d54613604bc3841ef67092448b9ab9ccf4fd2b526733cd,9aacbce0cb36,4654b83aea42,l4_factory_route_v30_rec_chest5kg_align_y+10cm_yaw-5_ideal_ft_descent
ft_descent,42,l4_factory_route,5.0,10.0,-2.5,fall,segment 5 (stairs_up),35.9,0.348,697.3,3fdfe7a4bb56f27305d54613604bc3841ef67092448b9ab9ccf4fd2b526733cd,9aacbce0cb36,4654b83aea42,l4_factory_route_v30_rec_chest5kg_align_y+10cm_yaw-2.5_ideal_ft_descent
ft_descent,42,l4_factory_route,5.0,10.0,0.0,goal,stopped 7 cm from the goal,79.78,1.0,6.7,3fdfe7a4bb56f27305d54613604bc3841ef67092448b9ab9ccf4fd2b526733cd,9aacbce0cb36,4654b83aea42,l4_factory_route_v30_rec_chest5kg_align_y+10cm_yaw+0_ideal_ft_descent
ft_descent,42,l4_factory_route,5.0,10.0,2.5,goal,stopped 1 cm from the goal,78.98,1.0,1.1,3fdfe7a4bb56f27305d54613604bc3841ef67092448b9ab9ccf4fd2b526733cd,9aacbce0cb36,4654b83aea42,l4_factory_route_v30_rec_chest5kg_align_y+10cm_yaw+2.5_ideal_ft_descent
ft_descent,42,l4_factory_route,5.0,10.0,5.0,goal,stopped 3 cm from the goal,79.74,1.0,3.5,3fdfe7a4bb56f27305d54613604bc3841ef67092448b9ab9ccf4fd2b526733cd,9aacbce0cb36,4654b83aea42,l4_factory_route_v30_rec_chest5kg_align_y+10cm_yaw+5_ideal_ft_descent
ft_descent,42,l4_factory_route,8.0,-10.0,-5.0,goal,stopped 1 cm from the goal,69.54,1.0,0.8,3fdfe7a4bb56f27305d54613604bc3841ef67092448b9ab9ccf4fd2b526733cd,9aacbce0cb36,4654b83aea42,l4_factory_route_v30_rec_chest8kg_align_y-10cm_yaw-5_ideal_ft_descent
ft_descent,42,l4_factory_route,8.0,-10.0,-2.5,fall,segment 5 (stairs_up),24.46,0.3139,592.5,3fdfe7a4bb56f27305d54613604bc3841ef67092448b9ab9ccf4fd2b526733cd,9aacbce0cb36,4654b83aea42,l4_factory_route_v30_rec_chest8kg_align_y-10cm_yaw-2.5_ideal_ft_descent
ft_descent,42,l4_factory_route,8.0,-10.0,0.0,path_exit,"segment 10 (flat), follow",48.22,0.8338,191.9,3fdfe7a4bb56f27305d54613604bc3841ef67092448b9ab9ccf4fd2b526733cd,9aacbce0cb36,4654b83aea42,l4_factory_route_v30_rec_chest8kg_align_y-10cm_yaw+0_ideal_ft_descent
ft_descent,42,l4_factory_route,8.0,-10.0,2.5,goal,stopped 3 cm from the goal,54.1,1.0,3.0,3fdfe7a4bb56f27305d54613604bc3841ef67092448b9ab9ccf4fd2b526733cd,9aacbce0cb36,4654b83aea42,l4_factory_route_v30_rec_chest8kg_align_y-10cm_yaw+2.5_ideal_ft_descent
ft_descent,42,l4_factory_route,8.0,-10.0,5.0,goal,stopped 5 cm from the goal,59.02,1.0,4.6,3fdfe7a4bb56f27305d54613604bc3841ef67092448b9ab9ccf4fd2b526733cd,9aacbce0cb36,4654b83aea42,l4_factory_route_v30_rec_chest8kg_align_y-10cm_yaw+5_ideal_ft_descent
ft_descent,42,l4_factory_route,8.0,-5.0,-5.0,path_exit,"segment 6 (flat), turn",33.02,0.4373,835.5,3fdfe7a4bb56f27305d54613604bc3841ef67092448b9ab9ccf4fd2b526733cd,9aacbce0cb36,4654b83aea42,l4_factory_route_v30_rec_chest8kg_align_y-5cm_yaw-5_ideal_ft_descent
ft_descent,42,l4_factory_route,8.0,-5.0,-2.5,path_exit,"segment 9 (stairs_down), follow",46.4,0.7867,344.1,3fdfe7a4bb56f27305d54613604bc3841ef67092448b9ab9ccf4fd2b526733cd,9aacbce0cb36,4654b83aea42,l4_factory_route_v30_rec_chest8kg_align_y-5cm_yaw-2.5_ideal_ft_descent
ft_descent,42,l4_factory_route,8.0,-5.0,0.0,goal,stopped 5 cm from the goal,60.48,1.0,5.0,3fdfe7a4bb56f27305d54613604bc3841ef67092448b9ab9ccf4fd2b526733cd,9aacbce0cb36,4654b83aea42,l4_factory_route_v30_rec_chest8kg_align_y-5cm_yaw+0_ideal_ft_descent
ft_descent,42,l4_factory_route,8.0,-5.0,2.5,path_exit,"segment 9 (stairs_down), follow",44.44,0.6847,501.7,3fdfe7a4bb56f27305d54613604bc3841ef67092448b9ab9ccf4fd2b526733cd,9aacbce0cb36,4654b83aea42,l4_factory_route_v30_rec_chest8kg_align_y-5cm_yaw+2.5_ideal_ft_descent
ft_descent,42,l4_factory_route,8.0,-5.0,5.0,path_exit,"segment 9 (stairs_down), follow",48.42,0.7899,259.6,3fdfe7a4bb56f27305d54613604bc3841ef67092448b9ab9ccf4fd2b526733cd,9aacbce0cb36,4654b83aea42,l4_factory_route_v30_rec_chest8kg_align_y-5cm_yaw+5_ideal_ft_descent
ft_descent,42,l4_factory_route,8.0,0.0,-5.0,path_exit,"segment 5 (stairs_up), follow",26.64,0.3389,699.6,3fdfe7a4bb56f27305d54613604bc3841ef67092448b9ab9ccf4fd2b526733cd,9aacbce0cb36,4654b83aea42,l4_factory_route_v30_rec_chest8kg_align_y+0cm_yaw-5_ideal_ft_descent
ft_descent,42,l4_factory_route,8.0,0.0,-2.5,goal,stopped 6 cm from the goal,58.72,1.0,5.7,3fdfe7a4bb56f27305d54613604bc3841ef67092448b9ab9ccf4fd2b526733cd,9aacbce0cb36,4654b83aea42,l4_factory_route_v30_rec_chest8kg_align_y+0cm_yaw-2.5_ideal_ft_descent
ft_descent,42,l4_factory_route,8.0,0.0,0.0,path_exit,"segment 1 (stairs_up), follow",9.22,0.1567,805.4,3fdfe7a4bb56f27305d54613604bc3841ef67092448b9ab9ccf4fd2b526733cd,9aacbce0cb36,4654b83aea42,l4_factory_route_v30_rec_chest8kg_align_y+0cm_yaw+0_ideal_ft_descent
ft_descent,42,l4_factory_route,8.0,0.0,2.5,goal,stopped 18 cm from the goal,60.76,1.0,18.5,3fdfe7a4bb56f27305d54613604bc3841ef67092448b9ab9ccf4fd2b526733cd,9aacbce0cb36,4654b83aea42,l4_factory_route_v30_rec_chest8kg_align_y+0cm_yaw+2.5_ideal_ft_descent
ft_descent,42,l4_factory_route,8.0,0.0,5.0,path_exit,"segment 9 (stairs_down), follow",45.86,0.7508,328.3,3fdfe7a4bb56f27305d54613604bc3841ef67092448b9ab9ccf4fd2b526733cd,9aacbce0cb36,4654b83aea42,l4_factory_route_v30_rec_chest8kg_align_y+0cm_yaw+5_ideal_ft_descent
ft_descent,42,l4_factory_route,8.0,5.0,-5.0,goal,stopped 9 cm from the goal,57.68,1.0,8.8,3fdfe7a4bb56f27305d54613604bc3841ef67092448b9ab9ccf4fd2b526733cd,9aacbce0cb36,4654b83aea42,l4_factory_route_v30_rec_chest8kg_align_y+5cm_yaw-5_ideal_ft_descent
ft_descent,42,l4_factory_route,8.0,5.0,-2.5,goal,stopped 2 cm from the goal,58.14,1.0,1.7,3fdfe7a4bb56f27305d54613604bc3841ef67092448b9ab9ccf4fd2b526733cd,9aacbce0cb36,4654b83aea42,l4_factory_route_v30_rec_chest8kg_align_y+5cm_yaw-2.5_ideal_ft_descent
ft_descent,42,l4_factory_route,8.0,5.0,0.0,goal,stopped 9 cm from the goal,58.04,1.0,8.8,3fdfe7a4bb56f27305d54613604bc3841ef67092448b9ab9ccf4fd2b526733cd,9aacbce0cb36,4654b83aea42,l4_factory_route_v30_rec_chest8kg_align_y+5cm_yaw+0_ideal_ft_descent
ft_descent,42,l4_factory_route,8.0,5.0,2.5,path_exit,"segment 9 (stairs_down), follow",42.22,0.6271,603.1,3fdfe7a4bb56f27305d54613604bc3841ef67092448b9ab9ccf4fd2b526733cd,9aacbce0cb36,4654b83aea42,l4_factory_route_v30_rec_chest8kg_align_y+5cm_yaw+2.5_ideal_ft_descent
ft_descent,42,l4_factory_route,8.0,5.0,5.0,path_exit,"segment 9 (stairs_down), follow",50.54,0.7713,291.3,3fdfe7a4bb56f27305d54613604bc3841ef67092448b9ab9ccf4fd2b526733cd,9aacbce0cb36,4654b83aea42,l4_factory_route_v30_rec_chest8kg_align_y+5cm_yaw+5_ideal_ft_descent
ft_descent,42,l4_factory_route,8.0,10.0,-5.0,fall,segment 5 (stairs_up),27.92,0.3485,710.0,3fdfe7a4bb56f27305d54613604bc3841ef67092448b9ab9ccf4fd2b526733cd,9aacbce0cb36,4654b83aea42,l4_factory_route_v30_rec_chest8kg_align_y+10cm_yaw-5_ideal_ft_descent
ft_descent,42,l4_factory_route,8.0,10.0,-2.5,goal,stopped 1 cm from the goal,57.18,1.0,1.1,3fdfe7a4bb56f27305d54613604bc3841ef67092448b9ab9ccf4fd2b526733cd,9aacbce0cb36,4654b83aea42,l4_factory_route_v30_rec_chest8kg_align_y+10cm_yaw-2.5_ideal_ft_descent
ft_descent,42,l4_factory_route,8.0,10.0,0.0,goal,stopped 3 cm from the goal,53.22,1.0,3.2,3fdfe7a4bb56f27305d54613604bc3841ef67092448b9ab9ccf4fd2b526733cd,9aacbce0cb36,4654b83aea42,l4_factory_route_v30_rec_chest8kg_align_y+10cm_yaw+0_ideal_ft_descent
ft_descent,42,l4_factory_route,8.0,10.0,2.5,goal,stopped 3 cm from the goal,56.64,1.0,2.5,3fdfe7a4bb56f27305d54613604bc3841ef67092448b9ab9ccf4fd2b526733cd,9aacbce0cb36,4654b83aea42,l4_factory_route_v30_rec_chest8kg_align_y+10cm_yaw+2.5_ideal_ft_descent
ft_descent,42,l4_factory_route,8.0,10.0,5.0,goal,stopped 3 cm from the goal,65.76,1.0,2.7,3fdfe7a4bb56f27305d54613604bc3841ef67092448b9ab9ccf4fd2b526733cd,9aacbce0cb36,4654b83aea42,l4_factory_route_v30_rec_chest8kg_align_y+10cm_yaw+5_ideal_ft_descent
ft_payload,42,diag_down,,-10.0,-5.0,goal,stopped 5 cm from the goal,19.06,1.0,4.8,05d07dd9599adb3aec1a7b99e90507fc8627c8ab59ec452e0ea7bb22fad0d1b3,9aacbce0cb36,4654b83aea42,diag_down_v30_rec_align_y-10cm_yaw-5_ideal_ft_payload
ft_payload,42,diag_down,,-10.0,0.0,goal,stopped 4 cm from the goal,18.84,1.0,3.8,05d07dd9599adb3aec1a7b99e90507fc8627c8ab59ec452e0ea7bb22fad0d1b3,9aacbce0cb36,4654b83aea42,diag_down_v30_rec_align_y-10cm_yaw+0_ideal_ft_payload
ft_payload,42,diag_down,,-10.0,5.0,goal,stopped 1 cm from the goal,16.08,1.0,0.9,05d07dd9599adb3aec1a7b99e90507fc8627c8ab59ec452e0ea7bb22fad0d1b3,9aacbce0cb36,4654b83aea42,diag_down_v30_rec_align_y-10cm_yaw+5_ideal_ft_payload
ft_payload,42,diag_down,,0.0,-5.0,goal,stopped 6 cm from the goal,24.12,1.0,5.9,05d07dd9599adb3aec1a7b99e90507fc8627c8ab59ec452e0ea7bb22fad0d1b3,9aacbce0cb36,4654b83aea42,diag_down_v30_rec_align_y+0cm_yaw-5_ideal_ft_payload
ft_payload,42,diag_down,,0.0,0.0,goal,stopped 18 cm from the goal,18.32,1.0,18.1,05d07dd9599adb3aec1a7b99e90507fc8627c8ab59ec452e0ea7bb22fad0d1b3,9aacbce0cb36,4654b83aea42,diag_down_v30_rec_align_y+0cm_yaw+0_ideal_ft_payload
ft_payload,42,diag_down,,0.0,5.0,goal,stopped 4 cm from the goal,22.92,1.0,3.8,05d07dd9599adb3aec1a7b99e90507fc8627c8ab59ec452e0ea7bb22fad0d1b3,9aacbce0cb36,4654b83aea42,diag_down_v30_rec_align_y+0cm_yaw+5_ideal_ft_payload
ft_payload,42,diag_down,,10.0,-5.0,goal,stopped 7 cm from the goal,22.58,1.0,6.6,05d07dd9599adb3aec1a7b99e90507fc8627c8ab59ec452e0ea7bb22fad0d1b3,9aacbce0cb36,4654b83aea42,diag_down_v30_rec_align_y+10cm_yaw-5_ideal_ft_payload
ft_payload,42,diag_down,,10.0,0.0,goal,stopped 11 cm from the goal,15.78,1.0,10.8,05d07dd9599adb3aec1a7b99e90507fc8627c8ab59ec452e0ea7bb22fad0d1b3,9aacbce0cb36,4654b83aea42,diag_down_v30_rec_align_y+10cm_yaw+0_ideal_ft_payload
ft_payload,42,diag_down,,10.0,5.0,goal,stopped 2 cm from the goal,21.34,1.0,2.3,05d07dd9599adb3aec1a7b99e90507fc8627c8ab59ec452e0ea7bb22fad0d1b3,9aacbce0cb36,4654b83aea42,diag_down_v30_rec_align_y+10cm_yaw+5_ideal_ft_payload
ft_payload,42,l1_corner,12.0,-10.0,-5.0,goal,stopped 2 cm from the goal,18.18,1.0,1.6,05d07dd9599adb3aec1a7b99e90507fc8627c8ab59ec452e0ea7bb22fad0d1b3,9aacbce0cb36,4654b83aea42,l1_corner_v30_rec_chest12kg_align_y-10cm_yaw-5_ideal_ft_payload
ft_payload,42,l1_corner,12.0,-10.0,0.0,goal,stopped 2 cm from the goal,18.18,1.0,1.7,05d07dd9599adb3aec1a7b99e90507fc8627c8ab59ec452e0ea7bb22fad0d1b3,9aacbce0cb36,4654b83aea42,l1_corner_v30_rec_chest12kg_align_y-10cm_yaw+0_ideal_ft_payload
ft_payload,42,l1_corner,12.0,-10.0,5.0,goal,stopped 1 cm from the goal,18.36,1.0,1.3,05d07dd9599adb3aec1a7b99e90507fc8627c8ab59ec452e0ea7bb22fad0d1b3,9aacbce0cb36,4654b83aea42,l1_corner_v30_rec_chest12kg_align_y-10cm_yaw+5_ideal_ft_payload
ft_payload,42,l1_corner,12.0,0.0,-5.0,goal,stopped 2 cm from the goal,18.24,1.0,1.8,05d07dd9599adb3aec1a7b99e90507fc8627c8ab59ec452e0ea7bb22fad0d1b3,9aacbce0cb36,4654b83aea42,l1_corner_v30_rec_chest12kg_align_y+0cm_yaw-5_ideal_ft_payload
ft_payload,42,l1_corner,12.0,0.0,0.0,goal,stopped 1 cm from the goal,18.14,1.0,1.1,05d07dd9599adb3aec1a7b99e90507fc8627c8ab59ec452e0ea7bb22fad0d1b3,9aacbce0cb36,4654b83aea42,l1_corner_v30_rec_chest12kg_align_y+0cm_yaw+0_ideal_ft_payload
ft_payload,42,l1_corner,12.0,0.0,5.0,goal,stopped 2 cm from the goal,18.26,1.0,1.9,05d07dd9599adb3aec1a7b99e90507fc8627c8ab59ec452e0ea7bb22fad0d1b3,9aacbce0cb36,4654b83aea42,l1_corner_v30_rec_chest12kg_align_y+0cm_yaw+5_ideal_ft_payload
ft_payload,42,l1_corner,12.0,10.0,-5.0,goal,stopped 1 cm from the goal,18.44,1.0,1.3,05d07dd9599adb3aec1a7b99e90507fc8627c8ab59ec452e0ea7bb22fad0d1b3,9aacbce0cb36,4654b83aea42,l1_corner_v30_rec_chest12kg_align_y+10cm_yaw-5_ideal_ft_payload
ft_payload,42,l1_corner,12.0,10.0,0.0,goal,stopped 2 cm from the goal,18.26,1.0,1.9,05d07dd9599adb3aec1a7b99e90507fc8627c8ab59ec452e0ea7bb22fad0d1b3,9aacbce0cb36,4654b83aea42,l1_corner_v30_rec_chest12kg_align_y+10cm_yaw+0_ideal_ft_payload
ft_payload,42,l1_corner,12.0,10.0,5.0,goal,stopped 1 cm from the goal,18.16,1.0,1.4,05d07dd9599adb3aec1a7b99e90507fc8627c8ab59ec452e0ea7bb22fad0d1b3,9aacbce0cb36,4654b83aea42,l1_corner_v30_rec_chest12kg_align_y+10cm_yaw+5_ideal_ft_payload
ft_payload,42,l2_corner_stairs,12.0,-10.0,-5.0,goal,stopped 1 cm from the goal,42.64,1.0,1.0,05d07dd9599adb3aec1a7b99e90507fc8627c8ab59ec452e0ea7bb22fad0d1b3,9aacbce0cb36,4654b83aea42,l2_corner_stairs_v30_rec_chest12kg_align_y-10cm_yaw-5_ideal_ft_payload
ft_payload,42,l2_corner_stairs,12.0,-10.0,0.0,path_exit,"segment 2 (stairs_up), follow",42.08,0.3226,511.4,05d07dd9599adb3aec1a7b99e90507fc8627c8ab59ec452e0ea7bb22fad0d1b3,9aacbce0cb36,4654b83aea42,l2_corner_stairs_v30_rec_chest12kg_align_y-10cm_yaw+0_ideal_ft_payload
ft_payload,42,l2_corner_stairs,12.0,-10.0,5.0,goal,stopped 2 cm from the goal,70.88,1.0,1.8,05d07dd9599adb3aec1a7b99e90507fc8627c8ab59ec452e0ea7bb22fad0d1b3,9aacbce0cb36,4654b83aea42,l2_corner_stairs_v30_rec_chest12kg_align_y-10cm_yaw+5_ideal_ft_payload
ft_payload,42,l2_corner_stairs,12.0,0.0,-5.0,goal,stopped 0 cm from the goal,60.34,1.0,0.5,05d07dd9599adb3aec1a7b99e90507fc8627c8ab59ec452e0ea7bb22fad0d1b3,9aacbce0cb36,4654b83aea42,l2_corner_stairs_v30_rec_chest12kg_align_y+0cm_yaw-5_ideal_ft_payload
ft_payload,42,l2_corner_stairs,12.0,0.0,0.0,goal,stopped 2 cm from the goal,54.22,1.0,2.5,05d07dd9599adb3aec1a7b99e90507fc8627c8ab59ec452e0ea7bb22fad0d1b3,9aacbce0cb36,4654b83aea42,l2_corner_stairs_v30_rec_chest12kg_align_y+0cm_yaw+0_ideal_ft_payload
ft_payload,42,l2_corner_stairs,12.0,0.0,5.0,goal,stopped 0 cm from the goal,53.78,1.0,0.4,05d07dd9599adb3aec1a7b99e90507fc8627c8ab59ec452e0ea7bb22fad0d1b3,9aacbce0cb36,4654b83aea42,l2_corner_stairs_v30_rec_chest12kg_align_y+0cm_yaw+5_ideal_ft_payload
ft_payload,42,l2_corner_stairs,12.0,10.0,-5.0,goal,stopped 0 cm from the goal,62.68,1.0,0.4,05d07dd9599adb3aec1a7b99e90507fc8627c8ab59ec452e0ea7bb22fad0d1b3,9aacbce0cb36,4654b83aea42,l2_corner_stairs_v30_rec_chest12kg_align_y+10cm_yaw-5_ideal_ft_payload
ft_payload,42,l2_corner_stairs,12.0,10.0,0.0,goal,stopped 0 cm from the goal,43.36,1.0,0.4,05d07dd9599adb3aec1a7b99e90507fc8627c8ab59ec452e0ea7bb22fad0d1b3,9aacbce0cb36,4654b83aea42,l2_corner_stairs_v30_rec_chest12kg_align_y+10cm_yaw+0_ideal_ft_payload
ft_payload,42,l2_corner_stairs,12.0,10.0,5.0,path_exit,"segment 2 (stairs_up), follow",25.32,0.3153,634.5,05d07dd9599adb3aec1a7b99e90507fc8627c8ab59ec452e0ea7bb22fad0d1b3,9aacbce0cb36,4654b83aea42,l2_corner_stairs_v30_rec_chest12kg_align_y+10cm_yaw+5_ideal_ft_payload
ft_payload,42,l2_corner_stairs,2.0,-10.0,-5.0,goal,stopped 7 cm from the goal,44.82,1.0,6.7,05d07dd9599adb3aec1a7b99e90507fc8627c8ab59ec452e0ea7bb22fad0d1b3,9aacbce0cb36,4654b83aea42,l2_corner_stairs_v30_rec_chest2kg_align_y-10cm_yaw-5_ideal_ft_payload
ft_payload,42,l2_corner_stairs,2.0,-10.0,0.0,stuck,"segment 2 (stairs_up), follow",48.2,0.3182,549.1,05d07dd9599adb3aec1a7b99e90507fc8627c8ab59ec452e0ea7bb22fad0d1b3,9aacbce0cb36,4654b83aea42,l2_corner_stairs_v30_rec_chest2kg_align_y-10cm_yaw+0_ideal_ft_payload
ft_payload,42,l2_corner_stairs,2.0,-10.0,5.0,stuck,"segment 2 (stairs_up), follow",61.48,0.3391,513.8,05d07dd9599adb3aec1a7b99e90507fc8627c8ab59ec452e0ea7bb22fad0d1b3,9aacbce0cb36,4654b83aea42,l2_corner_stairs_v30_rec_chest2kg_align_y-10cm_yaw+5_ideal_ft_payload
ft_payload,42,l2_corner_stairs,2.0,0.0,-5.0,stuck,"segment 2 (stairs_up), follow",52.34,0.3317,537.0,05d07dd9599adb3aec1a7b99e90507fc8627c8ab59ec452e0ea7bb22fad0d1b3,9aacbce0cb36,4654b83aea42,l2_corner_stairs_v30_rec_chest2kg_align_y+0cm_yaw-5_ideal_ft_payload
ft_payload,42,l2_corner_stairs,2.0,0.0,0.0,stuck,"segment 2 (stairs_up), follow",46.64,0.3371,522.4,05d07dd9599adb3aec1a7b99e90507fc8627c8ab59ec452e0ea7bb22fad0d1b3,9aacbce0cb36,4654b83aea42,l2_corner_stairs_v30_rec_chest2kg_align_y+0cm_yaw+0_ideal_ft_payload
ft_payload,42,l2_corner_stairs,2.0,0.0,5.0,stuck,"segment 2 (stairs_up), follow",86.96,0.4077,465.2,05d07dd9599adb3aec1a7b99e90507fc8627c8ab59ec452e0ea7bb22fad0d1b3,9aacbce0cb36,4654b83aea42,l2_corner_stairs_v30_rec_chest2kg_align_y+0cm_yaw+5_ideal_ft_payload
ft_payload,42,l2_corner_stairs,2.0,10.0,-5.0,stuck,"segment 2 (stairs_up), follow",47.7,0.367,507.9,05d07dd9599adb3aec1a7b99e90507fc8627c8ab59ec452e0ea7bb22fad0d1b3,9aacbce0cb36,4654b83aea42,l2_corner_stairs_v30_rec_chest2kg_align_y+10cm_yaw-5_ideal_ft_payload
ft_payload,42,l2_corner_stairs,2.0,10.0,0.0,stuck,"segment 2 (stairs_up), follow",59.44,0.3887,477.1,05d07dd9599adb3aec1a7b99e90507fc8627c8ab59ec452e0ea7bb22fad0d1b3,9aacbce0cb36,4654b83aea42,l2_corner_stairs_v30_rec_chest2kg_align_y+10cm_yaw+0_ideal_ft_payload
ft_payload,42,l2_corner_stairs,2.0,10.0,5.0,stuck,"segment 2 (stairs_up), follow",54.38,0.3153,567.2,05d07dd9599adb3aec1a7b99e90507fc8627c8ab59ec452e0ea7bb22fad0d1b3,9aacbce0cb36,4654b83aea42,l2_corner_stairs_v30_rec_chest2kg_align_y+10cm_yaw+5_ideal_ft_payload
ft_payload,42,l2_corner_stairs,5.0,-10.0,-5.0,goal,stopped 9 cm from the goal,44.64,1.0,8.7,05d07dd9599adb3aec1a7b99e90507fc8627c8ab59ec452e0ea7bb22fad0d1b3,9aacbce0cb36,4654b83aea42,l2_corner_stairs_v30_rec_chest5kg_align_y-10cm_yaw-5_ideal_ft_payload
ft_payload,42,l2_corner_stairs,5.0,-10.0,0.0,goal,stopped 8 cm from the goal,79.6,1.0,8.1,05d07dd9599adb3aec1a7b99e90507fc8627c8ab59ec452e0ea7bb22fad0d1b3,9aacbce0cb36,4654b83aea42,l2_corner_stairs_v30_rec_chest5kg_align_y-10cm_yaw+0_ideal_ft_payload
ft_payload,42,l2_corner_stairs,5.0,-10.0,5.0,goal,stopped 7 cm from the goal,41.24,1.0,7.2,05d07dd9599adb3aec1a7b99e90507fc8627c8ab59ec452e0ea7bb22fad0d1b3,9aacbce0cb36,4654b83aea42,l2_corner_stairs_v30_rec_chest5kg_align_y-10cm_yaw+5_ideal_ft_payload
ft_payload,42,l2_corner_stairs,5.0,0.0,-5.0,goal,stopped 7 cm from the goal,78.42,1.0,7.5,05d07dd9599adb3aec1a7b99e90507fc8627c8ab59ec452e0ea7bb22fad0d1b3,9aacbce0cb36,4654b83aea42,l2_corner_stairs_v30_rec_chest5kg_align_y+0cm_yaw-5_ideal_ft_payload
ft_payload,42,l2_corner_stairs,5.0,0.0,0.0,goal,stopped 9 cm from the goal,64.56,1.0,8.6,05d07dd9599adb3aec1a7b99e90507fc8627c8ab59ec452e0ea7bb22fad0d1b3,9aacbce0cb36,4654b83aea42,l2_corner_stairs_v30_rec_chest5kg_align_y+0cm_yaw+0_ideal_ft_payload
ft_payload,42,l2_corner_stairs,5.0,0.0,5.0,goal,stopped 6 cm from the goal,44.24,1.0,5.7,05d07dd9599adb3aec1a7b99e90507fc8627c8ab59ec452e0ea7bb22fad0d1b3,9aacbce0cb36,4654b83aea42,l2_corner_stairs_v30_rec_chest5kg_align_y+0cm_yaw+5_ideal_ft_payload
ft_payload,42,l2_corner_stairs,5.0,10.0,-5.0,stuck,"segment 2 (stairs_up), follow",70.48,0.3897,492.5,05d07dd9599adb3aec1a7b99e90507fc8627c8ab59ec452e0ea7bb22fad0d1b3,9aacbce0cb36,4654b83aea42,l2_corner_stairs_v30_rec_chest5kg_align_y+10cm_yaw-5_ideal_ft_payload
ft_payload,42,l2_corner_stairs,5.0,10.0,0.0,path_exit,"segment 2 (stairs_up), follow",53.6,0.3867,524.8,05d07dd9599adb3aec1a7b99e90507fc8627c8ab59ec452e0ea7bb22fad0d1b3,9aacbce0cb36,4654b83aea42,l2_corner_stairs_v30_rec_chest5kg_align_y+10cm_yaw+0_ideal_ft_payload
ft_payload,42,l2_corner_stairs,5.0,10.0,5.0,path_exit,"segment 2 (stairs_up), follow",59.86,0.5872,393.4,05d07dd9599adb3aec1a7b99e90507fc8627c8ab59ec452e0ea7bb22fad0d1b3,9aacbce0cb36,4654b83aea42,l2_corner_stairs_v30_rec_chest5kg_align_y+10cm_yaw+5_ideal_ft_payload
ft_payload,42,l2_corner_stairs,8.0,-10.0,-5.0,goal,stopped 6 cm from the goal,44.8,1.0,6.3,05d07dd9599adb3aec1a7b99e90507fc8627c8ab59ec452e0ea7bb22fad0d1b3,9aacbce0cb36,4654b83aea42,l2_corner_stairs_v30_rec_chest8kg_align_y-10cm_yaw-5_ideal_ft_payload
ft_payload,42,l2_corner_stairs,8.0,-10.0,0.0,path_exit,"segment 3 (flat), follow",31.66,0.5946,288.0,05d07dd9599adb3aec1a7b99e90507fc8627c8ab59ec452e0ea7bb22fad0d1b3,9aacbce0cb36,4654b83aea42,l2_corner_stairs_v30_rec_chest8kg_align_y-10cm_yaw+0_ideal_ft_payload
ft_payload,42,l2_corner_stairs,8.0,-10.0,5.0,stuck,"segment 2 (stairs_up), follow",47.9,0.333,530.7,05d07dd9599adb3aec1a7b99e90507fc8627c8ab59ec452e0ea7bb22fad0d1b3,9aacbce0cb36,4654b83aea42,l2_corner_stairs_v30_rec_chest8kg_align_y-10cm_yaw+5_ideal_ft_payload
ft_payload,42,l2_corner_stairs,8.0,0.0,-5.0,stuck,"segment 2 (stairs_up), follow",56.18,0.3368,533.8,05d07dd9599adb3aec1a7b99e90507fc8627c8ab59ec452e0ea7bb22fad0d1b3,9aacbce0cb36,4654b83aea42,l2_corner_stairs_v30_rec_chest8kg_align_y+0cm_yaw-5_ideal_ft_payload
ft_payload,42,l2_corner_stairs,8.0,0.0,0.0,goal,stopped 5 cm from the goal,44.98,1.0,5.1,05d07dd9599adb3aec1a7b99e90507fc8627c8ab59ec452e0ea7bb22fad0d1b3,9aacbce0cb36,4654b83aea42,l2_corner_stairs_v30_rec_chest8kg_align_y+0cm_yaw+0_ideal_ft_payload
ft_payload,42,l2_corner_stairs,8.0,0.0,5.0,path_exit,"segment 2 (stairs_up), follow",23.28,0.3633,543.6,05d07dd9599adb3aec1a7b99e90507fc8627c8ab59ec452e0ea7bb22fad0d1b3,9aacbce0cb36,4654b83aea42,l2_corner_stairs_v30_rec_chest8kg_align_y+0cm_yaw+5_ideal_ft_payload
ft_payload,42,l2_corner_stairs,8.0,10.0,-5.0,goal,stopped 5 cm from the goal,44.94,1.0,5.3,05d07dd9599adb3aec1a7b99e90507fc8627c8ab59ec452e0ea7bb22fad0d1b3,9aacbce0cb36,4654b83aea42,l2_corner_stairs_v30_rec_chest8kg_align_y+10cm_yaw-5_ideal_ft_payload
ft_payload,42,l2_corner_stairs,8.0,10.0,0.0,goal,stopped 7 cm from the goal,74.1,1.0,7.3,05d07dd9599adb3aec1a7b99e90507fc8627c8ab59ec452e0ea7bb22fad0d1b3,9aacbce0cb36,4654b83aea42,l2_corner_stairs_v30_rec_chest8kg_align_y+10cm_yaw+0_ideal_ft_payload
ft_payload,42,l2_corner_stairs,8.0,10.0,5.0,path_exit,"segment 2 (stairs_up), follow",23.9,0.5069,437.0,05d07dd9599adb3aec1a7b99e90507fc8627c8ab59ec452e0ea7bb22fad0d1b3,9aacbce0cb36,4654b83aea42,l2_corner_stairs_v30_rec_chest8kg_align_y+10cm_yaw+5_ideal_ft_payload
ft_payload,42,l4_factory_route,,-10.0,-5.0,stuck,"segment 1 (stairs_up), follow",39.72,0.1003,862.9,05d07dd9599adb3aec1a7b99e90507fc8627c8ab59ec452e0ea7bb22fad0d1b3,9aacbce0cb36,4654b83aea42,l4_factory_route_v30_rec_align_y-10cm_yaw-5_ideal_ft_payload
ft_payload,42,l4_factory_route,,-10.0,-2.5,stuck,"segment 1 (stairs_up), follow",41.0,0.1212,796.1,05d07dd9599adb3aec1a7b99e90507fc8627c8ab59ec452e0ea7bb22fad0d1b3,9aacbce0cb36,4654b83aea42,l4_factory_route_v30_rec_align_y-10cm_yaw-2.5_ideal_ft_payload
ft_payload,42,l4_factory_route,,-10.0,0.0,stuck,"segment 5 (stairs_up), follow",65.0,0.3139,625.0,05d07dd9599adb3aec1a7b99e90507fc8627c8ab59ec452e0ea7bb22fad0d1b3,9aacbce0cb36,4654b83aea42,l4_factory_route_v30_rec_align_y-10cm_yaw+0_ideal_ft_payload
ft_payload,42,l4_factory_route,,-10.0,2.5,stuck,"segment 1 (stairs_up), follow",35.4,0.1003,874.2,05d07dd9599adb3aec1a7b99e90507fc8627c8ab59ec452e0ea7bb22fad0d1b3,9aacbce0cb36,4654b83aea42,l4_factory_route_v30_rec_align_y-10cm_yaw+2.5_ideal_ft_payload
ft_payload,42,l4_factory_route,,-10.0,5.0,stuck,"segment 1 (stairs_up), follow",37.94,0.1003,861.8,05d07dd9599adb3aec1a7b99e90507fc8627c8ab59ec452e0ea7bb22fad0d1b3,9aacbce0cb36,4654b83aea42,l4_factory_route_v30_rec_align_y-10cm_yaw+5_ideal_ft_payload
ft_payload,42,l4_factory_route,,-5.0,-5.0,stuck,"segment 1 (stairs_up), follow",53.76,0.1156,814.2,05d07dd9599adb3aec1a7b99e90507fc8627c8ab59ec452e0ea7bb22fad0d1b3,9aacbce0cb36,4654b83aea42,l4_factory_route_v30_rec_align_y-5cm_yaw-5_ideal_ft_payload
ft_payload,42,l4_factory_route,,-5.0,-2.5,stuck,"segment 1 (stairs_up), follow",49.6,0.1003,857.4,05d07dd9599adb3aec1a7b99e90507fc8627c8ab59ec452e0ea7bb22fad0d1b3,9aacbce0cb36,4654b83aea42,l4_factory_route_v30_rec_align_y-5cm_yaw-2.5_ideal_ft_payload
ft_payload,42,l4_factory_route,,-5.0,0.0,stuck,"segment 1 (stairs_up), follow",39.02,0.1003,844.0,05d07dd9599adb3aec1a7b99e90507fc8627c8ab59ec452e0ea7bb22fad0d1b3,9aacbce0cb36,4654b83aea42,l4_factory_route_v30_rec_align_y-5cm_yaw+0_ideal_ft_payload
ft_payload,42,l4_factory_route,,-5.0,2.5,stuck,"segment 1 (stairs_up), follow",42.82,0.1003,835.5,05d07dd9599adb3aec1a7b99e90507fc8627c8ab59ec452e0ea7bb22fad0d1b3,9aacbce0cb36,4654b83aea42,l4_factory_route_v30_rec_align_y-5cm_yaw+2.5_ideal_ft_payload
ft_payload,42,l4_factory_route,,-5.0,5.0,stuck,"segment 1 (stairs_up), follow",38.0,0.1003,836.8,05d07dd9599adb3aec1a7b99e90507fc8627c8ab59ec452e0ea7bb22fad0d1b3,9aacbce0cb36,4654b83aea42,l4_factory_route_v30_rec_align_y-5cm_yaw+5_ideal_ft_payload
ft_payload,42,l4_factory_route,,0.0,-5.0,stuck,"segment 1 (stairs_up), follow",44.36,0.1003,856.7,05d07dd9599adb3aec1a7b99e90507fc8627c8ab59ec452e0ea7bb22fad0d1b3,9aacbce0cb36,4654b83aea42,l4_factory_route_v30_rec_align_y+0cm_yaw-5_ideal_ft_payload
ft_payload,42,l4_factory_route,,0.0,-2.5,stuck,"segment 1 (stairs_up), follow",48.38,0.1003,852.0,05d07dd9599adb3aec1a7b99e90507fc8627c8ab59ec452e0ea7bb22fad0d1b3,9aacbce0cb36,4654b83aea42,l4_factory_route_v30_rec_align_y+0cm_yaw-2.5_ideal_ft_payload
ft_payload,42,l4_factory_route,,0.0,0.0,stuck,"segment 1 (stairs_up), follow",43.84,0.1003,838.9,05d07dd9599adb3aec1a7b99e90507fc8627c8ab59ec452e0ea7bb22fad0d1b3,9aacbce0cb36,4654b83aea42,l4_factory_route_v30_rec_align_y+0cm_yaw+0_ideal_ft_payload
ft_payload,42,l4_factory_route,,0.0,2.5,stuck,"segment 1 (stairs_up), follow",34.98,0.125,793.2,05d07dd9599adb3aec1a7b99e90507fc8627c8ab59ec452e0ea7bb22fad0d1b3,9aacbce0cb36,4654b83aea42,l4_factory_route_v30_rec_align_y+0cm_yaw+2.5_ideal_ft_payload
ft_payload,42,l4_factory_route,,0.0,5.0,stuck,"segment 1 (stairs_up), follow",63.06,0.1003,862.4,05d07dd9599adb3aec1a7b99e90507fc8627c8ab59ec452e0ea7bb22fad0d1b3,9aacbce0cb36,4654b83aea42,l4_factory_route_v30_rec_align_y+0cm_yaw+5_ideal_ft_payload
ft_payload,42,l4_factory_route,,5.0,-5.0,stuck,"segment 1 (stairs_up), follow",37.64,0.1003,847.3,05d07dd9599adb3aec1a7b99e90507fc8627c8ab59ec452e0ea7bb22fad0d1b3,9aacbce0cb36,4654b83aea42,l4_factory_route_v30_rec_align_y+5cm_yaw-5_ideal_ft_payload
ft_payload,42,l4_factory_route,,5.0,-2.5,stuck,"segment 1 (stairs_up), follow",44.28,0.1003,853.5,05d07dd9599adb3aec1a7b99e90507fc8627c8ab59ec452e0ea7bb22fad0d1b3,9aacbce0cb36,4654b83aea42,l4_factory_route_v30_rec_align_y+5cm_yaw-2.5_ideal_ft_payload
ft_payload,42,l4_factory_route,,5.0,0.0,stuck,"segment 1 (stairs_up), follow",35.62,0.1003,859.3,05d07dd9599adb3aec1a7b99e90507fc8627c8ab59ec452e0ea7bb22fad0d1b3,9aacbce0cb36,4654b83aea42,l4_factory_route_v30_rec_align_y+5cm_yaw+0_ideal_ft_payload
ft_payload,42,l4_factory_route,,5.0,2.5,stuck,"segment 1 (stairs_up), follow",40.1,0.1605,754.3,05d07dd9599adb3aec1a7b99e90507fc8627c8ab59ec452e0ea7bb22fad0d1b3,9aacbce0cb36,4654b83aea42,l4_factory_route_v30_rec_align_y+5cm_yaw+2.5_ideal_ft_payload
ft_payload,42,l4_factory_route,,5.0,5.0,stuck,"segment 1 (stairs_up), follow",35.4,0.1464,766.8,05d07dd9599adb3aec1a7b99e90507fc8627c8ab59ec452e0ea7bb22fad0d1b3,9aacbce0cb36,4654b83aea42,l4_factory_route_v30_rec_align_y+5cm_yaw+5_ideal_ft_payload
ft_payload,42,l4_factory_route,,10.0,-5.0,stuck,"segment 1 (stairs_up), follow",55.5,0.1117,826.6,05d07dd9599adb3aec1a7b99e90507fc8627c8ab59ec452e0ea7bb22fad0d1b3,9aacbce0cb36,4654b83aea42,l4_factory_route_v30_rec_align_y+10cm_yaw-5_ideal_ft_payload
ft_payload,42,l4_factory_route,,10.0,-2.5,path_exit,"segment 1 (stairs_up), follow",19.34,0.1003,887.5,05d07dd9599adb3aec1a7b99e90507fc8627c8ab59ec452e0ea7bb22fad0d1b3,9aacbce0cb36,4654b83aea42,l4_factory_route_v30_rec_align_y+10cm_yaw-2.5_ideal_ft_payload
ft_payload,42,l4_factory_route,,10.0,0.0,stuck,"segment 1 (stairs_up), follow",34.16,0.1003,839.9,05d07dd9599adb3aec1a7b99e90507fc8627c8ab59ec452e0ea7bb22fad0d1b3,9aacbce0cb36,4654b83aea42,l4_factory_route_v30_rec_align_y+10cm_yaw+0_ideal_ft_payload
ft_payload,42,l4_factory_route,,10.0,2.5,stuck,"segment 1 (stairs_up), follow",55.26,0.1003,842.9,05d07dd9599adb3aec1a7b99e90507fc8627c8ab59ec452e0ea7bb22fad0d1b3,9aacbce0cb36,4654b83aea42,l4_factory_route_v30_rec_align_y+10cm_yaw+2.5_ideal_ft_payload
ft_payload,42,l4_factory_route,,10.0,5.0,stuck,"segment 1 (stairs_up), follow",35.46,0.1053,834.0,05d07dd9599adb3aec1a7b99e90507fc8627c8ab59ec452e0ea7bb22fad0d1b3,9aacbce0cb36,4654b83aea42,l4_factory_route_v30_rec_align_y+10cm_yaw+5_ideal_ft_payload
ft_payload,42,l4_factory_route,12.0,-10.0,-5.0,goal,stopped 2 cm from the goal,75.12,1.0,1.8,05d07dd9599adb3aec1a7b99e90507fc8627c8ab59ec452e0ea7bb22fad0d1b3,9aacbce0cb36,4654b83aea42,l4_factory_route_v30_rec_chest12kg_align_y-10cm_yaw-5_ideal_ft_payload
ft_payload,42,l4_factory_route,12.0,-10.0,-2.5,path_exit,"segment 9 (stairs_down), follow",64.76,0.7601,381.2,05d07dd9599adb3aec1a7b99e90507fc8627c8ab59ec452e0ea7bb22fad0d1b3,9aacbce0cb36,4654b83aea42,l4_factory_route_v30_rec_chest12kg_align_y-10cm_yaw-2.5_ideal_ft_payload
ft_payload,42,l4_factory_route,12.0,-10.0,0.0,path_exit,"segment 9 (stairs_down), follow",80.38,0.7588,382.9,05d07dd9599adb3aec1a7b99e90507fc8627c8ab59ec452e0ea7bb22fad0d1b3,9aacbce0cb36,4654b83aea42,l4_factory_route_v30_rec_chest12kg_align_y-10cm_yaw+0_ideal_ft_payload
ft_payload,42,l4_factory_route,12.0,-10.0,2.5,goal,stopped 2 cm from the goal,72.08,1.0,2.3,05d07dd9599adb3aec1a7b99e90507fc8627c8ab59ec452e0ea7bb22fad0d1b3,9aacbce0cb36,4654b83aea42,l4_factory_route_v30_rec_chest12kg_align_y-10cm_yaw+2.5_ideal_ft_payload
ft_payload,42,l4_factory_route,12.0,-10.0,5.0,goal,stopped 2 cm from the goal,104.98,1.0,1.8,05d07dd9599adb3aec1a7b99e90507fc8627c8ab59ec452e0ea7bb22fad0d1b3,9aacbce0cb36,4654b83aea42,l4_factory_route_v30_rec_chest12kg_align_y-10cm_yaw+5_ideal_ft_payload
ft_payload,42,l4_factory_route,12.0,-5.0,-5.0,goal,stopped 4 cm from the goal,79.88,1.0,3.7,05d07dd9599adb3aec1a7b99e90507fc8627c8ab59ec452e0ea7bb22fad0d1b3,9aacbce0cb36,4654b83aea42,l4_factory_route_v30_rec_chest12kg_align_y-5cm_yaw-5_ideal_ft_payload
ft_payload,42,l4_factory_route,12.0,-5.0,-2.5,fall,segment 1 (stairs_up),17.84,0.1003,864.6,05d07dd9599adb3aec1a7b99e90507fc8627c8ab59ec452e0ea7bb22fad0d1b3,9aacbce0cb36,4654b83aea42,l4_factory_route_v30_rec_chest12kg_align_y-5cm_yaw-2.5_ideal_ft_payload
ft_payload,42,l4_factory_route,12.0,-5.0,0.0,goal,stopped 0 cm from the goal,76.46,1.0,0.4,05d07dd9599adb3aec1a7b99e90507fc8627c8ab59ec452e0ea7bb22fad0d1b3,9aacbce0cb36,4654b83aea42,l4_factory_route_v30_rec_chest12kg_align_y-5cm_yaw+0_ideal_ft_payload
ft_payload,42,l4_factory_route,12.0,-5.0,2.5,goal,stopped 4 cm from the goal,96.0,1.0,3.7,05d07dd9599adb3aec1a7b99e90507fc8627c8ab59ec452e0ea7bb22fad0d1b3,9aacbce0cb36,4654b83aea42,l4_factory_route_v30_rec_chest12kg_align_y-5cm_yaw+2.5_ideal_ft_payload
ft_payload,42,l4_factory_route,12.0,-5.0,5.0,path_exit,"segment 5 (stairs_up), follow",35.82,0.3139,527.1,05d07dd9599adb3aec1a7b99e90507fc8627c8ab59ec452e0ea7bb22fad0d1b3,9aacbce0cb36,4654b83aea42,l4_factory_route_v30_rec_chest12kg_align_y-5cm_yaw+5_ideal_ft_payload
ft_payload,42,l4_factory_route,12.0,0.0,-5.0,goal,stopped 3 cm from the goal,98.46,1.0,2.6,05d07dd9599adb3aec1a7b99e90507fc8627c8ab59ec452e0ea7bb22fad0d1b3,9aacbce0cb36,4654b83aea42,l4_factory_route_v30_rec_chest12kg_align_y+0cm_yaw-5_ideal_ft_payload
ft_payload,42,l4_factory_route,12.0,0.0,-2.5,stuck,"segment 5 (stairs_up), follow",60.14,0.3507,658.4,05d07dd9599adb3aec1a7b99e90507fc8627c8ab59ec452e0ea7bb22fad0d1b3,9aacbce0cb36,4654b83aea42,l4_factory_route_v30_rec_chest12kg_align_y+0cm_yaw-2.5_ideal_ft_payload
ft_payload,42,l4_factory_route,12.0,0.0,0.0,path_exit,"segment 9 (stairs_down), follow",76.86,0.7617,378.6,05d07dd9599adb3aec1a7b99e90507fc8627c8ab59ec452e0ea7bb22fad0d1b3,9aacbce0cb36,4654b83aea42,l4_factory_route_v30_rec_chest12kg_align_y+0cm_yaw+0_ideal_ft_payload
ft_payload,42,l4_factory_route,12.0,0.0,2.5,goal,stopped 2 cm from the goal,80.86,1.0,1.5,05d07dd9599adb3aec1a7b99e90507fc8627c8ab59ec452e0ea7bb22fad0d1b3,9aacbce0cb36,4654b83aea42,l4_factory_route_v30_rec_chest12kg_align_y+0cm_yaw+2.5_ideal_ft_payload
ft_payload,42,l4_factory_route,12.0,0.0,5.0,goal,stopped 5 cm from the goal,96.06,1.0,5.1,05d07dd9599adb3aec1a7b99e90507fc8627c8ab59ec452e0ea7bb22fad0d1b3,9aacbce0cb36,4654b83aea42,l4_factory_route_v30_rec_chest12kg_align_y+0cm_yaw+5_ideal_ft_payload
ft_payload,42,l4_factory_route,12.0,5.0,-5.0,goal,stopped 1 cm from the goal,77.38,1.0,0.8,05d07dd9599adb3aec1a7b99e90507fc8627c8ab59ec452e0ea7bb22fad0d1b3,9aacbce0cb36,4654b83aea42,l4_factory_route_v30_rec_chest12kg_align_y+5cm_yaw-5_ideal_ft_payload
ft_payload,42,l4_factory_route,12.0,5.0,-2.5,path_exit,"segment 9 (stairs_down), follow",77.64,0.7373,352.6,05d07dd9599adb3aec1a7b99e90507fc8627c8ab59ec452e0ea7bb22fad0d1b3,9aacbce0cb36,4654b83aea42,l4_factory_route_v30_rec_chest12kg_align_y+5cm_yaw-2.5_ideal_ft_payload
ft_payload,42,l4_factory_route,12.0,5.0,0.0,goal,stopped 1 cm from the goal,88.98,1.0,1.3,05d07dd9599adb3aec1a7b99e90507fc8627c8ab59ec452e0ea7bb22fad0d1b3,9aacbce0cb36,4654b83aea42,l4_factory_route_v30_rec_chest12kg_align_y+5cm_yaw+0_ideal_ft_payload
ft_payload,42,l4_factory_route,12.0,5.0,2.5,stuck,"segment 5 (stairs_up), follow",57.58,0.3139,607.1,05d07dd9599adb3aec1a7b99e90507fc8627c8ab59ec452e0ea7bb22fad0d1b3,9aacbce0cb36,4654b83aea42,l4_factory_route_v30_rec_chest12kg_align_y+5cm_yaw+2.5_ideal_ft_payload
ft_payload,42,l4_factory_route,12.0,5.0,5.0,path_exit,"segment 10 (flat), follow",82.66,0.8048,322.0,05d07dd9599adb3aec1a7b99e90507fc8627c8ab59ec452e0ea7bb22fad0d1b3,9aacbce0cb36,4654b83aea42,l4_factory_route_v30_rec_chest12kg_align_y+5cm_yaw+5_ideal_ft_payload
ft_payload,42,l4_factory_route,12.0,10.0,-5.0,goal,stopped 2 cm from the goal,76.02,1.0,2.1,05d07dd9599adb3aec1a7b99e90507fc8627c8ab59ec452e0ea7bb22fad0d1b3,9aacbce0cb36,4654b83aea42,l4_factory_route_v30_rec_chest12kg_align_y+10cm_yaw-5_ideal_ft_payload
ft_payload,42,l4_factory_route,12.0,10.0,-2.5,goal,stopped 5 cm from the goal,85.02,1.0,4.7,05d07dd9599adb3aec1a7b99e90507fc8627c8ab59ec452e0ea7bb22fad0d1b3,9aacbce0cb36,4654b83aea42,l4_factory_route_v30_rec_chest12kg_align_y+10cm_yaw-2.5_ideal_ft_payload
ft_payload,42,l4_factory_route,12.0,10.0,0.0,goal,stopped 1 cm from the goal,79.48,1.0,1.5,05d07dd9599adb3aec1a7b99e90507fc8627c8ab59ec452e0ea7bb22fad0d1b3,9aacbce0cb36,4654b83aea42,l4_factory_route_v30_rec_chest12kg_align_y+10cm_yaw+0_ideal_ft_payload
ft_payload,42,l4_factory_route,12.0,10.0,2.5,goal,stopped 5 cm from the goal,87.46,1.0,5.3,05d07dd9599adb3aec1a7b99e90507fc8627c8ab59ec452e0ea7bb22fad0d1b3,9aacbce0cb36,4654b83aea42,l4_factory_route_v30_rec_chest12kg_align_y+10cm_yaw+2.5_ideal_ft_payload
ft_payload,42,l4_factory_route,12.0,10.0,5.0,path_exit,"segment 10 (flat), follow",66.7,0.8058,320.6,05d07dd9599adb3aec1a7b99e90507fc8627c8ab59ec452e0ea7bb22fad0d1b3,9aacbce0cb36,4654b83aea42,l4_factory_route_v30_rec_chest12kg_align_y+10cm_yaw+5_ideal_ft_payload
ft_payload,42,l4_factory_route,2.0,-10.0,-5.0,stuck,"segment 5 (stairs_up), follow",99.04,0.3139,601.0,05d07dd9599adb3aec1a7b99e90507fc8627c8ab59ec452e0ea7bb22fad0d1b3,9aacbce0cb36,4654b83aea42,l4_factory_route_v30_rec_chest2kg_align_y-10cm_yaw-5_ideal_ft_payload
ft_payload,42,l4_factory_route,2.0,-10.0,-2.5,stuck,"segment 5 (stairs_up), follow",71.94,0.3907,739.7,05d07dd9599adb3aec1a7b99e90507fc8627c8ab59ec452e0ea7bb22fad0d1b3,9aacbce0cb36,4654b83aea42,l4_factory_route_v30_rec_chest2kg_align_y-10cm_yaw-2.5_ideal_ft_payload
ft_payload,42,l4_factory_route,2.0,-10.0,0.0,goal,stopped 3 cm from the goal,96.58,1.0,3.0,05d07dd9599adb3aec1a7b99e90507fc8627c8ab59ec452e0ea7bb22fad0d1b3,9aacbce0cb36,4654b83aea42,l4_factory_route_v30_rec_chest2kg_align_y-10cm_yaw+0_ideal_ft_payload
ft_payload,42,l4_factory_route,2.0,-10.0,2.5,path_exit,"segment 9 (stairs_down), follow",66.6,0.7406,410.5,05d07dd9599adb3aec1a7b99e90507fc8627c8ab59ec452e0ea7bb22fad0d1b3,9aacbce0cb36,4654b83aea42,l4_factory_route_v30_rec_chest2kg_align_y-10cm_yaw+2.5_ideal_ft_payload
ft_payload,42,l4_factory_route,2.0,-10.0,5.0,goal,stopped 8 cm from the goal,100.64,1.0,8.4,05d07dd9599adb3aec1a7b99e90507fc8627c8ab59ec452e0ea7bb22fad0d1b3,9aacbce0cb36,4654b83aea42,l4_factory_route_v30_rec_chest2kg_align_y-10cm_yaw+5_ideal_ft_payload
ft_payload,42,l4_factory_route,2.0,-5.0,-5.0,goal,stopped 7 cm from the goal,121.66,1.0,7.5,05d07dd9599adb3aec1a7b99e90507fc8627c8ab59ec452e0ea7bb22fad0d1b3,9aacbce0cb36,4654b83aea42,l4_factory_route_v30_rec_chest2kg_align_y-5cm_yaw-5_ideal_ft_payload
ft_payload,42,l4_factory_route,2.0,-5.0,-2.5,goal,stopped 9 cm from the goal,97.58,1.0,8.9,05d07dd9599adb3aec1a7b99e90507fc8627c8ab59ec452e0ea7bb22fad0d1b3,9aacbce0cb36,4654b83aea42,l4_factory_route_v30_rec_chest2kg_align_y-5cm_yaw-2.5_ideal_ft_payload
ft_payload,42,l4_factory_route,2.0,-5.0,0.0,stuck,"segment 1 (stairs_up), follow",40.64,0.1322,790.2,05d07dd9599adb3aec1a7b99e90507fc8627c8ab59ec452e0ea7bb22fad0d1b3,9aacbce0cb36,4654b83aea42,l4_factory_route_v30_rec_chest2kg_align_y-5cm_yaw+0_ideal_ft_payload
ft_payload,42,l4_factory_route,2.0,-5.0,2.5,path_exit,"segment 5 (stairs_up), follow",74.08,0.3139,521.2,05d07dd9599adb3aec1a7b99e90507fc8627c8ab59ec452e0ea7bb22fad0d1b3,9aacbce0cb36,4654b83aea42,l4_factory_route_v30_rec_chest2kg_align_y-5cm_yaw+2.5_ideal_ft_payload
ft_payload,42,l4_factory_route,2.0,-5.0,5.0,stuck,"segment 5 (stairs_up), follow",113.78,0.3589,682.7,05d07dd9599adb3aec1a7b99e90507fc8627c8ab59ec452e0ea7bb22fad0d1b3,9aacbce0cb36,4654b83aea42,l4_factory_route_v30_rec_chest2kg_align_y-5cm_yaw+5_ideal_ft_payload
ft_payload,42,l4_factory_route,2.0,0.0,-5.0,stuck,"segment 1 (stairs_up), follow",39.44,0.101,835.7,05d07dd9599adb3aec1a7b99e90507fc8627c8ab59ec452e0ea7bb22fad0d1b3,9aacbce0cb36,4654b83aea42,l4_factory_route_v30_rec_chest2kg_align_y+0cm_yaw-5_ideal_ft_payload
ft_payload,42,l4_factory_route,2.0,0.0,-2.5,stuck,"segment 5 (stairs_up), follow",54.94,0.3139,618.5,05d07dd9599adb3aec1a7b99e90507fc8627c8ab59ec452e0ea7bb22fad0d1b3,9aacbce0cb36,4654b83aea42,l4_factory_route_v30_rec_chest2kg_align_y+0cm_yaw-2.5_ideal_ft_payload
ft_payload,42,l4_factory_route,2.0,0.0,0.0,stuck,"segment 5 (stairs_up), follow",71.92,0.3139,605.5,05d07dd9599adb3aec1a7b99e90507fc8627c8ab59ec452e0ea7bb22fad0d1b3,9aacbce0cb36,4654b83aea42,l4_factory_route_v30_rec_chest2kg_align_y+0cm_yaw+0_ideal_ft_payload
ft_payload,42,l4_factory_route,2.0,0.0,2.5,stuck,"segment 1 (stairs_up), follow",41.34,0.1003,885.0,05d07dd9599adb3aec1a7b99e90507fc8627c8ab59ec452e0ea7bb22fad0d1b3,9aacbce0cb36,4654b83aea42,l4_factory_route_v30_rec_chest2kg_align_y+0cm_yaw+2.5_ideal_ft_payload
ft_payload,42,l4_factory_route,2.0,0.0,5.0,stuck,"segment 1 (stairs_up), follow",72.5,0.1003,839.4,05d07dd9599adb3aec1a7b99e90507fc8627c8ab59ec452e0ea7bb22fad0d1b3,9aacbce0cb36,4654b83aea42,l4_factory_route_v30_rec_chest2kg_align_y+0cm_yaw+5_ideal_ft_payload
ft_payload,42,l4_factory_route,2.0,5.0,-5.0,goal,stopped 5 cm from the goal,135.82,1.0,4.5,05d07dd9599adb3aec1a7b99e90507fc8627c8ab59ec452e0ea7bb22fad0d1b3,9aacbce0cb36,4654b83aea42,l4_factory_route_v30_rec_chest2kg_align_y+5cm_yaw-5_ideal_ft_payload
ft_payload,42,l4_factory_route,2.0,5.0,-2.5,goal,stopped 7 cm from the goal,129.72,1.0,7.2,05d07dd9599adb3aec1a7b99e90507fc8627c8ab59ec452e0ea7bb22fad0d1b3,9aacbce0cb36,4654b83aea42,l4_factory_route_v30_rec_chest2kg_align_y+5cm_yaw-2.5_ideal_ft_payload
ft_payload,42,l4_factory_route,2.0,5.0,0.0,stuck,"segment 5 (stairs_up), follow",69.5,0.3261,638.1,05d07dd9599adb3aec1a7b99e90507fc8627c8ab59ec452e0ea7bb22fad0d1b3,9aacbce0cb36,4654b83aea42,l4_factory_route_v30_rec_chest2kg_align_y+5cm_yaw+0_ideal_ft_payload
ft_payload,42,l4_factory_route,2.0,5.0,2.5,fall,segment 1 (stairs_up),58.36,0.1003,923.4,05d07dd9599adb3aec1a7b99e90507fc8627c8ab59ec452e0ea7bb22fad0d1b3,9aacbce0cb36,4654b83aea42,l4_factory_route_v30_rec_chest2kg_align_y+5cm_yaw+2.5_ideal_ft_payload
ft_payload,42,l4_factory_route,2.0,5.0,5.0,stuck,"segment 1 (stairs_up), follow",85.86,0.1496,768.6,05d07dd9599adb3aec1a7b99e90507fc8627c8ab59ec452e0ea7bb22fad0d1b3,9aacbce0cb36,4654b83aea42,l4_factory_route_v30_rec_chest2kg_align_y+5cm_yaw+5_ideal_ft_payload
ft_payload,42,l4_factory_route,2.0,10.0,-5.0,path_exit,"segment 9 (stairs_down), follow",98.98,0.7732,288.3,05d07dd9599adb3aec1a7b99e90507fc8627c8ab59ec452e0ea7bb22fad0d1b3,9aacbce0cb36,4654b83aea42,l4_factory_route_v30_rec_chest2kg_align_y+10cm_yaw-5_ideal_ft_payload
ft_payload,42,l4_factory_route,2.0,10.0,-2.5,goal,stopped 2 cm from the goal,108.38,1.0,2.3,05d07dd9599adb3aec1a7b99e90507fc8627c8ab59ec452e0ea7bb22fad0d1b3,9aacbce0cb36,4654b83aea42,l4_factory_route_v30_rec_chest2kg_align_y+10cm_yaw-2.5_ideal_ft_payload
ft_payload,42,l4_factory_route,2.0,10.0,0.0,path_exit,"segment 5 (stairs_up), follow",60.1,0.3139,552.7,05d07dd9599adb3aec1a7b99e90507fc8627c8ab59ec452e0ea7bb22fad0d1b3,9aacbce0cb36,4654b83aea42,l4_factory_route_v30_rec_chest2kg_align_y+10cm_yaw+0_ideal_ft_payload
ft_payload,42,l4_factory_route,2.0,10.0,2.5,stuck,"segment 5 (stairs_up), follow",71.4,0.3139,589.6,05d07dd9599adb3aec1a7b99e90507fc8627c8ab59ec452e0ea7bb22fad0d1b3,9aacbce0cb36,4654b83aea42,l4_factory_route_v30_rec_chest2kg_align_y+10cm_yaw+2.5_ideal_ft_payload
ft_payload,42,l4_factory_route,2.0,10.0,5.0,path_exit,"segment 1 (stairs_up), follow",27.62,0.1323,835.2,05d07dd9599adb3aec1a7b99e90507fc8627c8ab59ec452e0ea7bb22fad0d1b3,9aacbce0cb36,4654b83aea42,l4_factory_route_v30_rec_chest2kg_align_y+10cm_yaw+5_ideal_ft_payload
ft_payload,42,l4_factory_route,5.0,-10.0,-5.0,path_exit,"segment 9 (stairs_down), follow",73.34,0.7845,347.1,05d07dd9599adb3aec1a7b99e90507fc8627c8ab59ec452e0ea7bb22fad0d1b3,9aacbce0cb36,4654b83aea42,l4_factory_route_v30_rec_chest5kg_align_y-10cm_yaw-5_ideal_ft_payload
ft_payload,42,l4_factory_route,5.0,-10.0,-2.5,goal,stopped 12 cm from the goal,79.68,1.0,12.1,05d07dd9599adb3aec1a7b99e90507fc8627c8ab59ec452e0ea7bb22fad0d1b3,9aacbce0cb36,4654b83aea42,l4_factory_route_v30_rec_chest5kg_align_y-10cm_yaw-2.5_ideal_ft_payload
ft_payload,42,l4_factory_route,5.0,-10.0,0.0,path_exit,"segment 1 (stairs_up), follow",15.7,0.1003,896.9,05d07dd9599adb3aec1a7b99e90507fc8627c8ab59ec452e0ea7bb22fad0d1b3,9aacbce0cb36,4654b83aea42,l4_factory_route_v30_rec_chest5kg_align_y-10cm_yaw+0_ideal_ft_payload
ft_payload,42,l4_factory_route,5.0,-10.0,2.5,path_exit,"segment 9 (stairs_down), follow",93.46,0.7955,333.4,05d07dd9599adb3aec1a7b99e90507fc8627c8ab59ec452e0ea7bb22fad0d1b3,9aacbce0cb36,4654b83aea42,l4_factory_route_v30_rec_chest5kg_align_y-10cm_yaw+2.5_ideal_ft_payload
ft_payload,42,l4_factory_route,5.0,-10.0,5.0,goal,stopped 3 cm from the goal,71.9,1.0,2.7,05d07dd9599adb3aec1a7b99e90507fc8627c8ab59ec452e0ea7bb22fad0d1b3,9aacbce0cb36,4654b83aea42,l4_factory_route_v30_rec_chest5kg_align_y-10cm_yaw+5_ideal_ft_payload
ft_payload,42,l4_factory_route,5.0,-5.0,-5.0,path_exit,"segment 9 (stairs_down), follow",64.3,0.766,373.4,05d07dd9599adb3aec1a7b99e90507fc8627c8ab59ec452e0ea7bb22fad0d1b3,9aacbce0cb36,4654b83aea42,l4_factory_route_v30_rec_chest5kg_align_y-5cm_yaw-5_ideal_ft_payload
ft_payload,42,l4_factory_route,5.0,-5.0,-2.5,stuck,"segment 1 (stairs_up), follow",34.98,0.1124,812.2,05d07dd9599adb3aec1a7b99e90507fc8627c8ab59ec452e0ea7bb22fad0d1b3,9aacbce0cb36,4654b83aea42,l4_factory_route_v30_rec_chest5kg_align_y-5cm_yaw-2.5_ideal_ft_payload
ft_payload,42,l4_factory_route,5.0,-5.0,0.0,path_exit,"segment 5 (stairs_up), follow",68.16,0.3139,657.5,05d07dd9599adb3aec1a7b99e90507fc8627c8ab59ec452e0ea7bb22fad0d1b3,9aacbce0cb36,4654b83aea42,l4_factory_route_v30_rec_chest5kg_align_y-5cm_yaw+0_ideal_ft_payload
ft_payload,42,l4_factory_route,5.0,-5.0,2.5,stuck,"segment 1 (stairs_up), follow",35.78,0.1003,846.9,05d07dd9599adb3aec1a7b99e90507fc8627c8ab59ec452e0ea7bb22fad0d1b3,9aacbce0cb36,4654b83aea42,l4_factory_route_v30_rec_chest5kg_align_y-5cm_yaw+2.5_ideal_ft_payload
ft_payload,42,l4_factory_route,5.0,-5.0,5.0,goal,stopped 9 cm from the goal,77.78,1.0,8.6,05d07dd9599adb3aec1a7b99e90507fc8627c8ab59ec452e0ea7bb22fad0d1b3,9aacbce0cb36,4654b83aea42,l4_factory_route_v30_rec_chest5kg_align_y-5cm_yaw+5_ideal_ft_payload
ft_payload,42,l4_factory_route,5.0,0.0,-5.0,goal,stopped 4 cm from the goal,91.28,1.0,3.5,05d07dd9599adb3aec1a7b99e90507fc8627c8ab59ec452e0ea7bb22fad0d1b3,9aacbce0cb36,4654b83aea42,l4_factory_route_v30_rec_chest5kg_align_y+0cm_yaw-5_ideal_ft_payload
ft_payload,42,l4_factory_route,5.0,0.0,-2.5,path_exit,"segment 9 (stairs_down), follow",58.64,0.7551,388.7,05d07dd9599adb3aec1a7b99e90507fc8627c8ab59ec452e0ea7bb22fad0d1b3,9aacbce0cb36,4654b83aea42,l4_factory_route_v30_rec_chest5kg_align_y+0cm_yaw-2.5_ideal_ft_payload
ft_payload,42,l4_factory_route,5.0,0.0,0.0,stuck,"segment 1 (stairs_up), follow",37.0,0.1003,839.7,05d07dd9599adb3aec1a7b99e90507fc8627c8ab59ec452e0ea7bb22fad0d1b3,9aacbce0cb36,4654b83aea42,l4_factory_route_v30_rec_chest5kg_align_y+0cm_yaw+0_ideal_ft_payload
ft_payload,42,l4_factory_route,5.0,0.0,2.5,goal,stopped 2 cm from the goal,80.08,1.0,2.0,05d07dd9599adb3aec1a7b99e90507fc8627c8ab59ec452e0ea7bb22fad0d1b3,9aacbce0cb36,4654b83aea42,l4_factory_route_v30_rec_chest5kg_align_y+0cm_yaw+2.5_ideal_ft_payload
ft_payload,42,l4_factory_route,5.0,0.0,5.0,stuck,"segment 5 (stairs_up), follow",96.04,0.3316,640.9,05d07dd9599adb3aec1a7b99e90507fc8627c8ab59ec452e0ea7bb22fad0d1b3,9aacbce0cb36,4654b83aea42,l4_factory_route_v30_rec_chest5kg_align_y+0cm_yaw+5_ideal_ft_payload
ft_payload,42,l4_factory_route,5.0,5.0,-5.0,goal,stopped 6 cm from the goal,80.74,1.0,6.3,05d07dd9599adb3aec1a7b99e90507fc8627c8ab59ec452e0ea7bb22fad0d1b3,9aacbce0cb36,4654b83aea42,l4_factory_route_v30_rec_chest5kg_align_y+5cm_yaw-5_ideal_ft_payload
ft_payload,42,l4_factory_route,5.0,5.0,-2.5,goal,stopped 1 cm from the goal,87.72,1.0,0.8,05d07dd9599adb3aec1a7b99e90507fc8627c8ab59ec452e0ea7bb22fad0d1b3,9aacbce0cb36,4654b83aea42,l4_factory_route_v30_rec_chest5kg_align_y+5cm_yaw-2.5_ideal_ft_payload
ft_payload,42,l4_factory_route,5.0,5.0,0.0,goal,stopped 6 cm from the goal,80.82,1.0,5.7,05d07dd9599adb3aec1a7b99e90507fc8627c8ab59ec452e0ea7bb22fad0d1b3,9aacbce0cb36,4654b83aea42,l4_factory_route_v30_rec_chest5kg_align_y+5cm_yaw+0_ideal_ft_payload
ft_payload,42,l4_factory_route,5.0,5.0,2.5,goal,stopped 4 cm from the goal,103.0,1.0,4.4,05d07dd9599adb3aec1a7b99e90507fc8627c8ab59ec452e0ea7bb22fad0d1b3,9aacbce0cb36,4654b83aea42,l4_factory_route_v30_rec_chest5kg_align_y+5cm_yaw+2.5_ideal_ft_payload
ft_payload,42,l4_factory_route,5.0,5.0,5.0,goal,stopped 6 cm from the goal,70.94,1.0,6.0,05d07dd9599adb3aec1a7b99e90507fc8627c8ab59ec452e0ea7bb22fad0d1b3,9aacbce0cb36,4654b83aea42,l4_factory_route_v30_rec_chest5kg_align_y+5cm_yaw+5_ideal_ft_payload
ft_payload,42,l4_factory_route,5.0,10.0,-5.0,path_exit,"segment 9 (stairs_down), follow",80.6,0.7953,333.5,05d07dd9599adb3aec1a7b99e90507fc8627c8ab59ec452e0ea7bb22fad0d1b3,9aacbce0cb36,4654b83aea42,l4_factory_route_v30_rec_chest5kg_align_y+10cm_yaw-5_ideal_ft_payload
ft_payload,42,l4_factory_route,5.0,10.0,-2.5,goal,stopped 1 cm from the goal,77.5,1.0,0.7,05d07dd9599adb3aec1a7b99e90507fc8627c8ab59ec452e0ea7bb22fad0d1b3,9aacbce0cb36,4654b83aea42,l4_factory_route_v30_rec_chest5kg_align_y+10cm_yaw-2.5_ideal_ft_payload
ft_payload,42,l4_factory_route,5.0,10.0,0.0,path_exit,"segment 9 (stairs_down), follow",87.26,0.786,266.1,05d07dd9599adb3aec1a7b99e90507fc8627c8ab59ec452e0ea7bb22fad0d1b3,9aacbce0cb36,4654b83aea42,l4_factory_route_v30_rec_chest5kg_align_y+10cm_yaw+0_ideal_ft_payload
ft_payload,42,l4_factory_route,5.0,10.0,2.5,goal,stopped 0 cm from the goal,76.18,1.0,0.5,05d07dd9599adb3aec1a7b99e90507fc8627c8ab59ec452e0ea7bb22fad0d1b3,9aacbce0cb36,4654b83aea42,l4_factory_route_v30_rec_chest5kg_align_y+10cm_yaw+2.5_ideal_ft_payload
ft_payload,42,l4_factory_route,5.0,10.0,5.0,goal,stopped 2 cm from the goal,81.36,1.0,1.9,05d07dd9599adb3aec1a7b99e90507fc8627c8ab59ec452e0ea7bb22fad0d1b3,9aacbce0cb36,4654b83aea42,l4_factory_route_v30_rec_chest5kg_align_y+10cm_yaw+5_ideal_ft_payload
ft_payload,42,l4_factory_route,8.0,-10.0,-5.0,goal,stopped 6 cm from the goal,104.62,1.0,6.3,05d07dd9599adb3aec1a7b99e90507fc8627c8ab59ec452e0ea7bb22fad0d1b3,9aacbce0cb36,4654b83aea42,l4_factory_route_v30_rec_chest8kg_align_y-10cm_yaw-5_ideal_ft_payload
ft_payload,42,l4_factory_route,8.0,-10.0,-2.5,goal,stopped 7 cm from the goal,78.34,1.0,7.2,05d07dd9599adb3aec1a7b99e90507fc8627c8ab59ec452e0ea7bb22fad0d1b3,9aacbce0cb36,4654b83aea42,l4_factory_route_v30_rec_chest8kg_align_y-10cm_yaw-2.5_ideal_ft_payload
ft_payload,42,l4_factory_route,8.0,-10.0,0.0,goal,stopped 4 cm from the goal,76.9,1.0,3.6,05d07dd9599adb3aec1a7b99e90507fc8627c8ab59ec452e0ea7bb22fad0d1b3,9aacbce0cb36,4654b83aea42,l4_factory_route_v30_rec_chest8kg_align_y-10cm_yaw+0_ideal_ft_payload
ft_payload,42,l4_factory_route,8.0,-10.0,2.5,fall,segment 1 (stairs_up),10.62,0.1003,881.3,05d07dd9599adb3aec1a7b99e90507fc8627c8ab59ec452e0ea7bb22fad0d1b3,9aacbce0cb36,4654b83aea42,l4_factory_route_v30_rec_chest8kg_align_y-10cm_yaw+2.5_ideal_ft_payload
ft_payload,42,l4_factory_route,8.0,-10.0,5.0,goal,stopped 7 cm from the goal,91.9,1.0,6.5,05d07dd9599adb3aec1a7b99e90507fc8627c8ab59ec452e0ea7bb22fad0d1b3,9aacbce0cb36,4654b83aea42,l4_factory_route_v30_rec_chest8kg_align_y-10cm_yaw+5_ideal_ft_payload
ft_payload,42,l4_factory_route,8.0,-5.0,-5.0,goal,stopped 2 cm from the goal,107.22,1.0,2.3,05d07dd9599adb3aec1a7b99e90507fc8627c8ab59ec452e0ea7bb22fad0d1b3,9aacbce0cb36,4654b83aea42,l4_factory_route_v30_rec_chest8kg_align_y-5cm_yaw-5_ideal_ft_payload
ft_payload,42,l4_factory_route,8.0,-5.0,-2.5,path_exit,"segment 5 (stairs_up), follow",65.9,0.3243,678.6,05d07dd9599adb3aec1a7b99e90507fc8627c8ab59ec452e0ea7bb22fad0d1b3,9aacbce0cb36,4654b83aea42,l4_factory_route_v30_rec_chest8kg_align_y-5cm_yaw-2.5_ideal_ft_payload
ft_payload,42,l4_factory_route,8.0,-5.0,0.0,path_exit,"segment 9 (stairs_down), follow",64.32,0.7873,343.9,05d07dd9599adb3aec1a7b99e90507fc8627c8ab59ec452e0ea7bb22fad0d1b3,9aacbce0cb36,4654b83aea42,l4_factory_route_v30_rec_chest8kg_align_y-5cm_yaw+0_ideal_ft_payload
ft_payload,42,l4_factory_route,8.0,-5.0,2.5,goal,stopped 5 cm from the goal,72.96,1.0,5.5,05d07dd9599adb3aec1a7b99e90507fc8627c8ab59ec452e0ea7bb22fad0d1b3,9aacbce0cb36,4654b83aea42,l4_factory_route_v30_rec_chest8kg_align_y-5cm_yaw+2.5_ideal_ft_payload
ft_payload,42,l4_factory_route,8.0,-5.0,5.0,path_exit,"segment 5 (stairs_up), follow",40.3,0.3512,715.2,05d07dd9599adb3aec1a7b99e90507fc8627c8ab59ec452e0ea7bb22fad0d1b3,9aacbce0cb36,4654b83aea42,l4_factory_route_v30_rec_chest8kg_align_y-5cm_yaw+5_ideal_ft_payload
ft_payload,42,l4_factory_route,8.0,0.0,-5.0,goal,stopped 3 cm from the goal,97.56,1.0,2.8,05d07dd9599adb3aec1a7b99e90507fc8627c8ab59ec452e0ea7bb22fad0d1b3,9aacbce0cb36,4654b83aea42,l4_factory_route_v30_rec_chest8kg_align_y+0cm_yaw-5_ideal_ft_payload
ft_payload,42,l4_factory_route,8.0,0.0,-2.5,path_exit,"segment 9 (stairs_down), follow",73.26,0.7283,430.1,05d07dd9599adb3aec1a7b99e90507fc8627c8ab59ec452e0ea7bb22fad0d1b3,9aacbce0cb36,4654b83aea42,l4_factory_route_v30_rec_chest8kg_align_y+0cm_yaw-2.5_ideal_ft_payload
ft_payload,42,l4_factory_route,8.0,0.0,0.0,goal,stopped 5 cm from the goal,105.44,1.0,5.1,05d07dd9599adb3aec1a7b99e90507fc8627c8ab59ec452e0ea7bb22fad0d1b3,9aacbce0cb36,4654b83aea42,l4_factory_route_v30_rec_chest8kg_align_y+0cm_yaw+0_ideal_ft_payload
ft_payload,42,l4_factory_route,8.0,0.0,2.5,goal,stopped 3 cm from the goal,82.98,1.0,3.3,05d07dd9599adb3aec1a7b99e90507fc8627c8ab59ec452e0ea7bb22fad0d1b3,9aacbce0cb36,4654b83aea42,l4_factory_route_v30_rec_chest8kg_align_y+0cm_yaw+2.5_ideal_ft_payload
ft_payload,42,l4_factory_route,8.0,0.0,5.0,path_exit,"segment 9 (stairs_down), follow",63.28,0.7695,367.6,05d07dd9599adb3aec1a7b99e90507fc8627c8ab59ec452e0ea7bb22fad0d1b3,9aacbce0cb36,4654b83aea42,l4_factory_route_v30_rec_chest8kg_align_y+0cm_yaw+5_ideal_ft_payload
ft_payload,42,l4_factory_route,8.0,5.0,-5.0,path_exit,"segment 9 (stairs_down), follow",60.18,0.7123,455.5,05d07dd9599adb3aec1a7b99e90507fc8627c8ab59ec452e0ea7bb22fad0d1b3,9aacbce0cb36,4654b83aea42,l4_factory_route_v30_rec_chest8kg_align_y+5cm_yaw-5_ideal_ft_payload
ft_payload,42,l4_factory_route,8.0,5.0,-2.5,goal,stopped 0 cm from the goal,78.6,1.0,0.4,05d07dd9599adb3aec1a7b99e90507fc8627c8ab59ec452e0ea7bb22fad0d1b3,9aacbce0cb36,4654b83aea42,l4_factory_route_v30_rec_chest8kg_align_y+5cm_yaw-2.5_ideal_ft_payload
ft_payload,42,l4_factory_route,8.0,5.0,0.0,path_exit,"segment 10 (flat), follow",78.68,0.8057,321.2,05d07dd9599adb3aec1a7b99e90507fc8627c8ab59ec452e0ea7bb22fad0d1b3,9aacbce0cb36,4654b83aea42,l4_factory_route_v30_rec_chest8kg_align_y+5cm_yaw+0_ideal_ft_payload
ft_payload,42,l4_factory_route,8.0,5.0,2.5,path_exit,"segment 9 (stairs_down), follow",81.34,0.7902,339.5,05d07dd9599adb3aec1a7b99e90507fc8627c8ab59ec452e0ea7bb22fad0d1b3,9aacbce0cb36,4654b83aea42,l4_factory_route_v30_rec_chest8kg_align_y+5cm_yaw+2.5_ideal_ft_payload
ft_payload,42,l4_factory_route,8.0,5.0,5.0,goal,stopped 1 cm from the goal,91.88,1.0,0.9,05d07dd9599adb3aec1a7b99e90507fc8627c8ab59ec452e0ea7bb22fad0d1b3,9aacbce0cb36,4654b83aea42,l4_factory_route_v30_rec_chest8kg_align_y+5cm_yaw+5_ideal_ft_payload
ft_payload,42,l4_factory_route,8.0,10.0,-5.0,path_exit,"segment 9 (stairs_down), follow",79.54,0.7511,394.7,05d07dd9599adb3aec1a7b99e90507fc8627c8ab59ec452e0ea7bb22fad0d1b3,9aacbce0cb36,4654b83aea42,l4_factory_route_v30_rec_chest8kg_align_y+10cm_yaw-5_ideal_ft_payload
ft_payload,42,l4_factory_route,8.0,10.0,-2.5,stuck,"segment 1 (stairs_up), follow",33.1,0.1141,816.0,05d07dd9599adb3aec1a7b99e90507fc8627c8ab59ec452e0ea7bb22fad0d1b3,9aacbce0cb36,4654b83aea42,l4_factory_route_v30_rec_chest8kg_align_y+10cm_yaw-2.5_ideal_ft_payload
ft_payload,42,l4_factory_route,8.0,10.0,0.0,goal,stopped 4 cm from the goal,78.98,1.0,4.5,05d07dd9599adb3aec1a7b99e90507fc8627c8ab59ec452e0ea7bb22fad0d1b3,9aacbce0cb36,4654b83aea42,l4_factory_route_v30_rec_chest8kg_align_y+10cm_yaw+0_ideal_ft_payload
ft_payload,42,l4_factory_route,8.0,10.0,2.5,goal,stopped 5 cm from the goal,96.68,1.0,4.5,05d07dd9599adb3aec1a7b99e90507fc8627c8ab59ec452e0ea7bb22fad0d1b3,9aacbce0cb36,4654b83aea42,l4_factory_route_v30_rec_chest8kg_align_y+10cm_yaw+2.5_ideal_ft_payload
ft_payload,42,l4_factory_route,8.0,10.0,5.0,goal,stopped 5 cm from the goal,83.24,1.0,5.3,05d07dd9599adb3aec1a7b99e90507fc8627c8ab59ec452e0ea7bb22fad0d1b3,9aacbce0cb36,4654b83aea42,l4_factory_route_v30_rec_chest8kg_align_y+10cm_yaw+5_ideal_ft_payload
ft_payload_descent,42,diag_down,,-10.0,-5.0,goal,stopped 4 cm from the goal,25.78,1.0,4.2,6eba22dd191ab238fcc20576667ab20dbffb7a607eb7c794d3409a771cf47171,9aacbce0cb36,4654b83aea42,diag_down_v30_rec_align_y-10cm_yaw-5_ideal_ft_payload_descent
ft_payload_descent,42,diag_down,,-10.0,0.0,goal,stopped 2 cm from the goal,33.34,1.0,1.7,6eba22dd191ab238fcc20576667ab20dbffb7a607eb7c794d3409a771cf47171,9aacbce0cb36,4654b83aea42,diag_down_v30_rec_align_y-10cm_yaw+0_ideal_ft_payload_descent
ft_payload_descent,42,diag_down,,-10.0,5.0,goal,stopped 7 cm from the goal,32.1,1.0,6.6,6eba22dd191ab238fcc20576667ab20dbffb7a607eb7c794d3409a771cf47171,9aacbce0cb36,4654b83aea42,diag_down_v30_rec_align_y-10cm_yaw+5_ideal_ft_payload_descent
ft_payload_descent,42,diag_down,,0.0,-5.0,goal,stopped 5 cm from the goal,34.84,1.0,4.8,6eba22dd191ab238fcc20576667ab20dbffb7a607eb7c794d3409a771cf47171,9aacbce0cb36,4654b83aea42,diag_down_v30_rec_align_y+0cm_yaw-5_ideal_ft_payload_descent
ft_payload_descent,42,diag_down,,0.0,0.0,goal,stopped 5 cm from the goal,37.98,1.0,4.8,6eba22dd191ab238fcc20576667ab20dbffb7a607eb7c794d3409a771cf47171,9aacbce0cb36,4654b83aea42,diag_down_v30_rec_align_y+0cm_yaw+0_ideal_ft_payload_descent
ft_payload_descent,42,diag_down,,0.0,5.0,goal,stopped 4 cm from the goal,35.08,1.0,4.4,6eba22dd191ab238fcc20576667ab20dbffb7a607eb7c794d3409a771cf47171,9aacbce0cb36,4654b83aea42,diag_down_v30_rec_align_y+0cm_yaw+5_ideal_ft_payload_descent
ft_payload_descent,42,diag_down,,10.0,-5.0,goal,stopped 5 cm from the goal,31.76,1.0,5.0,6eba22dd191ab238fcc20576667ab20dbffb7a607eb7c794d3409a771cf47171,9aacbce0cb36,4654b83aea42,diag_down_v30_rec_align_y+10cm_yaw-5_ideal_ft_payload_descent
ft_payload_descent,42,diag_down,,10.0,0.0,path_exit,"segment 1 (stairs_down), follow",20.12,0.4299,409.6,6eba22dd191ab238fcc20576667ab20dbffb7a607eb7c794d3409a771cf47171,9aacbce0cb36,4654b83aea42,diag_down_v30_rec_align_y+10cm_yaw+0_ideal_ft_payload_descent
ft_payload_descent,42,diag_down,,10.0,5.0,path_exit,"segment 1 (stairs_down), follow",23.94,0.5307,338.6,6eba22dd191ab238fcc20576667ab20dbffb7a607eb7c794d3409a771cf47171,9aacbce0cb36,4654b83aea42,diag_down_v30_rec_align_y+10cm_yaw+5_ideal_ft_payload_descent
ft_payload_descent,42,l1_corner,12.0,-10.0,-5.0,goal,stopped 2 cm from the goal,31.22,1.0,1.6,6eba22dd191ab238fcc20576667ab20dbffb7a607eb7c794d3409a771cf47171,9aacbce0cb36,4654b83aea42,l1_corner_v30_rec_chest12kg_align_y-10cm_yaw-5_ideal_ft_payload_descent
ft_payload_descent,42,l1_corner,12.0,-10.0,0.0,goal,stopped 1 cm from the goal,28.8,1.0,1.4,6eba22dd191ab238fcc20576667ab20dbffb7a607eb7c794d3409a771cf47171,9aacbce0cb36,4654b83aea42,l1_corner_v30_rec_chest12kg_align_y-10cm_yaw+0_ideal_ft_payload_descent
ft_payload_descent,42,l1_corner,12.0,-10.0,5.0,goal,stopped 1 cm from the goal,28.24,1.0,0.8,6eba22dd191ab238fcc20576667ab20dbffb7a607eb7c794d3409a771cf47171,9aacbce0cb36,4654b83aea42,l1_corner_v30_rec_chest12kg_align_y-10cm_yaw+5_ideal_ft_payload_descent
ft_payload_descent,42,l1_corner,12.0,0.0,-5.0,goal,stopped 1 cm from the goal,27.22,1.0,1.2,6eba22dd191ab238fcc20576667ab20dbffb7a607eb7c794d3409a771cf47171,9aacbce0cb36,4654b83aea42,l1_corner_v30_rec_chest12kg_align_y+0cm_yaw-5_ideal_ft_payload_descent
ft_payload_descent,42,l1_corner,12.0,0.0,0.0,goal,stopped 1 cm from the goal,29.7,1.0,0.6,6eba22dd191ab238fcc20576667ab20dbffb7a607eb7c794d3409a771cf47171,9aacbce0cb36,4654b83aea42,l1_corner_v30_rec_chest12kg_align_y+0cm_yaw+0_ideal_ft_payload_descent
ft_payload_descent,42,l1_corner,12.0,0.0,5.0,goal,stopped 1 cm from the goal,25.38,1.0,0.8,6eba22dd191ab238fcc20576667ab20dbffb7a607eb7c794d3409a771cf47171,9aacbce0cb36,4654b83aea42,l1_corner_v30_rec_chest12kg_align_y+0cm_yaw+5_ideal_ft_payload_descent
ft_payload_descent,42,l1_corner,12.0,10.0,-5.0,goal,stopped 1 cm from the goal,27.08,1.0,1.3,6eba22dd191ab238fcc20576667ab20dbffb7a607eb7c794d3409a771cf47171,9aacbce0cb36,4654b83aea42,l1_corner_v30_rec_chest12kg_align_y+10cm_yaw-5_ideal_ft_payload_descent
ft_payload_descent,42,l1_corner,12.0,10.0,0.0,goal,stopped 1 cm from the goal,29.0,1.0,1.0,6eba22dd191ab238fcc20576667ab20dbffb7a607eb7c794d3409a771cf47171,9aacbce0cb36,4654b83aea42,l1_corner_v30_rec_chest12kg_align_y+10cm_yaw+0_ideal_ft_payload_descent
ft_payload_descent,42,l1_corner,12.0,10.0,5.0,goal,stopped 1 cm from the goal,27.18,1.0,1.2,6eba22dd191ab238fcc20576667ab20dbffb7a607eb7c794d3409a771cf47171,9aacbce0cb36,4654b83aea42,l1_corner_v30_rec_chest12kg_align_y+10cm_yaw+5_ideal_ft_payload_descent
ft_payload_descent,42,l2_corner_stairs,12.0,-10.0,-5.0,goal,stopped 2 cm from the goal,88.0,1.0,1.5,6eba22dd191ab238fcc20576667ab20dbffb7a607eb7c794d3409a771cf47171,9aacbce0cb36,4654b83aea42,l2_corner_stairs_v30_rec_chest12kg_align_y-10cm_yaw-5_ideal_ft_payload_descent
ft_payload_descent,42,l2_corner_stairs,12.0,-10.0,0.0,stuck,"segment 2 (stairs_up), follow",66.6,0.3611,508.3,6eba22dd191ab238fcc20576667ab20dbffb7a607eb7c794d3409a771cf47171,9aacbce0cb36,4654b83aea42,l2_corner_stairs_v30_rec_chest12kg_align_y-10cm_yaw+0_ideal_ft_payload_descent
ft_payload_descent,42,l2_corner_stairs,12.0,-10.0,5.0,path_exit,"segment 2 (stairs_up), follow",32.86,0.4573,470.8,6eba22dd191ab238fcc20576667ab20dbffb7a607eb7c794d3409a771cf47171,9aacbce0cb36,4654b83aea42,l2_corner_stairs_v30_rec_chest12kg_align_y-10cm_yaw+5_ideal_ft_payload_descent
ft_payload_descent,42,l2_corner_stairs,12.0,0.0,-5.0,stuck,"segment 2 (stairs_up), follow",57.18,0.373,491.8,6eba22dd191ab238fcc20576667ab20dbffb7a607eb7c794d3409a771cf47171,9aacbce0cb36,4654b83aea42,l2_corner_stairs_v30_rec_chest12kg_align_y+0cm_yaw-5_ideal_ft_payload_descent
ft_payload_descent,42,l2_corner_stairs,12.0,0.0,0.0,stuck,"segment 2 (stairs_up), follow",67.14,0.3725,511.1,6eba22dd191ab238fcc20576667ab20dbffb7a607eb7c794d3409a771cf47171,9aacbce0cb36,4654b83aea42,l2_corner_stairs_v30_rec_chest12kg_align_y+0cm_yaw+0_ideal_ft_payload_descent
ft_payload_descent,42,l2_corner_stairs,12.0,0.0,5.0,stuck,"segment 2 (stairs_up), follow",52.88,0.3153,551.5,6eba22dd191ab238fcc20576667ab20dbffb7a607eb7c794d3409a771cf47171,9aacbce0cb36,4654b83aea42,l2_corner_stairs_v30_rec_chest12kg_align_y+0cm_yaw+5_ideal_ft_payload_descent
ft_payload_descent,42,l2_corner_stairs,12.0,10.0,-5.0,goal,stopped 1 cm from the goal,57.7,1.0,0.6,6eba22dd191ab238fcc20576667ab20dbffb7a607eb7c794d3409a771cf47171,9aacbce0cb36,4654b83aea42,l2_corner_stairs_v30_rec_chest12kg_align_y+10cm_yaw-5_ideal_ft_payload_descent
ft_payload_descent,42,l2_corner_stairs,12.0,10.0,0.0,goal,stopped 2 cm from the goal,58.6,1.0,1.8,6eba22dd191ab238fcc20576667ab20dbffb7a607eb7c794d3409a771cf47171,9aacbce0cb36,4654b83aea42,l2_corner_stairs_v30_rec_chest12kg_align_y+10cm_yaw+0_ideal_ft_payload_descent
ft_payload_descent,42,l2_corner_stairs,12.0,10.0,5.0,goal,stopped 2 cm from the goal,94.12,1.0,2.1,6eba22dd191ab238fcc20576667ab20dbffb7a607eb7c794d3409a771cf47171,9aacbce0cb36,4654b83aea42,l2_corner_stairs_v30_rec_chest12kg_align_y+10cm_yaw+5_ideal_ft_payload_descent
ft_payload_descent,42,l2_corner_stairs,2.0,-10.0,-5.0,stuck,"segment 1 (flat), follow",47.32,0.3094,557.7,6eba22dd191ab238fcc20576667ab20dbffb7a607eb7c794d3409a771cf47171,9aacbce0cb36,4654b83aea42,l2_corner_stairs_v30_rec_chest2kg_align_y-10cm_yaw-5_ideal_ft_payload_descent
ft_payload_descent,42,l2_corner_stairs,2.0,-10.0,0.0,stuck,"segment 1 (flat), follow",57.86,0.3083,561.1,6eba22dd191ab238fcc20576667ab20dbffb7a607eb7c794d3409a771cf47171,9aacbce0cb36,4654b83aea42,l2_corner_stairs_v30_rec_chest2kg_align_y-10cm_yaw+0_ideal_ft_payload_descent
ft_payload_descent,42,l2_corner_stairs,2.0,-10.0,5.0,stuck,"segment 1 (flat), follow",61.0,0.3083,557.9,6eba22dd191ab238fcc20576667ab20dbffb7a607eb7c794d3409a771cf47171,9aacbce0cb36,4654b83aea42,l2_corner_stairs_v30_rec_chest2kg_align_y-10cm_yaw+5_ideal_ft_payload_descent
ft_payload_descent,42,l2_corner_stairs,2.0,0.0,-5.0,stuck,"segment 1 (flat), follow",57.7,0.2869,576.5,6eba22dd191ab238fcc20576667ab20dbffb7a607eb7c794d3409a771cf47171,9aacbce0cb36,4654b83aea42,l2_corner_stairs_v30_rec_chest2kg_align_y+0cm_yaw-5_ideal_ft_payload_descent
ft_payload_descent,42,l2_corner_stairs,2.0,0.0,0.0,stuck,"segment 1 (flat), follow",61.94,0.2786,585.2,6eba22dd191ab238fcc20576667ab20dbffb7a607eb7c794d3409a771cf47171,9aacbce0cb36,4654b83aea42,l2_corner_stairs_v30_rec_chest2kg_align_y+0cm_yaw+0_ideal_ft_payload_descent
ft_payload_descent,42,l2_corner_stairs,2.0,0.0,5.0,stuck,"segment 1 (flat), follow",48.12,0.3077,559.8,6eba22dd191ab238fcc20576667ab20dbffb7a607eb7c794d3409a771cf47171,9aacbce0cb36,4654b83aea42,l2_corner_stairs_v30_rec_chest2kg_align_y+0cm_yaw+5_ideal_ft_payload_descent
ft_payload_descent,42,l2_corner_stairs,2.0,10.0,-5.0,stuck,"segment 1 (flat), follow",47.26,0.3054,569.5,6eba22dd191ab238fcc20576667ab20dbffb7a607eb7c794d3409a771cf47171,9aacbce0cb36,4654b83aea42,l2_corner_stairs_v30_rec_chest2kg_align_y+10cm_yaw-5_ideal_ft_payload_descent
ft_payload_descent,42,l2_corner_stairs,2.0,10.0,0.0,stuck,"segment 1 (flat), follow",50.42,0.2801,583.4,6eba22dd191ab238fcc20576667ab20dbffb7a607eb7c794d3409a771cf47171,9aacbce0cb36,4654b83aea42,l2_corner_stairs_v30_rec_chest2kg_align_y+10cm_yaw+0_ideal_ft_payload_descent
ft_payload_descent,42,l2_corner_stairs,2.0,10.0,5.0,stuck,"segment 1 (flat), follow",54.56,0.284,580.4,6eba22dd191ab238fcc20576667ab20dbffb7a607eb7c794d3409a771cf47171,9aacbce0cb36,4654b83aea42,l2_corner_stairs_v30_rec_chest2kg_align_y+10cm_yaw+5_ideal_ft_payload_descent
ft_payload_descent,42,l2_corner_stairs,5.0,-10.0,-5.0,stuck,"segment 2 (stairs_up), follow",60.18,0.3153,571.2,6eba22dd191ab238fcc20576667ab20dbffb7a607eb7c794d3409a771cf47171,9aacbce0cb36,4654b83aea42,l2_corner_stairs_v30_rec_chest5kg_align_y-10cm_yaw-5_ideal_ft_payload_descent
ft_payload_descent,42,l2_corner_stairs,5.0,-10.0,0.0,stuck,"segment 2 (stairs_up), follow",78.3,0.3153,578.7,6eba22dd191ab238fcc20576667ab20dbffb7a607eb7c794d3409a771cf47171,9aacbce0cb36,4654b83aea42,l2_corner_stairs_v30_rec_chest5kg_align_y-10cm_yaw+0_ideal_ft_payload_descent
ft_payload_descent,42,l2_corner_stairs,5.0,-10.0,5.0,stuck,"segment 2 (stairs_up), follow",52.62,0.3153,578.4,6eba22dd191ab238fcc20576667ab20dbffb7a607eb7c794d3409a771cf47171,9aacbce0cb36,4654b83aea42,l2_corner_stairs_v30_rec_chest5kg_align_y-10cm_yaw+5_ideal_ft_payload_descent
ft_payload_descent,42,l2_corner_stairs,5.0,0.0,-5.0,stuck,"segment 2 (stairs_up), follow",72.9,0.3153,583.4,6eba22dd191ab238fcc20576667ab20dbffb7a607eb7c794d3409a771cf47171,9aacbce0cb36,4654b83aea42,l2_corner_stairs_v30_rec_chest5kg_align_y+0cm_yaw-5_ideal_ft_payload_descent
ft_payload_descent,42,l2_corner_stairs,5.0,0.0,0.0,stuck,"segment 1 (flat), follow",45.88,0.3077,563.7,6eba22dd191ab238fcc20576667ab20dbffb7a607eb7c794d3409a771cf47171,9aacbce0cb36,4654b83aea42,l2_corner_stairs_v30_rec_chest5kg_align_y+0cm_yaw+0_ideal_ft_payload_descent
ft_payload_descent,42,l2_corner_stairs,5.0,0.0,5.0,stuck,"segment 2 (stairs_up), follow",68.6,0.3153,563.8,6eba22dd191ab238fcc20576667ab20dbffb7a607eb7c794d3409a771cf47171,9aacbce0cb36,4654b83aea42,l2_corner_stairs_v30_rec_chest5kg_align_y+0cm_yaw+5_ideal_ft_payload_descent
ft_payload_descent,42,l2_corner_stairs,5.0,10.0,-5.0,stuck,"segment 2 (stairs_up), follow",57.62,0.3153,557.8,6eba22dd191ab238fcc20576667ab20dbffb7a607eb7c794d3409a771cf47171,9aacbce0cb36,4654b83aea42,l2_corner_stairs_v30_rec_chest5kg_align_y+10cm_yaw-5_ideal_ft_payload_descent
ft_payload_descent,42,l2_corner_stairs,5.0,10.0,0.0,stuck,"segment 2 (stairs_up), follow",53.76,0.3153,566.9,6eba22dd191ab238fcc20576667ab20dbffb7a607eb7c794d3409a771cf47171,9aacbce0cb36,4654b83aea42,l2_corner_stairs_v30_rec_chest5kg_align_y+10cm_yaw+0_ideal_ft_payload_descent
ft_payload_descent,42,l2_corner_stairs,5.0,10.0,5.0,stuck,"segment 2 (stairs_up), follow",95.52,0.3153,577.8,6eba22dd191ab238fcc20576667ab20dbffb7a607eb7c794d3409a771cf47171,9aacbce0cb36,4654b83aea42,l2_corner_stairs_v30_rec_chest5kg_align_y+10cm_yaw+5_ideal_ft_payload_descent
ft_payload_descent,42,l2_corner_stairs,8.0,-10.0,-5.0,goal,stopped 2 cm from the goal,59.76,1.0,1.5,6eba22dd191ab238fcc20576667ab20dbffb7a607eb7c794d3409a771cf47171,9aacbce0cb36,4654b83aea42,l2_corner_stairs_v30_rec_chest8kg_align_y-10cm_yaw-5_ideal_ft_payload_descent
ft_payload_descent,42,l2_corner_stairs,8.0,-10.0,0.0,goal,stopped 5 cm from the goal,57.06,1.0,5.0,6eba22dd191ab238fcc20576667ab20dbffb7a607eb7c794d3409a771cf47171,9aacbce0cb36,4654b83aea42,l2_corner_stairs_v30_rec_chest8kg_align_y-10cm_yaw+0_ideal_ft_payload_descent
ft_payload_descent,42,l2_corner_stairs,8.0,-10.0,5.0,goal,stopped 5 cm from the goal,69.84,1.0,4.9,6eba22dd191ab238fcc20576667ab20dbffb7a607eb7c794d3409a771cf47171,9aacbce0cb36,4654b83aea42,l2_corner_stairs_v30_rec_chest8kg_align_y-10cm_yaw+5_ideal_ft_payload_descent
ft_payload_descent,42,l2_corner_stairs,8.0,0.0,-5.0,goal,stopped 3 cm from the goal,92.06,1.0,2.8,6eba22dd191ab238fcc20576667ab20dbffb7a607eb7c794d3409a771cf47171,9aacbce0cb36,4654b83aea42,l2_corner_stairs_v30_rec_chest8kg_align_y+0cm_yaw-5_ideal_ft_payload_descent
ft_payload_descent,42,l2_corner_stairs,8.0,0.0,0.0,goal,stopped 0 cm from the goal,61.58,1.0,0.2,6eba22dd191ab238fcc20576667ab20dbffb7a607eb7c794d3409a771cf47171,9aacbce0cb36,4654b83aea42,l2_corner_stairs_v30_rec_chest8kg_align_y+0cm_yaw+0_ideal_ft_payload_descent
ft_payload_descent,42,l2_corner_stairs,8.0,0.0,5.0,stuck,"segment 2 (stairs_up), follow",66.7,0.3153,592.2,6eba22dd191ab238fcc20576667ab20dbffb7a607eb7c794d3409a771cf47171,9aacbce0cb36,4654b83aea42,l2_corner_stairs_v30_rec_chest8kg_align_y+0cm_yaw+5_ideal_ft_payload_descent
ft_payload_descent,42,l2_corner_stairs,8.0,10.0,-5.0,path_exit,"segment 2 (stairs_up), follow",51.56,0.4146,423.9,6eba22dd191ab238fcc20576667ab20dbffb7a607eb7c794d3409a771cf47171,9aacbce0cb36,4654b83aea42,l2_corner_stairs_v30_rec_chest8kg_align_y+10cm_yaw-5_ideal_ft_payload_descent
ft_payload_descent,42,l2_corner_stairs,8.0,10.0,0.0,path_exit,"segment 2 (stairs_up), follow",40.36,0.4124,425.5,6eba22dd191ab238fcc20576667ab20dbffb7a607eb7c794d3409a771cf47171,9aacbce0cb36,4654b83aea42,l2_corner_stairs_v30_rec_chest8kg_align_y+10cm_yaw+0_ideal_ft_payload_descent
ft_payload_descent,42,l2_corner_stairs,8.0,10.0,5.0,stuck,"segment 2 (stairs_up), follow",79.16,0.4002,464.6,6eba22dd191ab238fcc20576667ab20dbffb7a607eb7c794d3409a771cf47171,9aacbce0cb36,4654b83aea42,l2_corner_stairs_v30_rec_chest8kg_align_y+10cm_yaw+5_ideal_ft_payload_descent
ft_payload_descent,42,l4_factory_route,,-10.0,-5.0,stuck,"segment 0 (flat), follow",36.84,0.0961,839.3,6eba22dd191ab238fcc20576667ab20dbffb7a607eb7c794d3409a771cf47171,9aacbce0cb36,4654b83aea42,l4_factory_route_v30_rec_align_y-10cm_yaw-5_ideal_ft_payload_descent
ft_payload_descent,42,l4_factory_route,,-10.0,-2.5,stuck,"segment 0 (flat), follow",36.6,0.0887,847.3,6eba22dd191ab238fcc20576667ab20dbffb7a607eb7c794d3409a771cf47171,9aacbce0cb36,4654b83aea42,l4_factory_route_v30_rec_align_y-10cm_yaw-2.5_ideal_ft_payload_descent
ft_payload_descent,42,l4_factory_route,,-10.0,0.0,stuck,"segment 0 (flat), follow",36.16,0.0812,861.9,6eba22dd191ab238fcc20576667ab20dbffb7a607eb7c794d3409a771cf47171,9aacbce0cb36,4654b83aea42,l4_factory_route_v30_rec_align_y-10cm_yaw+0_ideal_ft_payload_descent
ft_payload_descent,42,l4_factory_route,,-10.0,2.5,stuck,"segment 0 (flat), follow",35.98,0.0881,855.9,6eba22dd191ab238fcc20576667ab20dbffb7a607eb7c794d3409a771cf47171,9aacbce0cb36,4654b83aea42,l4_factory_route_v30_rec_align_y-10cm_yaw+2.5_ideal_ft_payload_descent
ft_payload_descent,42,l4_factory_route,,-10.0,5.0,stuck,"segment 0 (flat), follow",47.74,0.0959,838.0,6eba22dd191ab238fcc20576667ab20dbffb7a607eb7c794d3409a771cf47171,9aacbce0cb36,4654b83aea42,l4_factory_route_v30_rec_align_y-10cm_yaw+5_ideal_ft_payload_descent
ft_payload_descent,42,l4_factory_route,,-5.0,-5.0,stuck,"segment 0 (flat), follow",37.18,0.0961,837.6,6eba22dd191ab238fcc20576667ab20dbffb7a607eb7c794d3409a771cf47171,9aacbce0cb36,4654b83aea42,l4_factory_route_v30_rec_align_y-5cm_yaw-5_ideal_ft_payload_descent
ft_payload_descent,42,l4_factory_route,,-5.0,-2.5,stuck,"segment 0 (flat), follow",36.7,0.0808,867.1,6eba22dd191ab238fcc20576667ab20dbffb7a607eb7c794d3409a771cf47171,9aacbce0cb36,4654b83aea42,l4_factory_route_v30_rec_align_y-5cm_yaw-2.5_ideal_ft_payload_descent
ft_payload_descent,42,l4_factory_route,,-5.0,0.0,stuck,"segment 0 (flat), follow",36.32,0.0814,867.0,6eba22dd191ab238fcc20576667ab20dbffb7a607eb7c794d3409a771cf47171,9aacbce0cb36,4654b83aea42,l4_factory_route_v30_rec_align_y-5cm_yaw+0_ideal_ft_payload_descent
ft_payload_descent,42,l4_factory_route,,-5.0,2.5,stuck,"segment 0 (flat), follow",36.64,0.0875,852.6,6eba22dd191ab238fcc20576667ab20dbffb7a607eb7c794d3409a771cf47171,9aacbce0cb36,4654b83aea42,l4_factory_route_v30_rec_align_y-5cm_yaw+2.5_ideal_ft_payload_descent
ft_payload_descent,42,l4_factory_route,,-5.0,5.0,stuck,"segment 0 (flat), follow",36.18,0.0971,840.5,6eba22dd191ab238fcc20576667ab20dbffb7a607eb7c794d3409a771cf47171,9aacbce0cb36,4654b83aea42,l4_factory_route_v30_rec_align_y-5cm_yaw+5_ideal_ft_payload_descent
ft_payload_descent,42,l4_factory_route,,0.0,-5.0,stuck,"segment 0 (flat), follow",36.76,0.0793,866.4,6eba22dd191ab238fcc20576667ab20dbffb7a607eb7c794d3409a771cf47171,9aacbce0cb36,4654b83aea42,l4_factory_route_v30_rec_align_y+0cm_yaw-5_ideal_ft_payload_descent
ft_payload_descent,42,l4_factory_route,,0.0,-2.5,stuck,"segment 0 (flat), follow",36.72,0.0953,844.6,6eba22dd191ab238fcc20576667ab20dbffb7a607eb7c794d3409a771cf47171,9aacbce0cb36,4654b83aea42,l4_factory_route_v30_rec_align_y+0cm_yaw-2.5_ideal_ft_payload_descent
ft_payload_descent,42,l4_factory_route,,0.0,0.0,stuck,"segment 0 (flat), follow",36.64,0.0973,840.3,6eba22dd191ab238fcc20576667ab20dbffb7a607eb7c794d3409a771cf47171,9aacbce0cb36,4654b83aea42,l4_factory_route_v30_rec_align_y+0cm_yaw+0_ideal_ft_payload_descent
ft_payload_descent,42,l4_factory_route,,0.0,2.5,stuck,"segment 0 (flat), follow",36.72,0.0975,836.5,6eba22dd191ab238fcc20576667ab20dbffb7a607eb7c794d3409a771cf47171,9aacbce0cb36,4654b83aea42,l4_factory_route_v30_rec_align_y+0cm_yaw+2.5_ideal_ft_payload_descent
ft_payload_descent,42,l4_factory_route,,0.0,5.0,stuck,"segment 0 (flat), follow",37.54,0.089,852.7,6eba22dd191ab238fcc20576667ab20dbffb7a607eb7c794d3409a771cf47171,9aacbce0cb36,4654b83aea42,l4_factory_route_v30_rec_align_y+0cm_yaw+5_ideal_ft_payload_descent
ft_payload_descent,42,l4_factory_route,,5.0,-5.0,stuck,"segment 0 (flat), follow",37.12,0.0952,836.6,6eba22dd191ab238fcc20576667ab20dbffb7a607eb7c794d3409a771cf47171,9aacbce0cb36,4654b83aea42,l4_factory_route_v30_rec_align_y+5cm_yaw-5_ideal_ft_payload_descent
ft_payload_descent,42,l4_factory_route,,5.0,-2.5,stuck,"segment 0 (flat), follow",36.84,0.086,855.5,6eba22dd191ab238fcc20576667ab20dbffb7a607eb7c794d3409a771cf47171,9aacbce0cb36,4654b83aea42,l4_factory_route_v30_rec_align_y+5cm_yaw-2.5_ideal_ft_payload_descent
ft_payload_descent,42,l4_factory_route,,5.0,0.0,stuck,"segment 0 (flat), follow",36.62,0.0969,839.9,6eba22dd191ab238fcc20576667ab20dbffb7a607eb7c794d3409a771cf47171,9aacbce0cb36,4654b83aea42,l4_factory_route_v30_rec_align_y+5cm_yaw+0_ideal_ft_payload_descent
ft_payload_descent,42,l4_factory_route,,5.0,2.5,stuck,"segment 0 (flat), follow",36.64,0.0964,840.9,6eba22dd191ab238fcc20576667ab20dbffb7a607eb7c794d3409a771cf47171,9aacbce0cb36,4654b83aea42,l4_factory_route_v30_rec_align_y+5cm_yaw+2.5_ideal_ft_payload_descent
ft_payload_descent,42,l4_factory_route,,5.0,5.0,stuck,"segment 0 (flat), follow",45.0,0.0921,844.4,6eba22dd191ab238fcc20576667ab20dbffb7a607eb7c794d3409a771cf47171,9aacbce0cb36,4654b83aea42,l4_factory_route_v30_rec_align_y+5cm_yaw+5_ideal_ft_payload_descent
ft_payload_descent,42,l4_factory_route,,10.0,-5.0,stuck,"segment 1 (stairs_up), follow",59.9,0.1003,867.8,6eba22dd191ab238fcc20576667ab20dbffb7a607eb7c794d3409a771cf47171,9aacbce0cb36,4654b83aea42,l4_factory_route_v30_rec_align_y+10cm_yaw-5_ideal_ft_payload_descent
ft_payload_descent,42,l4_factory_route,,10.0,-2.5,stuck,"segment 0 (flat), follow",36.66,0.097,841.1,6eba22dd191ab238fcc20576667ab20dbffb7a607eb7c794d3409a771cf47171,9aacbce0cb36,4654b83aea42,l4_factory_route_v30_rec_align_y+10cm_yaw-2.5_ideal_ft_payload_descent
ft_payload_descent,42,l4_factory_route,,10.0,0.0,stuck,"segment 0 (flat), follow",37.56,0.0786,869.0,6eba22dd191ab238fcc20576667ab20dbffb7a607eb7c794d3409a771cf47171,9aacbce0cb36,4654b83aea42,l4_factory_route_v30_rec_align_y+10cm_yaw+0_ideal_ft_payload_descent
ft_payload_descent,42,l4_factory_route,,10.0,2.5,stuck,"segment 0 (flat), follow",37.42,0.0918,847.6,6eba22dd191ab238fcc20576667ab20dbffb7a607eb7c794d3409a771cf47171,9aacbce0cb36,4654b83aea42,l4_factory_route_v30_rec_align_y+10cm_yaw+2.5_ideal_ft_payload_descent
ft_payload_descent,42,l4_factory_route,,10.0,5.0,stuck,"segment 0 (flat), follow",36.4,0.0957,838.5,6eba22dd191ab238fcc20576667ab20dbffb7a607eb7c794d3409a771cf47171,9aacbce0cb36,4654b83aea42,l4_factory_route_v30_rec_align_y+10cm_yaw+5_ideal_ft_payload_descent
ft_payload_descent,42,l4_factory_route,12.0,-10.0,-5.0,stuck,"segment 5 (stairs_up), follow",79.44,0.3139,619.1,6eba22dd191ab238fcc20576667ab20dbffb7a607eb7c794d3409a771cf47171,9aacbce0cb36,4654b83aea42,l4_factory_route_v30_rec_chest12kg_align_y-10cm_yaw-5_ideal_ft_payload_descent
ft_payload_descent,42,l4_factory_route,12.0,-10.0,-2.5,stuck,"segment 1 (stairs_up), follow",37.92,0.1071,832.9,6eba22dd191ab238fcc20576667ab20dbffb7a607eb7c794d3409a771cf47171,9aacbce0cb36,4654b83aea42,l4_factory_route_v30_rec_chest12kg_align_y-10cm_yaw-2.5_ideal_ft_payload_descent
ft_payload_descent,42,l4_factory_route,12.0,-10.0,0.0,path_exit,"segment 10 (flat), follow",114.86,0.8017,240.1,6eba22dd191ab238fcc20576667ab20dbffb7a607eb7c794d3409a771cf47171,9aacbce0cb36,4654b83aea42,l4_factory_route_v30_rec_chest12kg_align_y-10cm_yaw+0_ideal_ft_payload_descent
ft_payload_descent,42,l4_factory_route,12.0,-10.0,2.5,goal,stopped 3 cm from the goal,136.74,1.0,3.1,6eba22dd191ab238fcc20576667ab20dbffb7a607eb7c794d3409a771cf47171,9aacbce0cb36,4654b83aea42,l4_factory_route_v30_rec_chest12kg_align_y-10cm_yaw+2.5_ideal_ft_payload_descent
ft_payload_descent,42,l4_factory_route,12.0,-10.0,5.0,goal,stopped 1 cm from the goal,117.68,1.0,0.8,6eba22dd191ab238fcc20576667ab20dbffb7a607eb7c794d3409a771cf47171,9aacbce0cb36,4654b83aea42,l4_factory_route_v30_rec_chest12kg_align_y-10cm_yaw+5_ideal_ft_payload_descent
ft_payload_descent,42,l4_factory_route,12.0,-5.0,-5.0,path_exit,"segment 9 (stairs_down), follow",98.36,0.7365,353.7,6eba22dd191ab238fcc20576667ab20dbffb7a607eb7c794d3409a771cf47171,9aacbce0cb36,4654b83aea42,l4_factory_route_v30_rec_chest12kg_align_y-5cm_yaw-5_ideal_ft_payload_descent
ft_payload_descent,42,l4_factory_route,12.0,-5.0,-2.5,path_exit,"segment 9 (stairs_down), follow",101.66,0.6952,431.2,6eba22dd191ab238fcc20576667ab20dbffb7a607eb7c794d3409a771cf47171,9aacbce0cb36,4654b83aea42,l4_factory_route_v30_rec_chest12kg_align_y-5cm_yaw-2.5_ideal_ft_payload_descent
ft_payload_descent,42,l4_factory_route,12.0,-5.0,0.0,path_exit,"segment 5 (stairs_up), follow",79.56,0.3191,584.7,6eba22dd191ab238fcc20576667ab20dbffb7a607eb7c794d3409a771cf47171,9aacbce0cb36,4654b83aea42,l4_factory_route_v30_rec_chest12kg_align_y-5cm_yaw+0_ideal_ft_payload_descent
ft_payload_descent,42,l4_factory_route,12.0,-5.0,2.5,goal,stopped 4 cm from the goal,118.34,1.0,3.8,6eba22dd191ab238fcc20576667ab20dbffb7a607eb7c794d3409a771cf47171,9aacbce0cb36,4654b83aea42,l4_factory_route_v30_rec_chest12kg_align_y-5cm_yaw+2.5_ideal_ft_payload_descent
ft_payload_descent,42,l4_factory_route,12.0,-5.0,5.0,goal,stopped 4 cm from the goal,136.74,1.0,4.2,6eba22dd191ab238fcc20576667ab20dbffb7a607eb7c794d3409a771cf47171,9aacbce0cb36,4654b83aea42,l4_factory_route_v30_rec_chest12kg_align_y-5cm_yaw+5_ideal_ft_payload_descent
ft_payload_descent,42,l4_factory_route,12.0,0.0,-5.0,goal,stopped 1 cm from the goal,115.2,1.0,1.3,6eba22dd191ab238fcc20576667ab20dbffb7a607eb7c794d3409a771cf47171,9aacbce0cb36,4654b83aea42,l4_factory_route_v30_rec_chest12kg_align_y+0cm_yaw-5_ideal_ft_payload_descent
ft_payload_descent,42,l4_factory_route,12.0,0.0,-2.5,stuck,"segment 1 (stairs_up), follow",39.02,0.1003,852.2,6eba22dd191ab238fcc20576667ab20dbffb7a607eb7c794d3409a771cf47171,9aacbce0cb36,4654b83aea42,l4_factory_route_v30_rec_chest12kg_align_y+0cm_yaw-2.5_ideal_ft_payload_descent
ft_payload_descent,42,l4_factory_route,12.0,0.0,0.0,path_exit,"segment 5 (stairs_up), follow",63.02,0.3139,660.0,6eba22dd191ab238fcc20576667ab20dbffb7a607eb7c794d3409a771cf47171,9aacbce0cb36,4654b83aea42,l4_factory_route_v30_rec_chest12kg_align_y+0cm_yaw+0_ideal_ft_payload_descent
ft_payload_descent,42,l4_factory_route,12.0,0.0,2.5,goal,stopped 3 cm from the goal,127.32,1.0,2.7,6eba22dd191ab238fcc20576667ab20dbffb7a607eb7c794d3409a771cf47171,9aacbce0cb36,4654b83aea42,l4_factory_route_v30_rec_chest12kg_align_y+0cm_yaw+2.5_ideal_ft_payload_descent
ft_payload_descent,42,l4_factory_route,12.0,0.0,5.0,goal,stopped 2 cm from the goal,150.84,1.0,1.9,6eba22dd191ab238fcc20576667ab20dbffb7a607eb7c794d3409a771cf47171,9aacbce0cb36,4654b83aea42,l4_factory_route_v30_rec_chest12kg_align_y+0cm_yaw+5_ideal_ft_payload_descent
ft_payload_descent,42,l4_factory_route,12.0,5.0,-5.0,stuck,"segment 3 (flat), turn",48.08,0.2839,585.3,6eba22dd191ab238fcc20576667ab20dbffb7a607eb7c794d3409a771cf47171,9aacbce0cb36,4654b83aea42,l4_factory_route_v30_rec_chest12kg_align_y+5cm_yaw-5_ideal_ft_payload_descent
ft_payload_descent,42,l4_factory_route,12.0,5.0,-2.5,goal,stopped 1 cm from the goal,121.76,1.0,0.5,6eba22dd191ab238fcc20576667ab20dbffb7a607eb7c794d3409a771cf47171,9aacbce0cb36,4654b83aea42,l4_factory_route_v30_rec_chest12kg_align_y+5cm_yaw-2.5_ideal_ft_payload_descent
ft_payload_descent,42,l4_factory_route,12.0,5.0,0.0,goal,stopped 2 cm from the goal,157.1,1.0,2.2,6eba22dd191ab238fcc20576667ab20dbffb7a607eb7c794d3409a771cf47171,9aacbce0cb36,4654b83aea42,l4_factory_route_v30_rec_chest12kg_align_y+5cm_yaw+0_ideal_ft_payload_descent
ft_payload_descent,42,l4_factory_route,12.0,5.0,2.5,stuck,"segment 5 (stairs_up), follow",87.38,0.3197,618.0,6eba22dd191ab238fcc20576667ab20dbffb7a607eb7c794d3409a771cf47171,9aacbce0cb36,4654b83aea42,l4_factory_route_v30_rec_chest12kg_align_y+5cm_yaw+2.5_ideal_ft_payload_descent
ft_payload_descent,42,l4_factory_route,12.0,5.0,5.0,goal,stopped 3 cm from the goal,126.92,1.0,3.3,6eba22dd191ab238fcc20576667ab20dbffb7a607eb7c794d3409a771cf47171,9aacbce0cb36,4654b83aea42,l4_factory_route_v30_rec_chest12kg_align_y+5cm_yaw+5_ideal_ft_payload_descent
ft_payload_descent,42,l4_factory_route,12.0,10.0,-5.0,stuck,"segment 1 (stairs_up), follow",49.68,0.1003,871.6,6eba22dd191ab238fcc20576667ab20dbffb7a607eb7c794d3409a771cf47171,9aacbce0cb36,4654b83aea42,l4_factory_route_v30_rec_chest12kg_align_y+10cm_yaw-5_ideal_ft_payload_descent
ft_payload_descent,42,l4_factory_route,12.0,10.0,-2.5,stuck,"segment 5 (stairs_up), follow",87.96,0.325,633.8,6eba22dd191ab238fcc20576667ab20dbffb7a607eb7c794d3409a771cf47171,9aacbce0cb36,4654b83aea42,l4_factory_route_v30_rec_chest12kg_align_y+10cm_yaw-2.5_ideal_ft_payload_descent
ft_payload_descent,42,l4_factory_route,12.0,10.0,0.0,goal,stopped 0 cm from the goal,142.34,1.0,0.4,6eba22dd191ab238fcc20576667ab20dbffb7a607eb7c794d3409a771cf47171,9aacbce0cb36,4654b83aea42,l4_factory_route_v30_rec_chest12kg_align_y+10cm_yaw+0_ideal_ft_payload_descent
ft_payload_descent,42,l4_factory_route,12.0,10.0,2.5,path_exit,"segment 9 (stairs_down), follow",102.7,0.7387,413.6,6eba22dd191ab238fcc20576667ab20dbffb7a607eb7c794d3409a771cf47171,9aacbce0cb36,4654b83aea42,l4_factory_route_v30_rec_chest12kg_align_y+10cm_yaw+2.5_ideal_ft_payload_descent
ft_payload_descent,42,l4_factory_route,12.0,10.0,5.0,stuck,"segment 1 (stairs_up), follow",35.66,0.1003,851.1,6eba22dd191ab238fcc20576667ab20dbffb7a607eb7c794d3409a771cf47171,9aacbce0cb36,4654b83aea42,l4_factory_route_v30_rec_chest12kg_align_y+10cm_yaw+5_ideal_ft_payload_descent
ft_payload_descent,42,l4_factory_route,2.0,-10.0,-5.0,stuck,"segment 0 (flat), follow",45.78,0.0959,835.4,6eba22dd191ab238fcc20576667ab20dbffb7a607eb7c794d3409a771cf47171,9aacbce0cb36,4654b83aea42,l4_factory_route_v30_rec_chest2kg_align_y-10cm_yaw-5_ideal_ft_payload_descent
ft_payload_descent,42,l4_factory_route,2.0,-10.0,-2.5,stuck,"segment 0 (flat), follow",42.52,0.0918,848.9,6eba22dd191ab238fcc20576667ab20dbffb7a607eb7c794d3409a771cf47171,9aacbce0cb36,4654b83aea42,l4_factory_route_v30_rec_chest2kg_align_y-10cm_yaw-2.5_ideal_ft_payload_descent
ft_payload_descent,42,l4_factory_route,2.0,-10.0,0.0,stuck,"segment 0 (flat), follow",43.26,0.0973,838.3,6eba22dd191ab238fcc20576667ab20dbffb7a607eb7c794d3409a771cf47171,9aacbce0cb36,4654b83aea42,l4_factory_route_v30_rec_chest2kg_align_y-10cm_yaw+0_ideal_ft_payload_descent
ft_payload_descent,42,l4_factory_route,2.0,-10.0,2.5,stuck,"segment 0 (flat), follow",46.42,0.0934,844.5,6eba22dd191ab238fcc20576667ab20dbffb7a607eb7c794d3409a771cf47171,9aacbce0cb36,4654b83aea42,l4_factory_route_v30_rec_chest2kg_align_y-10cm_yaw+2.5_ideal_ft_payload_descent
ft_payload_descent,42,l4_factory_route,2.0,-10.0,5.0,stuck,"segment 0 (flat), follow",44.94,0.097,838.4,6eba22dd191ab238fcc20576667ab20dbffb7a607eb7c794d3409a771cf47171,9aacbce0cb36,4654b83aea42,l4_factory_route_v30_rec_chest2kg_align_y-10cm_yaw+5_ideal_ft_payload_descent
ft_payload_descent,42,l4_factory_route,2.0,-5.0,-5.0,stuck,"segment 0 (flat), follow",43.34,0.092,840.2,6eba22dd191ab238fcc20576667ab20dbffb7a607eb7c794d3409a771cf47171,9aacbce0cb36,4654b83aea42,l4_factory_route_v30_rec_chest2kg_align_y-5cm_yaw-5_ideal_ft_payload_descent
ft_payload_descent,42,l4_factory_route,2.0,-5.0,-2.5,stuck,"segment 0 (flat), follow",46.38,0.0951,841.6,6eba22dd191ab238fcc20576667ab20dbffb7a607eb7c794d3409a771cf47171,9aacbce0cb36,4654b83aea42,l4_factory_route_v30_rec_chest2kg_align_y-5cm_yaw-2.5_ideal_ft_payload_descent
ft_payload_descent,42,l4_factory_route,2.0,-5.0,0.0,stuck,"segment 0 (flat), follow",45.56,0.0974,842.0,6eba22dd191ab238fcc20576667ab20dbffb7a607eb7c794d3409a771cf47171,9aacbce0cb36,4654b83aea42,l4_factory_route_v30_rec_chest2kg_align_y-5cm_yaw+0_ideal_ft_payload_descent
ft_payload_descent,42,l4_factory_route,2.0,-5.0,2.5,stuck,"segment 0 (flat), follow",46.48,0.096,837.1,6eba22dd191ab238fcc20576667ab20dbffb7a607eb7c794d3409a771cf47171,9aacbce0cb36,4654b83aea42,l4_factory_route_v30_rec_chest2kg_align_y-5cm_yaw+2.5_ideal_ft_payload_descent
ft_payload_descent,42,l4_factory_route,2.0,-5.0,5.0,stuck,"segment 0 (flat), follow",44.86,0.0967,838.3,6eba22dd191ab238fcc20576667ab20dbffb7a607eb7c794d3409a771cf47171,9aacbce0cb36,4654b83aea42,l4_factory_route_v30_rec_chest2kg_align_y-5cm_yaw+5_ideal_ft_payload_descent
ft_payload_descent,42,l4_factory_route,2.0,0.0,-5.0,stuck,"segment 0 (flat), follow",41.66,0.0967,839.3,6eba22dd191ab238fcc20576667ab20dbffb7a607eb7c794d3409a771cf47171,9aacbce0cb36,4654b83aea42,l4_factory_route_v30_rec_chest2kg_align_y+0cm_yaw-5_ideal_ft_payload_descent
ft_payload_descent,42,l4_factory_route,2.0,0.0,-2.5,stuck,"segment 0 (flat), follow",44.1,0.0943,840.6,6eba22dd191ab238fcc20576667ab20dbffb7a607eb7c794d3409a771cf47171,9aacbce0cb36,4654b83aea42,l4_factory_route_v30_rec_chest2kg_align_y+0cm_yaw-2.5_ideal_ft_payload_descent
ft_payload_descent,42,l4_factory_route,2.0,0.0,0.0,stuck,"segment 0 (flat), follow",44.1,0.0962,840.7,6eba22dd191ab238fcc20576667ab20dbffb7a607eb7c794d3409a771cf47171,9aacbce0cb36,4654b83aea42,l4_factory_route_v30_rec_chest2kg_align_y+0cm_yaw+0_ideal_ft_payload_descent
ft_payload_descent,42,l4_factory_route,2.0,0.0,2.5,stuck,"segment 0 (flat), follow",43.96,0.0871,854.8,6eba22dd191ab238fcc20576667ab20dbffb7a607eb7c794d3409a771cf47171,9aacbce0cb36,4654b83aea42,l4_factory_route_v30_rec_chest2kg_align_y+0cm_yaw+2.5_ideal_ft_payload_descent
ft_payload_descent,42,l4_factory_route,2.0,0.0,5.0,stuck,"segment 0 (flat), follow",44.02,0.0969,840.5,6eba22dd191ab238fcc20576667ab20dbffb7a607eb7c794d3409a771cf47171,9aacbce0cb36,4654b83aea42,l4_factory_route_v30_rec_chest2kg_align_y+0cm_yaw+5_ideal_ft_payload_descent
ft_payload_descent,42,l4_factory_route,2.0,5.0,-5.0,stuck,"segment 0 (flat), follow",41.56,0.0963,838.1,6eba22dd191ab238fcc20576667ab20dbffb7a607eb7c794d3409a771cf47171,9aacbce0cb36,4654b83aea42,l4_factory_route_v30_rec_chest2kg_align_y+5cm_yaw-5_ideal_ft_payload_descent
ft_payload_descent,42,l4_factory_route,2.0,5.0,-2.5,stuck,"segment 0 (flat), follow",52.84,0.0894,847.4,6eba22dd191ab238fcc20576667ab20dbffb7a607eb7c794d3409a771cf47171,9aacbce0cb36,4654b83aea42,l4_factory_route_v30_rec_chest2kg_align_y+5cm_yaw-2.5_ideal_ft_payload_descent
ft_payload_descent,42,l4_factory_route,2.0,5.0,0.0,stuck,"segment 0 (flat), follow",47.4,0.0962,837.6,6eba22dd191ab238fcc20576667ab20dbffb7a607eb7c794d3409a771cf47171,9aacbce0cb36,4654b83aea42,l4_factory_route_v30_rec_chest2kg_align_y+5cm_yaw+0_ideal_ft_payload_descent
ft_payload_descent,42,l4_factory_route,2.0,5.0,2.5,stuck,"segment 0 (flat), follow",44.16,0.0954,840.9,6eba22dd191ab238fcc20576667ab20dbffb7a607eb7c794d3409a771cf47171,9aacbce0cb36,4654b83aea42,l4_factory_route_v30_rec_chest2kg_align_y+5cm_yaw+2.5_ideal_ft_payload_descent
ft_payload_descent,42,l4_factory_route,2.0,5.0,5.0,stuck,"segment 0 (flat), follow",51.16,0.0906,851.1,6eba22dd191ab238fcc20576667ab20dbffb7a607eb7c794d3409a771cf47171,9aacbce0cb36,4654b83aea42,l4_factory_route_v30_rec_chest2kg_align_y+5cm_yaw+5_ideal_ft_payload_descent
ft_payload_descent,42,l4_factory_route,2.0,10.0,-5.0,stuck,"segment 0 (flat), follow",40.04,0.097,838.9,6eba22dd191ab238fcc20576667ab20dbffb7a607eb7c794d3409a771cf47171,9aacbce0cb36,4654b83aea42,l4_factory_route_v30_rec_chest2kg_align_y+10cm_yaw-5_ideal_ft_payload_descent
ft_payload_descent,42,l4_factory_route,2.0,10.0,-2.5,stuck,"segment 0 (flat), follow",43.96,0.0977,837.6,6eba22dd191ab238fcc20576667ab20dbffb7a607eb7c794d3409a771cf47171,9aacbce0cb36,4654b83aea42,l4_factory_route_v30_rec_chest2kg_align_y+10cm_yaw-2.5_ideal_ft_payload_descent
ft_payload_descent,42,l4_factory_route,2.0,10.0,0.0,stuck,"segment 0 (flat), follow",43.46,0.0843,854.1,6eba22dd191ab238fcc20576667ab20dbffb7a607eb7c794d3409a771cf47171,9aacbce0cb36,4654b83aea42,l4_factory_route_v30_rec_chest2kg_align_y+10cm_yaw+0_ideal_ft_payload_descent
ft_payload_descent,42,l4_factory_route,2.0,10.0,2.5,stuck,"segment 0 (flat), follow",43.2,0.0892,853.3,6eba22dd191ab238fcc20576667ab20dbffb7a607eb7c794d3409a771cf47171,9aacbce0cb36,4654b83aea42,l4_factory_route_v30_rec_chest2kg_align_y+10cm_yaw+2.5_ideal_ft_payload_descent
ft_payload_descent,42,l4_factory_route,2.0,10.0,5.0,stuck,"segment 0 (flat), follow",42.58,0.085,852.2,6eba22dd191ab238fcc20576667ab20dbffb7a607eb7c794d3409a771cf47171,9aacbce0cb36,4654b83aea42,l4_factory_route_v30_rec_chest2kg_align_y+10cm_yaw+5_ideal_ft_payload_descent
ft_payload_descent,42,l4_factory_route,5.0,-10.0,-5.0,stuck,"segment 1 (stairs_up), follow",63.32,0.1123,813.1,6eba22dd191ab238fcc20576667ab20dbffb7a607eb7c794d3409a771cf47171,9aacbce0cb36,4654b83aea42,l4_factory_route_v30_rec_chest5kg_align_y-10cm_yaw-5_ideal_ft_payload_descent
ft_payload_descent,42,l4_factory_route,5.0,-10.0,-2.5,stuck,"segment 1 (stairs_up), follow",67.88,0.1003,863.8,6eba22dd191ab238fcc20576667ab20dbffb7a607eb7c794d3409a771cf47171,9aacbce0cb36,4654b83aea42,l4_factory_route_v30_rec_chest5kg_align_y-10cm_yaw-2.5_ideal_ft_payload_descent
ft_payload_descent,42,l4_factory_route,5.0,-10.0,0.0,stuck,"segment 1 (stairs_up), follow",67.28,0.1003,865.4,6eba22dd191ab238fcc20576667ab20dbffb7a607eb7c794d3409a771cf47171,9aacbce0cb36,4654b83aea42,l4_factory_route_v30_rec_chest5kg_align_y-10cm_yaw+0_ideal_ft_payload_descent
ft_payload_descent,42,l4_factory_route,5.0,-10.0,2.5,stuck,"segment 0 (flat), follow",34.22,0.093,844.5,6eba22dd191ab238fcc20576667ab20dbffb7a607eb7c794d3409a771cf47171,9aacbce0cb36,4654b83aea42,l4_factory_route_v30_rec_chest5kg_align_y-10cm_yaw+2.5_ideal_ft_payload_descent
ft_payload_descent,42,l4_factory_route,5.0,-10.0,5.0,stuck,"segment 1 (stairs_up), follow",41.74,0.1003,884.1,6eba22dd191ab238fcc20576667ab20dbffb7a607eb7c794d3409a771cf47171,9aacbce0cb36,4654b83aea42,l4_factory_route_v30_rec_chest5kg_align_y-10cm_yaw+5_ideal_ft_payload_descent
ft_payload_descent,42,l4_factory_route,5.0,-5.0,-5.0,stuck,"segment 1 (stairs_up), follow",48.2,0.1003,852.5,6eba22dd191ab238fcc20576667ab20dbffb7a607eb7c794d3409a771cf47171,9aacbce0cb36,4654b83aea42,l4_factory_route_v30_rec_chest5kg_align_y-5cm_yaw-5_ideal_ft_payload_descent
ft_payload_descent,42,l4_factory_route,5.0,-5.0,-2.5,stuck,"segment 1 (stairs_up), follow",64.18,0.1012,834.5,6eba22dd191ab238fcc20576667ab20dbffb7a607eb7c794d3409a771cf47171,9aacbce0cb36,4654b83aea42,l4_factory_route_v30_rec_chest5kg_align_y-5cm_yaw-2.5_ideal_ft_payload_descent
ft_payload_descent,42,l4_factory_route,5.0,-5.0,0.0,stuck,"segment 1 (stairs_up), follow",61.56,0.1268,794.1,6eba22dd191ab238fcc20576667ab20dbffb7a607eb7c794d3409a771cf47171,9aacbce0cb36,4654b83aea42,l4_factory_route_v30_rec_chest5kg_align_y-5cm_yaw+0_ideal_ft_payload_descent
ft_payload_descent,42,l4_factory_route,5.0,-5.0,2.5,stuck,"segment 1 (stairs_up), follow",42.98,0.1003,890.8,6eba22dd191ab238fcc20576667ab20dbffb7a607eb7c794d3409a771cf47171,9aacbce0cb36,4654b83aea42,l4_factory_route_v30_rec_chest5kg_align_y-5cm_yaw+2.5_ideal_ft_payload_descent
ft_payload_descent,42,l4_factory_route,5.0,-5.0,5.0,stuck,"segment 1 (stairs_up), follow",47.08,0.1003,859.7,6eba22dd191ab238fcc20576667ab20dbffb7a607eb7c794d3409a771cf47171,9aacbce0cb36,4654b83aea42,l4_factory_route_v30_rec_chest5kg_align_y-5cm_yaw+5_ideal_ft_payload_descent
ft_payload_descent,42,l4_factory_route,5.0,0.0,-5.0,stuck,"segment 1 (stairs_up), follow",54.7,0.1003,851.1,6eba22dd191ab238fcc20576667ab20dbffb7a607eb7c794d3409a771cf47171,9aacbce0cb36,4654b83aea42,l4_factory_route_v30_rec_chest5kg_align_y+0cm_yaw-5_ideal_ft_payload_descent
ft_payload_descent,42,l4_factory_route,5.0,0.0,-2.5,stuck,"segment 1 (stairs_up), follow",36.24,0.1003,864.5,6eba22dd191ab238fcc20576667ab20dbffb7a607eb7c794d3409a771cf47171,9aacbce0cb36,4654b83aea42,l4_factory_route_v30_rec_chest5kg_align_y+0cm_yaw-2.5_ideal_ft_payload_descent
ft_payload_descent,42,l4_factory_route,5.0,0.0,0.0,stuck,"segment 1 (stairs_up), follow",44.2,0.1003,895.4,6eba22dd191ab238fcc20576667ab20dbffb7a607eb7c794d3409a771cf47171,9aacbce0cb36,4654b83aea42,l4_factory_route_v30_rec_chest5kg_align_y+0cm_yaw+0_ideal_ft_payload_descent
ft_payload_descent,42,l4_factory_route,5.0,0.0,2.5,stuck,"segment 1 (stairs_up), follow",44.46,0.1003,857.5,6eba22dd191ab238fcc20576667ab20dbffb7a607eb7c794d3409a771cf47171,9aacbce0cb36,4654b83aea42,l4_factory_route_v30_rec_chest5kg_align_y+0cm_yaw+2.5_ideal_ft_payload_descent
ft_payload_descent,42,l4_factory_route,5.0,0.0,5.0,stuck,"segment 0 (flat), follow",33.48,0.0955,841.0,6eba22dd191ab238fcc20576667ab20dbffb7a607eb7c794d3409a771cf47171,9aacbce0cb36,4654b83aea42,l4_factory_route_v30_rec_chest5kg_align_y+0cm_yaw+5_ideal_ft_payload_descent
ft_payload_descent,42,l4_factory_route,5.0,5.0,-5.0,stuck,"segment 1 (stairs_up), follow",78.2,0.1003,874.8,6eba22dd191ab238fcc20576667ab20dbffb7a607eb7c794d3409a771cf47171,9aacbce0cb36,4654b83aea42,l4_factory_route_v30_rec_chest5kg_align_y+5cm_yaw-5_ideal_ft_payload_descent
ft_payload_descent,42,l4_factory_route,5.0,5.0,-2.5,stuck,"segment 1 (stairs_up), follow",62.98,0.1003,849.2,6eba22dd191ab238fcc20576667ab20dbffb7a607eb7c794d3409a771cf47171,9aacbce0cb36,4654b83aea42,l4_factory_route_v30_rec_chest5kg_align_y+5cm_yaw-2.5_ideal_ft_payload_descent
ft_payload_descent,42,l4_factory_route,5.0,5.0,0.0,stuck,"segment 1 (stairs_up), follow",52.7,0.1161,802.2,6eba22dd191ab238fcc20576667ab20dbffb7a607eb7c794d3409a771cf47171,9aacbce0cb36,4654b83aea42,l4_factory_route_v30_rec_chest5kg_align_y+5cm_yaw+0_ideal_ft_payload_descent
ft_payload_descent,42,l4_factory_route,5.0,5.0,2.5,stuck,"segment 1 (stairs_up), follow",36.88,0.1003,852.2,6eba22dd191ab238fcc20576667ab20dbffb7a607eb7c794d3409a771cf47171,9aacbce0cb36,4654b83aea42,l4_factory_route_v30_rec_chest5kg_align_y+5cm_yaw+2.5_ideal_ft_payload_descent
ft_payload_descent,42,l4_factory_route,5.0,5.0,5.0,stuck,"segment 1 (stairs_up), follow",35.24,0.1003,849.1,6eba22dd191ab238fcc20576667ab20dbffb7a607eb7c794d3409a771cf47171,9aacbce0cb36,4654b83aea42,l4_factory_route_v30_rec_chest5kg_align_y+5cm_yaw+5_ideal_ft_payload_descent
ft_payload_descent,42,l4_factory_route,5.0,10.0,-5.0,fall,segment 1 (stairs_up),21.28,0.1003,886.6,6eba22dd191ab238fcc20576667ab20dbffb7a607eb7c794d3409a771cf47171,9aacbce0cb36,4654b83aea42,l4_factory_route_v30_rec_chest5kg_align_y+10cm_yaw-5_ideal_ft_payload_descent
ft_payload_descent,42,l4_factory_route,5.0,10.0,-2.5,stuck,"segment 1 (stairs_up), follow",54.34,0.1046,828.4,6eba22dd191ab238fcc20576667ab20dbffb7a607eb7c794d3409a771cf47171,9aacbce0cb36,4654b83aea42,l4_factory_route_v30_rec_chest5kg_align_y+10cm_yaw-2.5_ideal_ft_payload_descent
ft_payload_descent,42,l4_factory_route,5.0,10.0,0.0,stuck,"segment 0 (flat), follow",33.64,0.0854,861.7,6eba22dd191ab238fcc20576667ab20dbffb7a607eb7c794d3409a771cf47171,9aacbce0cb36,4654b83aea42,l4_factory_route_v30_rec_chest5kg_align_y+10cm_yaw+0_ideal_ft_payload_descent
ft_payload_descent,42,l4_factory_route,5.0,10.0,2.5,stuck,"segment 1 (stairs_up), follow",37.3,0.1003,847.9,6eba22dd191ab238fcc20576667ab20dbffb7a607eb7c794d3409a771cf47171,9aacbce0cb36,4654b83aea42,l4_factory_route_v30_rec_chest5kg_align_y+10cm_yaw+2.5_ideal_ft_payload_descent
ft_payload_descent,42,l4_factory_route,5.0,10.0,5.0,stuck,"segment 0 (flat), follow",33.44,0.0822,862.8,6eba22dd191ab238fcc20576667ab20dbffb7a607eb7c794d3409a771cf47171,9aacbce0cb36,4654b83aea42,l4_factory_route_v30_rec_chest5kg_align_y+10cm_yaw+5_ideal_ft_payload_descent
ft_payload_descent,42,l4_factory_route,8.0,-10.0,-5.0,stuck,"segment 5 (stairs_up), follow",124.18,0.3139,600.6,6eba22dd191ab238fcc20576667ab20dbffb7a607eb7c794d3409a771cf47171,9aacbce0cb36,4654b83aea42,l4_factory_route_v30_rec_chest8kg_align_y-10cm_yaw-5_ideal_ft_payload_descent
ft_payload_descent,42,l4_factory_route,8.0,-10.0,-2.5,stuck,"segment 0 (flat), follow",32.0,0.0959,841.5,6eba22dd191ab238fcc20576667ab20dbffb7a607eb7c794d3409a771cf47171,9aacbce0cb36,4654b83aea42,l4_factory_route_v30_rec_chest8kg_align_y-10cm_yaw-2.5_ideal_ft_payload_descent
ft_payload_descent,42,l4_factory_route,8.0,-10.0,0.0,stuck,"segment 5 (stairs_up), follow",128.04,0.3139,592.6,6eba22dd191ab238fcc20576667ab20dbffb7a607eb7c794d3409a771cf47171,9aacbce0cb36,4654b83aea42,l4_factory_route_v30_rec_chest8kg_align_y-10cm_yaw+0_ideal_ft_payload_descent
ft_payload_descent,42,l4_factory_route,8.0,-10.0,2.5,stuck,"segment 5 (stairs_up), follow",79.12,0.3259,636.1,6eba22dd191ab238fcc20576667ab20dbffb7a607eb7c794d3409a771cf47171,9aacbce0cb36,4654b83aea42,l4_factory_route_v30_rec_chest8kg_align_y-10cm_yaw+2.5_ideal_ft_payload_descent
ft_payload_descent,42,l4_factory_route,8.0,-10.0,5.0,fall,segment 5 (stairs_up),81.76,0.3139,541.4,6eba22dd191ab238fcc20576667ab20dbffb7a607eb7c794d3409a771cf47171,9aacbce0cb36,4654b83aea42,l4_factory_route_v30_rec_chest8kg_align_y-10cm_yaw+5_ideal_ft_payload_descent
ft_payload_descent,42,l4_factory_route,8.0,-5.0,-5.0,stuck,"segment 1 (stairs_up), follow",51.2,0.1003,854.1,6eba22dd191ab238fcc20576667ab20dbffb7a607eb7c794d3409a771cf47171,9aacbce0cb36,4654b83aea42,l4_factory_route_v30_rec_chest8kg_align_y-5cm_yaw-5_ideal_ft_payload_descent
ft_payload_descent,42,l4_factory_route,8.0,-5.0,-2.5,stuck,"segment 1 (stairs_up), follow",39.9,0.1003,847.7,6eba22dd191ab238fcc20576667ab20dbffb7a607eb7c794d3409a771cf47171,9aacbce0cb36,4654b83aea42,l4_factory_route_v30_rec_chest8kg_align_y-5cm_yaw-2.5_ideal_ft_payload_descent
ft_payload_descent,42,l4_factory_route,8.0,-5.0,0.0,stuck,"segment 1 (stairs_up), follow",66.66,0.1003,861.4,6eba22dd191ab238fcc20576667ab20dbffb7a607eb7c794d3409a771cf47171,9aacbce0cb36,4654b83aea42,l4_factory_route_v30_rec_chest8kg_align_y-5cm_yaw+0_ideal_ft_payload_descent
ft_payload_descent,42,l4_factory_route,8.0,-5.0,2.5,goal,stopped 1 cm from the goal,134.34,1.0,0.9,6eba22dd191ab238fcc20576667ab20dbffb7a607eb7c794d3409a771cf47171,9aacbce0cb36,4654b83aea42,l4_factory_route_v30_rec_chest8kg_align_y-5cm_yaw+2.5_ideal_ft_payload_descent
ft_payload_descent,42,l4_factory_route,8.0,-5.0,5.0,goal,stopped 0 cm from the goal,148.6,1.0,0.1,6eba22dd191ab238fcc20576667ab20dbffb7a607eb7c794d3409a771cf47171,9aacbce0cb36,4654b83aea42,l4_factory_route_v30_rec_chest8kg_align_y-5cm_yaw+5_ideal_ft_payload_descent
ft_payload_descent,42,l4_factory_route,8.0,0.0,-5.0,stuck,"segment 1 (stairs_up), follow",38.26,0.1003,839.4,6eba22dd191ab238fcc20576667ab20dbffb7a607eb7c794d3409a771cf47171,9aacbce0cb36,4654b83aea42,l4_factory_route_v30_rec_chest8kg_align_y+0cm_yaw-5_ideal_ft_payload_descent
ft_payload_descent,42,l4_factory_route,8.0,0.0,-2.5,stuck,"segment 5 (stairs_up), follow",101.24,0.3139,586.0,6eba22dd191ab238fcc20576667ab20dbffb7a607eb7c794d3409a771cf47171,9aacbce0cb36,4654b83aea42,l4_factory_route_v30_rec_chest8kg_align_y+0cm_yaw-2.5_ideal_ft_payload_descent
ft_payload_descent,42,l4_factory_route,8.0,0.0,0.0,path_exit,"segment 9 (stairs_down), follow",140.06,0.7439,340.6,6eba22dd191ab238fcc20576667ab20dbffb7a607eb7c794d3409a771cf47171,9aacbce0cb36,4654b83aea42,l4_factory_route_v30_rec_chest8kg_align_y+0cm_yaw+0_ideal_ft_payload_descent
ft_payload_descent,42,l4_factory_route,8.0,0.0,2.5,stuck,"segment 0 (flat), follow",54.14,0.0991,841.8,6eba22dd191ab238fcc20576667ab20dbffb7a607eb7c794d3409a771cf47171,9aacbce0cb36,4654b83aea42,l4_factory_route_v30_rec_chest8kg_align_y+0cm_yaw+2.5_ideal_ft_payload_descent
ft_payload_descent,42,l4_factory_route,8.0,0.0,5.0,stuck,"segment 0 (flat), follow",32.32,0.0842,859.1,6eba22dd191ab238fcc20576667ab20dbffb7a607eb7c794d3409a771cf47171,9aacbce0cb36,4654b83aea42,l4_factory_route_v30_rec_chest8kg_align_y+0cm_yaw+5_ideal_ft_payload_descent
ft_payload_descent,42,l4_factory_route,8.0,5.0,-5.0,stuck,"segment 5 (stairs_up), follow",103.32,0.3212,633.9,6eba22dd191ab238fcc20576667ab20dbffb7a607eb7c794d3409a771cf47171,9aacbce0cb36,4654b83aea42,l4_factory_route_v30_rec_chest8kg_align_y+5cm_yaw-5_ideal_ft_payload_descent
ft_payload_descent,42,l4_factory_route,8.0,5.0,-2.5,stuck,"segment 1 (stairs_up), follow",58.44,0.119,821.2,6eba22dd191ab238fcc20576667ab20dbffb7a607eb7c794d3409a771cf47171,9aacbce0cb36,4654b83aea42,l4_factory_route_v30_rec_chest8kg_align_y+5cm_yaw-2.5_ideal_ft_payload_descent
ft_payload_descent,42,l4_factory_route,8.0,5.0,0.0,stuck,"segment 0 (flat), follow",31.94,0.0938,842.9,6eba22dd191ab238fcc20576667ab20dbffb7a607eb7c794d3409a771cf47171,9aacbce0cb36,4654b83aea42,l4_factory_route_v30_rec_chest8kg_align_y+5cm_yaw+0_ideal_ft_payload_descent
ft_payload_descent,42,l4_factory_route,8.0,5.0,2.5,goal,stopped 3 cm from the goal,148.56,1.0,2.8,6eba22dd191ab238fcc20576667ab20dbffb7a607eb7c794d3409a771cf47171,9aacbce0cb36,4654b83aea42,l4_factory_route_v30_rec_chest8kg_align_y+5cm_yaw+2.5_ideal_ft_payload_descent
ft_payload_descent,42,l4_factory_route,8.0,5.0,5.0,path_exit,"segment 5 (stairs_up), follow",73.74,0.3139,640.2,6eba22dd191ab238fcc20576667ab20dbffb7a607eb7c794d3409a771cf47171,9aacbce0cb36,4654b83aea42,l4_factory_route_v30_rec_chest8kg_align_y+5cm_yaw+5_ideal_ft_payload_descent
ft_payload_descent,42,l4_factory_route,8.0,10.0,-5.0,path_exit,"segment 9 (stairs_down), follow",134.56,0.7421,343.7,6eba22dd191ab238fcc20576667ab20dbffb7a607eb7c794d3409a771cf47171,9aacbce0cb36,4654b83aea42,l4_factory_route_v30_rec_chest8kg_align_y+10cm_yaw-5_ideal_ft_payload_descent
ft_payload_descent,42,l4_factory_route,8.0,10.0,-2.5,stuck,"segment 1 (stairs_up), follow",39.96,0.1277,794.7,6eba22dd191ab238fcc20576667ab20dbffb7a607eb7c794d3409a771cf47171,9aacbce0cb36,4654b83aea42,l4_factory_route_v30_rec_chest8kg_align_y+10cm_yaw-2.5_ideal_ft_payload_descent
ft_payload_descent,42,l4_factory_route,8.0,10.0,0.0,stuck,"segment 5 (stairs_up), follow",103.5,0.3515,689.3,6eba22dd191ab238fcc20576667ab20dbffb7a607eb7c794d3409a771cf47171,9aacbce0cb36,4654b83aea42,l4_factory_route_v30_rec_chest8kg_align_y+10cm_yaw+0_ideal_ft_payload_descent
ft_payload_descent,42,l4_factory_route,8.0,10.0,2.5,path_exit,"segment 9 (stairs_down), follow",158.7,0.7347,357.4,6eba22dd191ab238fcc20576667ab20dbffb7a607eb7c794d3409a771cf47171,9aacbce0cb36,4654b83aea42,l4_factory_route_v30_rec_chest8kg_align_y+10cm_yaw+2.5_ideal_ft_payload_descent
ft_payload_descent,42,l4_factory_route,8.0,10.0,5.0,stuck,"segment 0 (flat), follow",31.96,0.0963,842.3,6eba22dd191ab238fcc20576667ab20dbffb7a607eb7c794d3409a771cf47171,9aacbce0cb36,4654b83aea42,l4_factory_route_v30_rec_chest8kg_align_y+10cm_yaw+5_ideal_ft_payload_descent
ft_payload_descent_s7,7,diag_down,,-10.0,-5.0,goal,stopped 2 cm from the goal,67.46,1.0,2.3,4720e42180b365e5ee05bdf44d5e624d8cd7fde039536868551dcee1b36b2d39,9aacbce0cb36,4654b83aea42,diag_down_v30_rec_align_y-10cm_yaw-5_ideal_ft_payload_descent_s7
ft_payload_descent_s7,7,diag_down,,-10.0,0.0,goal,stopped 3 cm from the goal,51.28,1.0,2.7,4720e42180b365e5ee05bdf44d5e624d8cd7fde039536868551dcee1b36b2d39,9aacbce0cb36,4654b83aea42,diag_down_v30_rec_align_y-10cm_yaw+0_ideal_ft_payload_descent_s7
ft_payload_descent_s7,7,diag_down,,-10.0,5.0,path_exit,"segment 1 (stairs_down), follow",43.12,0.5028,358.5,4720e42180b365e5ee05bdf44d5e624d8cd7fde039536868551dcee1b36b2d39,9aacbce0cb36,4654b83aea42,diag_down_v30_rec_align_y-10cm_yaw+5_ideal_ft_payload_descent_s7
ft_payload_descent_s7,7,diag_down,,0.0,-5.0,goal,stopped 15 cm from the goal,54.4,1.0,15.0,4720e42180b365e5ee05bdf44d5e624d8cd7fde039536868551dcee1b36b2d39,9aacbce0cb36,4654b83aea42,diag_down_v30_rec_align_y+0cm_yaw-5_ideal_ft_payload_descent_s7
ft_payload_descent_s7,7,diag_down,,0.0,0.0,goal,stopped 3 cm from the goal,61.0,1.0,2.9,4720e42180b365e5ee05bdf44d5e624d8cd7fde039536868551dcee1b36b2d39,9aacbce0cb36,4654b83aea42,diag_down_v30_rec_align_y+0cm_yaw+0_ideal_ft_payload_descent_s7
ft_payload_descent_s7,7,diag_down,,0.0,5.0,goal,stopped 3 cm from the goal,54.1,1.0,3.2,4720e42180b365e5ee05bdf44d5e624d8cd7fde039536868551dcee1b36b2d39,9aacbce0cb36,4654b83aea42,diag_down_v30_rec_align_y+0cm_yaw+5_ideal_ft_payload_descent_s7
ft_payload_descent_s7,7,diag_down,,10.0,-5.0,goal,stopped 2 cm from the goal,47.36,1.0,2.4,4720e42180b365e5ee05bdf44d5e624d8cd7fde039536868551dcee1b36b2d39,9aacbce0cb36,4654b83aea42,diag_down_v30_rec_align_y+10cm_yaw-5_ideal_ft_payload_descent_s7
ft_payload_descent_s7,7,diag_down,,10.0,0.0,fall,segment 1 (stairs_down),37.9,0.5787,305.3,4720e42180b365e5ee05bdf44d5e624d8cd7fde039536868551dcee1b36b2d39,9aacbce0cb36,4654b83aea42,diag_down_v30_rec_align_y+10cm_yaw+0_ideal_ft_payload_descent_s7
ft_payload_descent_s7,7,diag_down,,10.0,5.0,goal,stopped 2 cm from the goal,54.72,1.0,1.5,4720e42180b365e5ee05bdf44d5e624d8cd7fde039536868551dcee1b36b2d39,9aacbce0cb36,4654b83aea42,diag_down_v30_rec_align_y+10cm_yaw+5_ideal_ft_payload_descent_s7
ft_payload_descent_s7,7,l1_corner,12.0,-10.0,-5.0,goal,stopped 6 cm from the goal,17.2,1.0,6.2,4720e42180b365e5ee05bdf44d5e624d8cd7fde039536868551dcee1b36b2d39,9aacbce0cb36,4654b83aea42,l1_corner_v30_rec_chest12kg_align_y-10cm_yaw-5_ideal_ft_payload_descent_s7
ft_payload_descent_s7,7,l1_corner,12.0,-10.0,0.0,goal,stopped 5 cm from the goal,17.26,1.0,5.1,4720e42180b365e5ee05bdf44d5e624d8cd7fde039536868551dcee1b36b2d39,9aacbce0cb36,4654b83aea42,l1_corner_v30_rec_chest12kg_align_y-10cm_yaw+0_ideal_ft_payload_descent_s7
ft_payload_descent_s7,7,l1_corner,12.0,-10.0,5.0,goal,stopped 6 cm from the goal,17.2,1.0,6.3,4720e42180b365e5ee05bdf44d5e624d8cd7fde039536868551dcee1b36b2d39,9aacbce0cb36,4654b83aea42,l1_corner_v30_rec_chest12kg_align_y-10cm_yaw+5_ideal_ft_payload_descent_s7
ft_payload_descent_s7,7,l1_corner,12.0,0.0,-5.0,goal,stopped 7 cm from the goal,17.04,1.0,6.5,4720e42180b365e5ee05bdf44d5e624d8cd7fde039536868551dcee1b36b2d39,9aacbce0cb36,4654b83aea42,l1_corner_v30_rec_chest12kg_align_y+0cm_yaw-5_ideal_ft_payload_descent_s7
ft_payload_descent_s7,7,l1_corner,12.0,0.0,0.0,goal,stopped 4 cm from the goal,16.7,1.0,3.7,4720e42180b365e5ee05bdf44d5e624d8cd7fde039536868551dcee1b36b2d39,9aacbce0cb36,4654b83aea42,l1_corner_v30_rec_chest12kg_align_y+0cm_yaw+0_ideal_ft_payload_descent_s7
ft_payload_descent_s7,7,l1_corner,12.0,0.0,5.0,goal,stopped 4 cm from the goal,16.68,1.0,3.7,4720e42180b365e5ee05bdf44d5e624d8cd7fde039536868551dcee1b36b2d39,9aacbce0cb36,4654b83aea42,l1_corner_v30_rec_chest12kg_align_y+0cm_yaw+5_ideal_ft_payload_descent_s7
ft_payload_descent_s7,7,l1_corner,12.0,10.0,-5.0,goal,stopped 4 cm from the goal,16.72,1.0,4.0,4720e42180b365e5ee05bdf44d5e624d8cd7fde039536868551dcee1b36b2d39,9aacbce0cb36,4654b83aea42,l1_corner_v30_rec_chest12kg_align_y+10cm_yaw-5_ideal_ft_payload_descent_s7
ft_payload_descent_s7,7,l1_corner,12.0,10.0,0.0,goal,stopped 5 cm from the goal,17.28,1.0,5.3,4720e42180b365e5ee05bdf44d5e624d8cd7fde039536868551dcee1b36b2d39,9aacbce0cb36,4654b83aea42,l1_corner_v30_rec_chest12kg_align_y+10cm_yaw+0_ideal_ft_payload_descent_s7
ft_payload_descent_s7,7,l1_corner,12.0,10.0,5.0,goal,stopped 4 cm from the goal,16.7,1.0,4.2,4720e42180b365e5ee05bdf44d5e624d8cd7fde039536868551dcee1b36b2d39,9aacbce0cb36,4654b83aea42,l1_corner_v30_rec_chest12kg_align_y+10cm_yaw+5_ideal_ft_payload_descent_s7
ft_payload_descent_s7,7,l2_corner_stairs,12.0,-10.0,-5.0,stuck,"segment 2 (stairs_up), follow",44.04,0.3194,545.6,4720e42180b365e5ee05bdf44d5e624d8cd7fde039536868551dcee1b36b2d39,9aacbce0cb36,4654b83aea42,l2_corner_stairs_v30_rec_chest12kg_align_y-10cm_yaw-5_ideal_ft_payload_descent_s7
ft_payload_descent_s7,7,l2_corner_stairs,12.0,-10.0,0.0,goal,stopped 8 cm from the goal,50.66,1.0,8.4,4720e42180b365e5ee05bdf44d5e624d8cd7fde039536868551dcee1b36b2d39,9aacbce0cb36,4654b83aea42,l2_corner_stairs_v30_rec_chest12kg_align_y-10cm_yaw+0_ideal_ft_payload_descent_s7
ft_payload_descent_s7,7,l2_corner_stairs,12.0,-10.0,5.0,goal,stopped 5 cm from the goal,58.06,1.0,5.2,4720e42180b365e5ee05bdf44d5e624d8cd7fde039536868551dcee1b36b2d39,9aacbce0cb36,4654b83aea42,l2_corner_stairs_v30_rec_chest12kg_align_y-10cm_yaw+5_ideal_ft_payload_descent_s7
ft_payload_descent_s7,7,l2_corner_stairs,12.0,0.0,-5.0,path_exit,"segment 2 (stairs_up), follow",25.16,0.4643,379.4,4720e42180b365e5ee05bdf44d5e624d8cd7fde039536868551dcee1b36b2d39,9aacbce0cb36,4654b83aea42,l2_corner_stairs_v30_rec_chest12kg_align_y+0cm_yaw-5_ideal_ft_payload_descent_s7
ft_payload_descent_s7,7,l2_corner_stairs,12.0,0.0,0.0,goal,stopped 5 cm from the goal,46.48,1.0,4.7,4720e42180b365e5ee05bdf44d5e624d8cd7fde039536868551dcee1b36b2d39,9aacbce0cb36,4654b83aea42,l2_corner_stairs_v30_rec_chest12kg_align_y+0cm_yaw+0_ideal_ft_payload_descent_s7
ft_payload_descent_s7,7,l2_corner_stairs,12.0,0.0,5.0,goal,stopped 8 cm from the goal,50.64,1.0,7.7,4720e42180b365e5ee05bdf44d5e624d8cd7fde039536868551dcee1b36b2d39,9aacbce0cb36,4654b83aea42,l2_corner_stairs_v30_rec_chest12kg_align_y+0cm_yaw+5_ideal_ft_payload_descent_s7
ft_payload_descent_s7,7,l2_corner_stairs,12.0,10.0,-5.0,goal,stopped 7 cm from the goal,48.2,1.0,7.4,4720e42180b365e5ee05bdf44d5e624d8cd7fde039536868551dcee1b36b2d39,9aacbce0cb36,4654b83aea42,l2_corner_stairs_v30_rec_chest12kg_align_y+10cm_yaw-5_ideal_ft_payload_descent_s7
ft_payload_descent_s7,7,l2_corner_stairs,12.0,10.0,0.0,goal,stopped 4 cm from the goal,42.94,1.0,4.3,4720e42180b365e5ee05bdf44d5e624d8cd7fde039536868551dcee1b36b2d39,9aacbce0cb36,4654b83aea42,l2_corner_stairs_v30_rec_chest12kg_align_y+10cm_yaw+0_ideal_ft_payload_descent_s7
ft_payload_descent_s7,7,l2_corner_stairs,12.0,10.0,5.0,path_exit,"segment 2 (stairs_up), follow",30.3,0.4996,350.3,4720e42180b365e5ee05bdf44d5e624d8cd7fde039536868551dcee1b36b2d39,9aacbce0cb36,4654b83aea42,l2_corner_stairs_v30_rec_chest12kg_align_y+10cm_yaw+5_ideal_ft_payload_descent_s7
ft_payload_descent_s7,7,l2_corner_stairs,2.0,-10.0,-5.0,stuck,"segment 1 (flat), follow",50.86,0.3037,557.2,4720e42180b365e5ee05bdf44d5e624d8cd7fde039536868551dcee1b36b2d39,9aacbce0cb36,4654b83aea42,l2_corner_stairs_v30_rec_chest2kg_align_y-10cm_yaw-5_ideal_ft_payload_descent_s7
ft_payload_descent_s7,7,l2_corner_stairs,2.0,-10.0,0.0,stuck,"segment 2 (stairs_up), follow",46.16,0.3189,537.9,4720e42180b365e5ee05bdf44d5e624d8cd7fde039536868551dcee1b36b2d39,9aacbce0cb36,4654b83aea42,l2_corner_stairs_v30_rec_chest2kg_align_y-10cm_yaw+0_ideal_ft_payload_descent_s7
ft_payload_descent_s7,7,l2_corner_stairs,2.0,-10.0,5.0,stuck,"segment 1 (flat), follow",43.4,0.2868,565.9,4720e42180b365e5ee05bdf44d5e624d8cd7fde039536868551dcee1b36b2d39,9aacbce0cb36,4654b83aea42,l2_corner_stairs_v30_rec_chest2kg_align_y-10cm_yaw+5_ideal_ft_payload_descent_s7
ft_payload_descent_s7,7,l2_corner_stairs,2.0,0.0,-5.0,stuck,"segment 2 (stairs_up), follow",75.22,0.3153,565.7,4720e42180b365e5ee05bdf44d5e624d8cd7fde039536868551dcee1b36b2d39,9aacbce0cb36,4654b83aea42,l2_corner_stairs_v30_rec_chest2kg_align_y+0cm_yaw-5_ideal_ft_payload_descent_s7
ft_payload_descent_s7,7,l2_corner_stairs,2.0,0.0,0.0,stuck,"segment 2 (stairs_up), follow",49.78,0.3153,566.3,4720e42180b365e5ee05bdf44d5e624d8cd7fde039536868551dcee1b36b2d39,9aacbce0cb36,4654b83aea42,l2_corner_stairs_v30_rec_chest2kg_align_y+0cm_yaw+0_ideal_ft_payload_descent_s7
ft_payload_descent_s7,7,l2_corner_stairs,2.0,0.0,5.0,stuck,"segment 2 (stairs_up), follow",63.66,0.3153,571.4,4720e42180b365e5ee05bdf44d5e624d8cd7fde039536868551dcee1b36b2d39,9aacbce0cb36,4654b83aea42,l2_corner_stairs_v30_rec_chest2kg_align_y+0cm_yaw+5_ideal_ft_payload_descent_s7
ft_payload_descent_s7,7,l2_corner_stairs,2.0,10.0,-5.0,stuck,"segment 2 (stairs_up), follow",69.62,0.3153,567.4,4720e42180b365e5ee05bdf44d5e624d8cd7fde039536868551dcee1b36b2d39,9aacbce0cb36,4654b83aea42,l2_corner_stairs_v30_rec_chest2kg_align_y+10cm_yaw-5_ideal_ft_payload_descent_s7
ft_payload_descent_s7,7,l2_corner_stairs,2.0,10.0,0.0,stuck,"segment 1 (flat), follow",45.38,0.3089,552.7,4720e42180b365e5ee05bdf44d5e624d8cd7fde039536868551dcee1b36b2d39,9aacbce0cb36,4654b83aea42,l2_corner_stairs_v30_rec_chest2kg_align_y+10cm_yaw+0_ideal_ft_payload_descent_s7
ft_payload_descent_s7,7,l2_corner_stairs,2.0,10.0,5.0,stuck,"segment 2 (stairs_up), follow",48.74,0.3153,565.0,4720e42180b365e5ee05bdf44d5e624d8cd7fde039536868551dcee1b36b2d39,9aacbce0cb36,4654b83aea42,l2_corner_stairs_v30_rec_chest2kg_align_y+10cm_yaw+5_ideal_ft_payload_descent_s7
ft_payload_descent_s7,7,l2_corner_stairs,5.0,-10.0,-5.0,stuck,"segment 1 (flat), follow",43.56,0.3066,551.4,4720e42180b365e5ee05bdf44d5e624d8cd7fde039536868551dcee1b36b2d39,9aacbce0cb36,4654b83aea42,l2_corner_stairs_v30_rec_chest5kg_align_y-10cm_yaw-5_ideal_ft_payload_descent_s7
ft_payload_descent_s7,7,l2_corner_stairs,5.0,-10.0,0.0,stuck,"segment 2 (stairs_up), follow",59.08,0.3153,556.6,4720e42180b365e5ee05bdf44d5e624d8cd7fde039536868551dcee1b36b2d39,9aacbce0cb36,4654b83aea42,l2_corner_stairs_v30_rec_chest5kg_align_y-10cm_yaw+0_ideal_ft_payload_descent_s7
ft_payload_descent_s7,7,l2_corner_stairs,5.0,-10.0,5.0,stuck,"segment 2 (stairs_up), follow",73.16,0.3368,526.0,4720e42180b365e5ee05bdf44d5e624d8cd7fde039536868551dcee1b36b2d39,9aacbce0cb36,4654b83aea42,l2_corner_stairs_v30_rec_chest5kg_align_y-10cm_yaw+5_ideal_ft_payload_descent_s7
ft_payload_descent_s7,7,l2_corner_stairs,5.0,0.0,-5.0,path_exit,"segment 2 (stairs_up), follow",37.3,0.3158,518.1,4720e42180b365e5ee05bdf44d5e624d8cd7fde039536868551dcee1b36b2d39,9aacbce0cb36,4654b83aea42,l2_corner_stairs_v30_rec_chest5kg_align_y+0cm_yaw-5_ideal_ft_payload_descent_s7
ft_payload_descent_s7,7,l2_corner_stairs,5.0,0.0,0.0,stuck,"segment 2 (stairs_up), follow",56.62,0.3153,559.5,4720e42180b365e5ee05bdf44d5e624d8cd7fde039536868551dcee1b36b2d39,9aacbce0cb36,4654b83aea42,l2_corner_stairs_v30_rec_chest5kg_align_y+0cm_yaw+0_ideal_ft_payload_descent_s7
ft_payload_descent_s7,7,l2_corner_stairs,5.0,0.0,5.0,stuck,"segment 2 (stairs_up), follow",66.56,0.3153,580.0,4720e42180b365e5ee05bdf44d5e624d8cd7fde039536868551dcee1b36b2d39,9aacbce0cb36,4654b83aea42,l2_corner_stairs_v30_rec_chest5kg_align_y+0cm_yaw+5_ideal_ft_payload_descent_s7
ft_payload_descent_s7,7,l2_corner_stairs,5.0,10.0,-5.0,stuck,"segment 2 (stairs_up), follow",87.96,0.3368,531.1,4720e42180b365e5ee05bdf44d5e624d8cd7fde039536868551dcee1b36b2d39,9aacbce0cb36,4654b83aea42,l2_corner_stairs_v30_rec_chest5kg_align_y+10cm_yaw-5_ideal_ft_payload_descent_s7
ft_payload_descent_s7,7,l2_corner_stairs,5.0,10.0,0.0,stuck,"segment 2 (stairs_up), follow",93.12,0.4864,394.5,4720e42180b365e5ee05bdf44d5e624d8cd7fde039536868551dcee1b36b2d39,9aacbce0cb36,4654b83aea42,l2_corner_stairs_v30_rec_chest5kg_align_y+10cm_yaw+0_ideal_ft_payload_descent_s7
ft_payload_descent_s7,7,l2_corner_stairs,5.0,10.0,5.0,stuck,"segment 2 (stairs_up), follow",65.32,0.3153,570.5,4720e42180b365e5ee05bdf44d5e624d8cd7fde039536868551dcee1b36b2d39,9aacbce0cb36,4654b83aea42,l2_corner_stairs_v30_rec_chest5kg_align_y+10cm_yaw+5_ideal_ft_payload_descent_s7
ft_payload_descent_s7,7,l2_corner_stairs,8.0,-10.0,-5.0,path_exit,"segment 2 (stairs_up), follow",28.26,0.4097,505.8,4720e42180b365e5ee05bdf44d5e624d8cd7fde039536868551dcee1b36b2d39,9aacbce0cb36,4654b83aea42,l2_corner_stairs_v30_rec_chest8kg_align_y-10cm_yaw-5_ideal_ft_payload_descent_s7
ft_payload_descent_s7,7,l2_corner_stairs,8.0,-10.0,0.0,goal,stopped 3 cm from the goal,58.48,1.0,2.8,4720e42180b365e5ee05bdf44d5e624d8cd7fde039536868551dcee1b36b2d39,9aacbce0cb36,4654b83aea42,l2_corner_stairs_v30_rec_chest8kg_align_y-10cm_yaw+0_ideal_ft_payload_descent_s7
ft_payload_descent_s7,7,l2_corner_stairs,8.0,-10.0,5.0,goal,stopped 1 cm from the goal,52.8,1.0,1.2,4720e42180b365e5ee05bdf44d5e624d8cd7fde039536868551dcee1b36b2d39,9aacbce0cb36,4654b83aea42,l2_corner_stairs_v30_rec_chest8kg_align_y-10cm_yaw+5_ideal_ft_payload_descent_s7
ft_payload_descent_s7,7,l2_corner_stairs,8.0,0.0,-5.0,goal,stopped 1 cm from the goal,56.72,1.0,0.5,4720e42180b365e5ee05bdf44d5e624d8cd7fde039536868551dcee1b36b2d39,9aacbce0cb36,4654b83aea42,l2_corner_stairs_v30_rec_chest8kg_align_y+0cm_yaw-5_ideal_ft_payload_descent_s7
ft_payload_descent_s7,7,l2_corner_stairs,8.0,0.0,0.0,stuck,"segment 2 (stairs_up), follow",44.34,0.3153,571.1,4720e42180b365e5ee05bdf44d5e624d8cd7fde039536868551dcee1b36b2d39,9aacbce0cb36,4654b83aea42,l2_corner_stairs_v30_rec_chest8kg_align_y+0cm_yaw+0_ideal_ft_payload_descent_s7
ft_payload_descent_s7,7,l2_corner_stairs,8.0,0.0,5.0,goal,stopped 0 cm from the goal,44.54,1.0,0.4,4720e42180b365e5ee05bdf44d5e624d8cd7fde039536868551dcee1b36b2d39,9aacbce0cb36,4654b83aea42,l2_corner_stairs_v30_rec_chest8kg_align_y+0cm_yaw+5_ideal_ft_payload_descent_s7
ft_payload_descent_s7,7,l2_corner_stairs,8.0,10.0,-5.0,path_exit,"segment 2 (stairs_up), follow",43.74,0.3577,547.9,4720e42180b365e5ee05bdf44d5e624d8cd7fde039536868551dcee1b36b2d39,9aacbce0cb36,4654b83aea42,l2_corner_stairs_v30_rec_chest8kg_align_y+10cm_yaw-5_ideal_ft_payload_descent_s7
ft_payload_descent_s7,7,l2_corner_stairs,8.0,10.0,0.0,goal,stopped 2 cm from the goal,47.18,1.0,1.7,4720e42180b365e5ee05bdf44d5e624d8cd7fde039536868551dcee1b36b2d39,9aacbce0cb36,4654b83aea42,l2_corner_stairs_v30_rec_chest8kg_align_y+10cm_yaw+0_ideal_ft_payload_descent_s7
ft_payload_descent_s7,7,l2_corner_stairs,8.0,10.0,5.0,goal,stopped 2 cm from the goal,48.88,1.0,2.0,4720e42180b365e5ee05bdf44d5e624d8cd7fde039536868551dcee1b36b2d39,9aacbce0cb36,4654b83aea42,l2_corner_stairs_v30_rec_chest8kg_align_y+10cm_yaw+5_ideal_ft_payload_descent_s7
ft_payload_descent_s7,7,l4_factory_route,,-10.0,-5.0,stuck,"segment 0 (flat), follow",58.4,0.0959,847.6,4720e42180b365e5ee05bdf44d5e624d8cd7fde039536868551dcee1b36b2d39,9aacbce0cb36,4654b83aea42,l4_factory_route_v30_rec_align_y-10cm_yaw-5_ideal_ft_payload_descent_s7
ft_payload_descent_s7,7,l4_factory_route,,-10.0,-2.5,stuck,"segment 0 (flat), follow",64.24,0.0896,854.1,4720e42180b365e5ee05bdf44d5e624d8cd7fde039536868551dcee1b36b2d39,9aacbce0cb36,4654b83aea42,l4_factory_route_v30_rec_align_y-10cm_yaw-2.5_ideal_ft_payload_descent_s7
ft_payload_descent_s7,7,l4_factory_route,,-10.0,0.0,stuck,"segment 1 (stairs_up), follow",57.66,0.1003,868.2,4720e42180b365e5ee05bdf44d5e624d8cd7fde039536868551dcee1b36b2d39,9aacbce0cb36,4654b83aea42,l4_factory_route_v30_rec_align_y-10cm_yaw+0_ideal_ft_payload_descent_s7
ft_payload_descent_s7,7,l4_factory_route,,-10.0,2.5,stuck,"segment 1 (stairs_up), follow",44.78,0.1003,862.9,4720e42180b365e5ee05bdf44d5e624d8cd7fde039536868551dcee1b36b2d39,9aacbce0cb36,4654b83aea42,l4_factory_route_v30_rec_align_y-10cm_yaw+2.5_ideal_ft_payload_descent_s7
ft_payload_descent_s7,7,l4_factory_route,,-10.0,5.0,stuck,"segment 0 (flat), follow",51.8,0.0874,863.4,4720e42180b365e5ee05bdf44d5e624d8cd7fde039536868551dcee1b36b2d39,9aacbce0cb36,4654b83aea42,l4_factory_route_v30_rec_align_y-10cm_yaw+5_ideal_ft_payload_descent_s7
ft_payload_descent_s7,7,l4_factory_route,,-5.0,-5.0,stuck,"segment 1 (stairs_up), follow",57.6,0.1003,872.3,4720e42180b365e5ee05bdf44d5e624d8cd7fde039536868551dcee1b36b2d39,9aacbce0cb36,4654b83aea42,l4_factory_route_v30_rec_align_y-5cm_yaw-5_ideal_ft_payload_descent_s7
ft_payload_descent_s7,7,l4_factory_route,,-5.0,-2.5,stuck,"segment 0 (flat), follow",37.98,0.089,856.5,4720e42180b365e5ee05bdf44d5e624d8cd7fde039536868551dcee1b36b2d39,9aacbce0cb36,4654b83aea42,l4_factory_route_v30_rec_align_y-5cm_yaw-2.5_ideal_ft_payload_descent_s7
ft_payload_descent_s7,7,l4_factory_route,,-5.0,0.0,stuck,"segment 0 (flat), follow",50.76,0.0867,864.0,4720e42180b365e5ee05bdf44d5e624d8cd7fde039536868551dcee1b36b2d39,9aacbce0cb36,4654b83aea42,l4_factory_route_v30_rec_align_y-5cm_yaw+0_ideal_ft_payload_descent_s7
ft_payload_descent_s7,7,l4_factory_route,,-5.0,2.5,stuck,"segment 0 (flat), follow",57.72,0.0845,865.8,4720e42180b365e5ee05bdf44d5e624d8cd7fde039536868551dcee1b36b2d39,9aacbce0cb36,4654b83aea42,l4_factory_route_v30_rec_align_y-5cm_yaw+2.5_ideal_ft_payload_descent_s7
ft_payload_descent_s7,7,l4_factory_route,,-5.0,5.0,stuck,"segment 0 (flat), follow",65.6,0.0976,846.4,4720e42180b365e5ee05bdf44d5e624d8cd7fde039536868551dcee1b36b2d39,9aacbce0cb36,4654b83aea42,l4_factory_route_v30_rec_align_y-5cm_yaw+5_ideal_ft_payload_descent_s7
ft_payload_descent_s7,7,l4_factory_route,,0.0,-5.0,stuck,"segment 0 (flat), follow",44.14,0.0743,881.4,4720e42180b365e5ee05bdf44d5e624d8cd7fde039536868551dcee1b36b2d39,9aacbce0cb36,4654b83aea42,l4_factory_route_v30_rec_align_y+0cm_yaw-5_ideal_ft_payload_descent_s7
ft_payload_descent_s7,7,l4_factory_route,,0.0,-2.5,stuck,"segment 1 (stairs_up), follow",83.34,0.1003,883.1,4720e42180b365e5ee05bdf44d5e624d8cd7fde039536868551dcee1b36b2d39,9aacbce0cb36,4654b83aea42,l4_factory_route_v30_rec_align_y+0cm_yaw-2.5_ideal_ft_payload_descent_s7
ft_payload_descent_s7,7,l4_factory_route,,0.0,0.0,stuck,"segment 0 (flat), follow",44.38,0.0846,863.7,4720e42180b365e5ee05bdf44d5e624d8cd7fde039536868551dcee1b36b2d39,9aacbce0cb36,4654b83aea42,l4_factory_route_v30_rec_align_y+0cm_yaw+0_ideal_ft_payload_descent_s7
ft_payload_descent_s7,7,l4_factory_route,,0.0,2.5,stuck,"segment 0 (flat), follow",38.96,0.0894,859.1,4720e42180b365e5ee05bdf44d5e624d8cd7fde039536868551dcee1b36b2d39,9aacbce0cb36,4654b83aea42,l4_factory_route_v30_rec_align_y+0cm_yaw+2.5_ideal_ft_payload_descent_s7
ft_payload_descent_s7,7,l4_factory_route,,0.0,5.0,stuck,"segment 0 (flat), follow",65.06,0.0899,856.6,4720e42180b365e5ee05bdf44d5e624d8cd7fde039536868551dcee1b36b2d39,9aacbce0cb36,4654b83aea42,l4_factory_route_v30_rec_align_y+0cm_yaw+5_ideal_ft_payload_descent_s7
ft_payload_descent_s7,7,l4_factory_route,,5.0,-5.0,stuck,"segment 0 (flat), follow",71.28,0.0908,852.2,4720e42180b365e5ee05bdf44d5e624d8cd7fde039536868551dcee1b36b2d39,9aacbce0cb36,4654b83aea42,l4_factory_route_v30_rec_align_y+5cm_yaw-5_ideal_ft_payload_descent_s7
ft_payload_descent_s7,7,l4_factory_route,,5.0,-2.5,stuck,"segment 0 (flat), follow",43.94,0.0825,870.9,4720e42180b365e5ee05bdf44d5e624d8cd7fde039536868551dcee1b36b2d39,9aacbce0cb36,4654b83aea42,l4_factory_route_v30_rec_align_y+5cm_yaw-2.5_ideal_ft_payload_descent_s7
ft_payload_descent_s7,7,l4_factory_route,,5.0,0.0,stuck,"segment 0 (flat), follow",44.68,0.0916,855.4,4720e42180b365e5ee05bdf44d5e624d8cd7fde039536868551dcee1b36b2d39,9aacbce0cb36,4654b83aea42,l4_factory_route_v30_rec_align_y+5cm_yaw+0_ideal_ft_payload_descent_s7
ft_payload_descent_s7,7,l4_factory_route,,5.0,2.5,stuck,"segment 0 (flat), follow",64.3,0.0865,858.6,4720e42180b365e5ee05bdf44d5e624d8cd7fde039536868551dcee1b36b2d39,9aacbce0cb36,4654b83aea42,l4_factory_route_v30_rec_align_y+5cm_yaw+2.5_ideal_ft_payload_descent_s7
ft_payload_descent_s7,7,l4_factory_route,,5.0,5.0,stuck,"segment 0 (flat), follow",44.32,0.0911,853.0,4720e42180b365e5ee05bdf44d5e624d8cd7fde039536868551dcee1b36b2d39,9aacbce0cb36,4654b83aea42,l4_factory_route_v30_rec_align_y+5cm_yaw+5_ideal_ft_payload_descent_s7
ft_payload_descent_s7,7,l4_factory_route,,10.0,-5.0,stuck,"segment 1 (stairs_up), follow",78.48,0.1003,854.4,4720e42180b365e5ee05bdf44d5e624d8cd7fde039536868551dcee1b36b2d39,9aacbce0cb36,4654b83aea42,l4_factory_route_v30_rec_align_y+10cm_yaw-5_ideal_ft_payload_descent_s7
ft_payload_descent_s7,7,l4_factory_route,,10.0,-2.5,stuck,"segment 1 (stairs_up), follow",72.06,0.1003,851.0,4720e42180b365e5ee05bdf44d5e624d8cd7fde039536868551dcee1b36b2d39,9aacbce0cb36,4654b83aea42,l4_factory_route_v30_rec_align_y+10cm_yaw-2.5_ideal_ft_payload_descent_s7
ft_payload_descent_s7,7,l4_factory_route,,10.0,0.0,stuck,"segment 0 (flat), follow",57.86,0.0964,845.8,4720e42180b365e5ee05bdf44d5e624d8cd7fde039536868551dcee1b36b2d39,9aacbce0cb36,4654b83aea42,l4_factory_route_v30_rec_align_y+10cm_yaw+0_ideal_ft_payload_descent_s7
ft_payload_descent_s7,7,l4_factory_route,,10.0,2.5,stuck,"segment 0 (flat), follow",70.68,0.0907,854.5,4720e42180b365e5ee05bdf44d5e624d8cd7fde039536868551dcee1b36b2d39,9aacbce0cb36,4654b83aea42,l4_factory_route_v30_rec_align_y+10cm_yaw+2.5_ideal_ft_payload_descent_s7
ft_payload_descent_s7,7,l4_factory_route,,10.0,5.0,stuck,"segment 0 (flat), follow",57.1,0.0991,842.9,4720e42180b365e5ee05bdf44d5e624d8cd7fde039536868551dcee1b36b2d39,9aacbce0cb36,4654b83aea42,l4_factory_route_v30_rec_align_y+10cm_yaw+5_ideal_ft_payload_descent_s7
ft_payload_descent_s7,7,l4_factory_route,12.0,-10.0,-5.0,path_exit,"segment 9 (stairs_down), follow",75.98,0.6606,496.9,4720e42180b365e5ee05bdf44d5e624d8cd7fde039536868551dcee1b36b2d39,9aacbce0cb36,4654b83aea42,l4_factory_route_v30_rec_chest12kg_align_y-10cm_yaw-5_ideal_ft_payload_descent_s7
ft_payload_descent_s7,7,l4_factory_route,12.0,-10.0,-2.5,goal,stopped 3 cm from the goal,99.18,1.0,2.7,4720e42180b365e5ee05bdf44d5e624d8cd7fde039536868551dcee1b36b2d39,9aacbce0cb36,4654b83aea42,l4_factory_route_v30_rec_chest12kg_align_y-10cm_yaw-2.5_ideal_ft_payload_descent_s7
ft_payload_descent_s7,7,l4_factory_route,12.0,-10.0,0.0,goal,stopped 6 cm from the goal,79.5,1.0,5.5,4720e42180b365e5ee05bdf44d5e624d8cd7fde039536868551dcee1b36b2d39,9aacbce0cb36,4654b83aea42,l4_factory_route_v30_rec_chest12kg_align_y-10cm_yaw+0_ideal_ft_payload_descent_s7
ft_payload_descent_s7,7,l4_factory_route,12.0,-10.0,2.5,goal,stopped 3 cm from the goal,101.66,1.0,2.6,4720e42180b365e5ee05bdf44d5e624d8cd7fde039536868551dcee1b36b2d39,9aacbce0cb36,4654b83aea42,l4_factory_route_v30_rec_chest12kg_align_y-10cm_yaw+2.5_ideal_ft_payload_descent_s7
ft_payload_descent_s7,7,l4_factory_route,12.0,-10.0,5.0,goal,stopped 2 cm from the goal,114.96,1.0,2.0,4720e42180b365e5ee05bdf44d5e624d8cd7fde039536868551dcee1b36b2d39,9aacbce0cb36,4654b83aea42,l4_factory_route_v30_rec_chest12kg_align_y-10cm_yaw+5_ideal_ft_payload_descent_s7
ft_payload_descent_s7,7,l4_factory_route,12.0,-5.0,-5.0,goal,stopped 1 cm from the goal,120.1,1.0,1.2,4720e42180b365e5ee05bdf44d5e624d8cd7fde039536868551dcee1b36b2d39,9aacbce0cb36,4654b83aea42,l4_factory_route_v30_rec_chest12kg_align_y-5cm_yaw-5_ideal_ft_payload_descent_s7
ft_payload_descent_s7,7,l4_factory_route,12.0,-5.0,-2.5,goal,stopped 1 cm from the goal,83.12,1.0,1.1,4720e42180b365e5ee05bdf44d5e624d8cd7fde039536868551dcee1b36b2d39,9aacbce0cb36,4654b83aea42,l4_factory_route_v30_rec_chest12kg_align_y-5cm_yaw-2.5_ideal_ft_payload_descent_s7
ft_payload_descent_s7,7,l4_factory_route,12.0,-5.0,0.0,fall,segment 9 (stairs_down),85.38,0.6803,459.3,4720e42180b365e5ee05bdf44d5e624d8cd7fde039536868551dcee1b36b2d39,9aacbce0cb36,4654b83aea42,l4_factory_route_v30_rec_chest12kg_align_y-5cm_yaw+0_ideal_ft_payload_descent_s7
ft_payload_descent_s7,7,l4_factory_route,12.0,-5.0,2.5,goal,stopped 2 cm from the goal,91.22,1.0,1.7,4720e42180b365e5ee05bdf44d5e624d8cd7fde039536868551dcee1b36b2d39,9aacbce0cb36,4654b83aea42,l4_factory_route_v30_rec_chest12kg_align_y-5cm_yaw+2.5_ideal_ft_payload_descent_s7
ft_payload_descent_s7,7,l4_factory_route,12.0,-5.0,5.0,goal,stopped 2 cm from the goal,96.06,1.0,1.9,4720e42180b365e5ee05bdf44d5e624d8cd7fde039536868551dcee1b36b2d39,9aacbce0cb36,4654b83aea42,l4_factory_route_v30_rec_chest12kg_align_y-5cm_yaw+5_ideal_ft_payload_descent_s7
ft_payload_descent_s7,7,l4_factory_route,12.0,0.0,-5.0,path_exit,"segment 5 (stairs_up), follow",39.08,0.3617,650.8,4720e42180b365e5ee05bdf44d5e624d8cd7fde039536868551dcee1b36b2d39,9aacbce0cb36,4654b83aea42,l4_factory_route_v30_rec_chest12kg_align_y+0cm_yaw-5_ideal_ft_payload_descent_s7
ft_payload_descent_s7,7,l4_factory_route,12.0,0.0,-2.5,goal,stopped 1 cm from the goal,91.76,1.0,0.9,4720e42180b365e5ee05bdf44d5e624d8cd7fde039536868551dcee1b36b2d39,9aacbce0cb36,4654b83aea42,l4_factory_route_v30_rec_chest12kg_align_y+0cm_yaw-2.5_ideal_ft_payload_descent_s7
ft_payload_descent_s7,7,l4_factory_route,12.0,0.0,0.0,path_exit,"segment 9 (stairs_down), follow",113.06,0.6712,476.6,4720e42180b365e5ee05bdf44d5e624d8cd7fde039536868551dcee1b36b2d39,9aacbce0cb36,4654b83aea42,l4_factory_route_v30_rec_chest12kg_align_y+0cm_yaw+0_ideal_ft_payload_descent_s7
ft_payload_descent_s7,7,l4_factory_route,12.0,0.0,2.5,goal,stopped 3 cm from the goal,86.88,1.0,2.8,4720e42180b365e5ee05bdf44d5e624d8cd7fde039536868551dcee1b36b2d39,9aacbce0cb36,4654b83aea42,l4_factory_route_v30_rec_chest12kg_align_y+0cm_yaw+2.5_ideal_ft_payload_descent_s7
ft_payload_descent_s7,7,l4_factory_route,12.0,0.0,5.0,goal,stopped 1 cm from the goal,87.06,1.0,1.4,4720e42180b365e5ee05bdf44d5e624d8cd7fde039536868551dcee1b36b2d39,9aacbce0cb36,4654b83aea42,l4_factory_route_v30_rec_chest12kg_align_y+0cm_yaw+5_ideal_ft_payload_descent_s7
ft_payload_descent_s7,7,l4_factory_route,12.0,5.0,-5.0,goal,stopped 0 cm from the goal,119.84,1.0,0.1,4720e42180b365e5ee05bdf44d5e624d8cd7fde039536868551dcee1b36b2d39,9aacbce0cb36,4654b83aea42,l4_factory_route_v30_rec_chest12kg_align_y+5cm_yaw-5_ideal_ft_payload_descent_s7
ft_payload_descent_s7,7,l4_factory_route,12.0,5.0,-2.5,path_exit,"segment 10 (flat), follow",70.24,0.8236,206.4,4720e42180b365e5ee05bdf44d5e624d8cd7fde039536868551dcee1b36b2d39,9aacbce0cb36,4654b83aea42,l4_factory_route_v30_rec_chest12kg_align_y+5cm_yaw-2.5_ideal_ft_payload_descent_s7
ft_payload_descent_s7,7,l4_factory_route,12.0,5.0,0.0,goal,stopped 2 cm from the goal,83.8,1.0,2.0,4720e42180b365e5ee05bdf44d5e624d8cd7fde039536868551dcee1b36b2d39,9aacbce0cb36,4654b83aea42,l4_factory_route_v30_rec_chest12kg_align_y+5cm_yaw+0_ideal_ft_payload_descent_s7
ft_payload_descent_s7,7,l4_factory_route,12.0,5.0,2.5,path_exit,"segment 9 (stairs_down), follow",68.84,0.7055,411.2,4720e42180b365e5ee05bdf44d5e624d8cd7fde039536868551dcee1b36b2d39,9aacbce0cb36,4654b83aea42,l4_factory_route_v30_rec_chest12kg_align_y+5cm_yaw+2.5_ideal_ft_payload_descent_s7
ft_payload_descent_s7,7,l4_factory_route,12.0,5.0,5.0,goal,stopped 2 cm from the goal,85.48,1.0,2.2,4720e42180b365e5ee05bdf44d5e624d8cd7fde039536868551dcee1b36b2d39,9aacbce0cb36,4654b83aea42,l4_factory_route_v30_rec_chest12kg_align_y+5cm_yaw+5_ideal_ft_payload_descent_s7
ft_payload_descent_s7,7,l4_factory_route,12.0,10.0,-5.0,goal,stopped 2 cm from the goal,90.38,1.0,1.6,4720e42180b365e5ee05bdf44d5e624d8cd7fde039536868551dcee1b36b2d39,9aacbce0cb36,4654b83aea42,l4_factory_route_v30_rec_chest12kg_align_y+10cm_yaw-5_ideal_ft_payload_descent_s7
ft_payload_descent_s7,7,l4_factory_route,12.0,10.0,-2.5,path_exit,"segment 9 (stairs_down), follow",70.38,0.6537,509.9,4720e42180b365e5ee05bdf44d5e624d8cd7fde039536868551dcee1b36b2d39,9aacbce0cb36,4654b83aea42,l4_factory_route_v30_rec_chest12kg_align_y+10cm_yaw-2.5_ideal_ft_payload_descent_s7
ft_payload_descent_s7,7,l4_factory_route,12.0,10.0,0.0,goal,stopped 2 cm from the goal,83.08,1.0,2.5,4720e42180b365e5ee05bdf44d5e624d8cd7fde039536868551dcee1b36b2d39,9aacbce0cb36,4654b83aea42,l4_factory_route_v30_rec_chest12kg_align_y+10cm_yaw+0_ideal_ft_payload_descent_s7
ft_payload_descent_s7,7,l4_factory_route,12.0,10.0,2.5,goal,stopped 2 cm from the goal,76.56,1.0,1.9,4720e42180b365e5ee05bdf44d5e624d8cd7fde039536868551dcee1b36b2d39,9aacbce0cb36,4654b83aea42,l4_factory_route_v30_rec_chest12kg_align_y+10cm_yaw+2.5_ideal_ft_payload_descent_s7
ft_payload_descent_s7,7,l4_factory_route,12.0,10.0,5.0,goal,stopped 3 cm from the goal,85.32,1.0,3.0,4720e42180b365e5ee05bdf44d5e624d8cd7fde039536868551dcee1b36b2d39,9aacbce0cb36,4654b83aea42,l4_factory_route_v30_rec_chest12kg_align_y+10cm_yaw+5_ideal_ft_payload_descent_s7
ft_payload_descent_s7,7,l4_factory_route,2.0,-10.0,-5.0,stuck,"segment 0 (flat), follow",44.9,0.0735,889.6,4720e42180b365e5ee05bdf44d5e624d8cd7fde039536868551dcee1b36b2d39,9aacbce0cb36,4654b83aea42,l4_factory_route_v30_rec_chest2kg_align_y-10cm_yaw-5_ideal_ft_payload_descent_s7
ft_payload_descent_s7,7,l4_factory_route,2.0,-10.0,-2.5,stuck,"segment 0 (flat), follow",57.16,0.0931,850.1,4720e42180b365e5ee05bdf44d5e624d8cd7fde039536868551dcee1b36b2d39,9aacbce0cb36,4654b83aea42,l4_factory_route_v30_rec_chest2kg_align_y-10cm_yaw-2.5_ideal_ft_payload_descent_s7
ft_payload_descent_s7,7,l4_factory_route,2.0,-10.0,0.0,stuck,"segment 0 (flat), follow",44.7,0.0774,877.2,4720e42180b365e5ee05bdf44d5e624d8cd7fde039536868551dcee1b36b2d39,9aacbce0cb36,4654b83aea42,l4_factory_route_v30_rec_chest2kg_align_y-10cm_yaw+0_ideal_ft_payload_descent_s7
ft_payload_descent_s7,7,l4_factory_route,2.0,-10.0,2.5,stuck,"segment 1 (stairs_up), follow",79.42,0.1003,856.8,4720e42180b365e5ee05bdf44d5e624d8cd7fde039536868551dcee1b36b2d39,9aacbce0cb36,4654b83aea42,l4_factory_route_v30_rec_chest2kg_align_y-10cm_yaw+2.5_ideal_ft_payload_descent_s7
ft_payload_descent_s7,7,l4_factory_route,2.0,-10.0,5.0,stuck,"segment 1 (stairs_up), follow",65.76,0.1003,866.6,4720e42180b365e5ee05bdf44d5e624d8cd7fde039536868551dcee1b36b2d39,9aacbce0cb36,4654b83aea42,l4_factory_route_v30_rec_chest2kg_align_y-10cm_yaw+5_ideal_ft_payload_descent_s7
ft_payload_descent_s7,7,l4_factory_route,2.0,-5.0,-5.0,stuck,"segment 1 (stairs_up), follow",52.5,0.1003,879.0,4720e42180b365e5ee05bdf44d5e624d8cd7fde039536868551dcee1b36b2d39,9aacbce0cb36,4654b83aea42,l4_factory_route_v30_rec_chest2kg_align_y-5cm_yaw-5_ideal_ft_payload_descent_s7
ft_payload_descent_s7,7,l4_factory_route,2.0,-5.0,-2.5,stuck,"segment 1 (stairs_up), follow",70.34,0.1003,862.4,4720e42180b365e5ee05bdf44d5e624d8cd7fde039536868551dcee1b36b2d39,9aacbce0cb36,4654b83aea42,l4_factory_route_v30_rec_chest2kg_align_y-5cm_yaw-2.5_ideal_ft_payload_descent_s7
ft_payload_descent_s7,7,l4_factory_route,2.0,-5.0,0.0,stuck,"segment 1 (stairs_up), follow",54.54,0.1003,864.9,4720e42180b365e5ee05bdf44d5e624d8cd7fde039536868551dcee1b36b2d39,9aacbce0cb36,4654b83aea42,l4_factory_route_v30_rec_chest2kg_align_y-5cm_yaw+0_ideal_ft_payload_descent_s7
ft_payload_descent_s7,7,l4_factory_route,2.0,-5.0,2.5,stuck,"segment 1 (stairs_up), follow",64.98,0.1003,859.1,4720e42180b365e5ee05bdf44d5e624d8cd7fde039536868551dcee1b36b2d39,9aacbce0cb36,4654b83aea42,l4_factory_route_v30_rec_chest2kg_align_y-5cm_yaw+2.5_ideal_ft_payload_descent_s7
ft_payload_descent_s7,7,l4_factory_route,2.0,-5.0,5.0,stuck,"segment 0 (flat), follow",57.76,0.0966,845.9,4720e42180b365e5ee05bdf44d5e624d8cd7fde039536868551dcee1b36b2d39,9aacbce0cb36,4654b83aea42,l4_factory_route_v30_rec_chest2kg_align_y-5cm_yaw+5_ideal_ft_payload_descent_s7
ft_payload_descent_s7,7,l4_factory_route,2.0,0.0,-5.0,stuck,"segment 0 (flat), follow",37.6,0.0929,851.4,4720e42180b365e5ee05bdf44d5e624d8cd7fde039536868551dcee1b36b2d39,9aacbce0cb36,4654b83aea42,l4_factory_route_v30_rec_chest2kg_align_y+0cm_yaw-5_ideal_ft_payload_descent_s7
ft_payload_descent_s7,7,l4_factory_route,2.0,0.0,-2.5,stuck,"segment 1 (stairs_up), follow",69.04,0.1003,856.2,4720e42180b365e5ee05bdf44d5e624d8cd7fde039536868551dcee1b36b2d39,9aacbce0cb36,4654b83aea42,l4_factory_route_v30_rec_chest2kg_align_y+0cm_yaw-2.5_ideal_ft_payload_descent_s7
ft_payload_descent_s7,7,l4_factory_route,2.0,0.0,0.0,stuck,"segment 0 (flat), follow",50.64,0.0977,843.0,4720e42180b365e5ee05bdf44d5e624d8cd7fde039536868551dcee1b36b2d39,9aacbce0cb36,4654b83aea42,l4_factory_route_v30_rec_chest2kg_align_y+0cm_yaw+0_ideal_ft_payload_descent_s7
ft_payload_descent_s7,7,l4_factory_route,2.0,0.0,2.5,stuck,"segment 0 (flat), follow",57.9,0.0866,862.7,4720e42180b365e5ee05bdf44d5e624d8cd7fde039536868551dcee1b36b2d39,9aacbce0cb36,4654b83aea42,l4_factory_route_v30_rec_chest2kg_align_y+0cm_yaw+2.5_ideal_ft_payload_descent_s7
ft_payload_descent_s7,7,l4_factory_route,2.0,0.0,5.0,stuck,"segment 1 (stairs_up), follow",67.9,0.1003,847.3,4720e42180b365e5ee05bdf44d5e624d8cd7fde039536868551dcee1b36b2d39,9aacbce0cb36,4654b83aea42,l4_factory_route_v30_rec_chest2kg_align_y+0cm_yaw+5_ideal_ft_payload_descent_s7
ft_payload_descent_s7,7,l4_factory_route,2.0,5.0,-5.0,stuck,"segment 1 (stairs_up), follow",78.34,0.1003,866.0,4720e42180b365e5ee05bdf44d5e624d8cd7fde039536868551dcee1b36b2d39,9aacbce0cb36,4654b83aea42,l4_factory_route_v30_rec_chest2kg_align_y+5cm_yaw-5_ideal_ft_payload_descent_s7
ft_payload_descent_s7,7,l4_factory_route,2.0,5.0,-2.5,stuck,"segment 0 (flat), follow",39.18,0.0905,854.0,4720e42180b365e5ee05bdf44d5e624d8cd7fde039536868551dcee1b36b2d39,9aacbce0cb36,4654b83aea42,l4_factory_route_v30_rec_chest2kg_align_y+5cm_yaw-2.5_ideal_ft_payload_descent_s7
ft_payload_descent_s7,7,l4_factory_route,2.0,5.0,0.0,stuck,"segment 0 (flat), follow",57.18,0.1003,843.0,4720e42180b365e5ee05bdf44d5e624d8cd7fde039536868551dcee1b36b2d39,9aacbce0cb36,4654b83aea42,l4_factory_route_v30_rec_chest2kg_align_y+5cm_yaw+0_ideal_ft_payload_descent_s7
ft_payload_descent_s7,7,l4_factory_route,2.0,5.0,2.5,stuck,"segment 0 (flat), follow",38.04,0.092,849.7,4720e42180b365e5ee05bdf44d5e624d8cd7fde039536868551dcee1b36b2d39,9aacbce0cb36,4654b83aea42,l4_factory_route_v30_rec_chest2kg_align_y+5cm_yaw+2.5_ideal_ft_payload_descent_s7
ft_payload_descent_s7,7,l4_factory_route,2.0,5.0,5.0,stuck,"segment 0 (flat), follow",59.52,0.0955,846.4,4720e42180b365e5ee05bdf44d5e624d8cd7fde039536868551dcee1b36b2d39,9aacbce0cb36,4654b83aea42,l4_factory_route_v30_rec_chest2kg_align_y+5cm_yaw+5_ideal_ft_payload_descent_s7
ft_payload_descent_s7,7,l4_factory_route,2.0,10.0,-5.0,stuck,"segment 1 (stairs_up), follow",44.5,0.1003,862.1,4720e42180b365e5ee05bdf44d5e624d8cd7fde039536868551dcee1b36b2d39,9aacbce0cb36,4654b83aea42,l4_factory_route_v30_rec_chest2kg_align_y+10cm_yaw-5_ideal_ft_payload_descent_s7
ft_payload_descent_s7,7,l4_factory_route,2.0,10.0,-2.5,stuck,"segment 1 (stairs_up), follow",54.22,0.1003,856.4,4720e42180b365e5ee05bdf44d5e624d8cd7fde039536868551dcee1b36b2d39,9aacbce0cb36,4654b83aea42,l4_factory_route_v30_rec_chest2kg_align_y+10cm_yaw-2.5_ideal_ft_payload_descent_s7
ft_payload_descent_s7,7,l4_factory_route,2.0,10.0,0.0,stuck,"segment 1 (stairs_up), follow",59.08,0.11,831.0,4720e42180b365e5ee05bdf44d5e624d8cd7fde039536868551dcee1b36b2d39,9aacbce0cb36,4654b83aea42,l4_factory_route_v30_rec_chest2kg_align_y+10cm_yaw+0_ideal_ft_payload_descent_s7
ft_payload_descent_s7,7,l4_factory_route,2.0,10.0,2.5,stuck,"segment 1 (stairs_up), follow",62.48,0.1003,865.3,4720e42180b365e5ee05bdf44d5e624d8cd7fde039536868551dcee1b36b2d39,9aacbce0cb36,4654b83aea42,l4_factory_route_v30_rec_chest2kg_align_y+10cm_yaw+2.5_ideal_ft_payload_descent_s7
ft_payload_descent_s7,7,l4_factory_route,2.0,10.0,5.0,stuck,"segment 0 (flat), follow",50.46,0.1003,841.6,4720e42180b365e5ee05bdf44d5e624d8cd7fde039536868551dcee1b36b2d39,9aacbce0cb36,4654b83aea42,l4_factory_route_v30_rec_chest2kg_align_y+10cm_yaw+5_ideal_ft_payload_descent_s7
ft_payload_descent_s7,7,l4_factory_route,5.0,-10.0,-5.0,stuck,"segment 1 (stairs_up), follow",63.82,0.1003,843.3,4720e42180b365e5ee05bdf44d5e624d8cd7fde039536868551dcee1b36b2d39,9aacbce0cb36,4654b83aea42,l4_factory_route_v30_rec_chest5kg_align_y-10cm_yaw-5_ideal_ft_payload_descent_s7
ft_payload_descent_s7,7,l4_factory_route,5.0,-10.0,-2.5,goal,stopped 0 cm from the goal,131.5,1.0,0.4,4720e42180b365e5ee05bdf44d5e624d8cd7fde039536868551dcee1b36b2d39,9aacbce0cb36,4654b83aea42,l4_factory_route_v30_rec_chest5kg_align_y-10cm_yaw-2.5_ideal_ft_payload_descent_s7
ft_payload_descent_s7,7,l4_factory_route,5.0,-10.0,0.0,stuck,"segment 1 (stairs_up), follow",70.58,0.1003,850.5,4720e42180b365e5ee05bdf44d5e624d8cd7fde039536868551dcee1b36b2d39,9aacbce0cb36,4654b83aea42,l4_factory_route_v30_rec_chest5kg_align_y-10cm_yaw+0_ideal_ft_payload_descent_s7
ft_payload_descent_s7,7,l4_factory_route,5.0,-10.0,2.5,stuck,"segment 1 (stairs_up), follow",60.14,0.1419,791.3,4720e42180b365e5ee05bdf44d5e624d8cd7fde039536868551dcee1b36b2d39,9aacbce0cb36,4654b83aea42,l4_factory_route_v30_rec_chest5kg_align_y-10cm_yaw+2.5_ideal_ft_payload_descent_s7
ft_payload_descent_s7,7,l4_factory_route,5.0,-10.0,5.0,stuck,"segment 0 (flat), follow",47.8,0.0946,851.3,4720e42180b365e5ee05bdf44d5e624d8cd7fde039536868551dcee1b36b2d39,9aacbce0cb36,4654b83aea42,l4_factory_route_v30_rec_chest5kg_align_y-10cm_yaw+5_ideal_ft_payload_descent_s7
ft_payload_descent_s7,7,l4_factory_route,5.0,-5.0,-5.0,stuck,"segment 1 (stairs_up), follow",71.12,0.1003,857.3,4720e42180b365e5ee05bdf44d5e624d8cd7fde039536868551dcee1b36b2d39,9aacbce0cb36,4654b83aea42,l4_factory_route_v30_rec_chest5kg_align_y-5cm_yaw-5_ideal_ft_payload_descent_s7
ft_payload_descent_s7,7,l4_factory_route,5.0,-5.0,-2.5,stuck,"segment 0 (flat), follow",42.7,0.0695,864.0,4720e42180b365e5ee05bdf44d5e624d8cd7fde039536868551dcee1b36b2d39,9aacbce0cb36,4654b83aea42,l4_factory_route_v30_rec_chest5kg_align_y-5cm_yaw-2.5_ideal_ft_payload_descent_s7
ft_payload_descent_s7,7,l4_factory_route,5.0,-5.0,0.0,path_exit,"segment 1 (stairs_up), follow",66.68,0.104,873.3,4720e42180b365e5ee05bdf44d5e624d8cd7fde039536868551dcee1b36b2d39,9aacbce0cb36,4654b83aea42,l4_factory_route_v30_rec_chest5kg_align_y-5cm_yaw+0_ideal_ft_payload_descent_s7
ft_payload_descent_s7,7,l4_factory_route,5.0,-5.0,2.5,stuck,"segment 1 (stairs_up), follow",74.2,0.1428,777.2,4720e42180b365e5ee05bdf44d5e624d8cd7fde039536868551dcee1b36b2d39,9aacbce0cb36,4654b83aea42,l4_factory_route_v30_rec_chest5kg_align_y-5cm_yaw+2.5_ideal_ft_payload_descent_s7
ft_payload_descent_s7,7,l4_factory_route,5.0,-5.0,5.0,stuck,"segment 5 (stairs_up), follow",100.32,0.3139,586.0,4720e42180b365e5ee05bdf44d5e624d8cd7fde039536868551dcee1b36b2d39,9aacbce0cb36,4654b83aea42,l4_factory_route_v30_rec_chest5kg_align_y-5cm_yaw+5_ideal_ft_payload_descent_s7
ft_payload_descent_s7,7,l4_factory_route,5.0,0.0,-5.0,stuck,"segment 1 (stairs_up), follow",66.16,0.1003,841.0,4720e42180b365e5ee05bdf44d5e624d8cd7fde039536868551dcee1b36b2d39,9aacbce0cb36,4654b83aea42,l4_factory_route_v30_rec_chest5kg_align_y+0cm_yaw-5_ideal_ft_payload_descent_s7
ft_payload_descent_s7,7,l4_factory_route,5.0,0.0,-2.5,stuck,"segment 1 (stairs_up), follow",51.92,0.1003,848.5,4720e42180b365e5ee05bdf44d5e624d8cd7fde039536868551dcee1b36b2d39,9aacbce0cb36,4654b83aea42,l4_factory_route_v30_rec_chest5kg_align_y+0cm_yaw-2.5_ideal_ft_payload_descent_s7
ft_payload_descent_s7,7,l4_factory_route,5.0,0.0,0.0,stuck,"segment 1 (stairs_up), follow",54.5,0.1003,866.0,4720e42180b365e5ee05bdf44d5e624d8cd7fde039536868551dcee1b36b2d39,9aacbce0cb36,4654b83aea42,l4_factory_route_v30_rec_chest5kg_align_y+0cm_yaw+0_ideal_ft_payload_descent_s7
ft_payload_descent_s7,7,l4_factory_route,5.0,0.0,2.5,stuck,"segment 1 (stairs_up), follow",71.84,0.148,780.5,4720e42180b365e5ee05bdf44d5e624d8cd7fde039536868551dcee1b36b2d39,9aacbce0cb36,4654b83aea42,l4_factory_route_v30_rec_chest5kg_align_y+0cm_yaw+2.5_ideal_ft_payload_descent_s7
ft_payload_descent_s7,7,l4_factory_route,5.0,0.0,5.0,stuck,"segment 1 (stairs_up), follow",43.84,0.1003,848.0,4720e42180b365e5ee05bdf44d5e624d8cd7fde039536868551dcee1b36b2d39,9aacbce0cb36,4654b83aea42,l4_factory_route_v30_rec_chest5kg_align_y+0cm_yaw+5_ideal_ft_payload_descent_s7
ft_payload_descent_s7,7,l4_factory_route,5.0,5.0,-5.0,stuck,"segment 1 (stairs_up), follow",51.84,0.143,781.6,4720e42180b365e5ee05bdf44d5e624d8cd7fde039536868551dcee1b36b2d39,9aacbce0cb36,4654b83aea42,l4_factory_route_v30_rec_chest5kg_align_y+5cm_yaw-5_ideal_ft_payload_descent_s7
ft_payload_descent_s7,7,l4_factory_route,5.0,5.0,-2.5,stuck,"segment 1 (stairs_up), follow",54.44,0.1003,852.6,4720e42180b365e5ee05bdf44d5e624d8cd7fde039536868551dcee1b36b2d39,9aacbce0cb36,4654b83aea42,l4_factory_route_v30_rec_chest5kg_align_y+5cm_yaw-2.5_ideal_ft_payload_descent_s7
ft_payload_descent_s7,7,l4_factory_route,5.0,5.0,0.0,stuck,"segment 1 (stairs_up), follow",50.3,0.1003,857.9,4720e42180b365e5ee05bdf44d5e624d8cd7fde039536868551dcee1b36b2d39,9aacbce0cb36,4654b83aea42,l4_factory_route_v30_rec_chest5kg_align_y+5cm_yaw+0_ideal_ft_payload_descent_s7
ft_payload_descent_s7,7,l4_factory_route,5.0,5.0,2.5,stuck,"segment 1 (stairs_up), follow",61.28,0.1154,823.1,4720e42180b365e5ee05bdf44d5e624d8cd7fde039536868551dcee1b36b2d39,9aacbce0cb36,4654b83aea42,l4_factory_route_v30_rec_chest5kg_align_y+5cm_yaw+2.5_ideal_ft_payload_descent_s7
ft_payload_descent_s7,7,l4_factory_route,5.0,5.0,5.0,stuck,"segment 1 (stairs_up), follow",58.3,0.1284,799.8,4720e42180b365e5ee05bdf44d5e624d8cd7fde039536868551dcee1b36b2d39,9aacbce0cb36,4654b83aea42,l4_factory_route_v30_rec_chest5kg_align_y+5cm_yaw+5_ideal_ft_payload_descent_s7
ft_payload_descent_s7,7,l4_factory_route,5.0,10.0,-5.0,stuck,"segment 1 (stairs_up), follow",74.78,0.1003,860.0,4720e42180b365e5ee05bdf44d5e624d8cd7fde039536868551dcee1b36b2d39,9aacbce0cb36,4654b83aea42,l4_factory_route_v30_rec_chest5kg_align_y+10cm_yaw-5_ideal_ft_payload_descent_s7
ft_payload_descent_s7,7,l4_factory_route,5.0,10.0,-2.5,path_exit,"segment 5 (stairs_up), follow",89.72,0.315,578.7,4720e42180b365e5ee05bdf44d5e624d8cd7fde039536868551dcee1b36b2d39,9aacbce0cb36,4654b83aea42,l4_factory_route_v30_rec_chest5kg_align_y+10cm_yaw-2.5_ideal_ft_payload_descent_s7
ft_payload_descent_s7,7,l4_factory_route,5.0,10.0,0.0,path_exit,"segment 1 (stairs_up), follow",55.12,0.1325,835.0,4720e42180b365e5ee05bdf44d5e624d8cd7fde039536868551dcee1b36b2d39,9aacbce0cb36,4654b83aea42,l4_factory_route_v30_rec_chest5kg_align_y+10cm_yaw+0_ideal_ft_payload_descent_s7
ft_payload_descent_s7,7,l4_factory_route,5.0,10.0,2.5,stuck,"segment 1 (stairs_up), follow",47.54,0.1003,907.1,4720e42180b365e5ee05bdf44d5e624d8cd7fde039536868551dcee1b36b2d39,9aacbce0cb36,4654b83aea42,l4_factory_route_v30_rec_chest5kg_align_y+10cm_yaw+2.5_ideal_ft_payload_descent_s7
ft_payload_descent_s7,7,l4_factory_route,5.0,10.0,5.0,stuck,"segment 1 (stairs_up), follow",77.94,0.1003,835.9,4720e42180b365e5ee05bdf44d5e624d8cd7fde039536868551dcee1b36b2d39,9aacbce0cb36,4654b83aea42,l4_factory_route_v30_rec_chest5kg_align_y+10cm_yaw+5_ideal_ft_payload_descent_s7
ft_payload_descent_s7,7,l4_factory_route,8.0,-10.0,-5.0,stuck,"segment 1 (stairs_up), follow",39.12,0.1057,838.8,4720e42180b365e5ee05bdf44d5e624d8cd7fde039536868551dcee1b36b2d39,9aacbce0cb36,4654b83aea42,l4_factory_route_v30_rec_chest8kg_align_y-10cm_yaw-5_ideal_ft_payload_descent_s7
ft_payload_descent_s7,7,l4_factory_route,8.0,-10.0,-2.5,goal,stopped 1 cm from the goal,107.82,1.0,0.9,4720e42180b365e5ee05bdf44d5e624d8cd7fde039536868551dcee1b36b2d39,9aacbce0cb36,4654b83aea42,l4_factory_route_v30_rec_chest8kg_align_y-10cm_yaw-2.5_ideal_ft_payload_descent_s7
ft_payload_descent_s7,7,l4_factory_route,8.0,-10.0,0.0,goal,stopped 1 cm from the goal,103.08,1.0,1.2,4720e42180b365e5ee05bdf44d5e624d8cd7fde039536868551dcee1b36b2d39,9aacbce0cb36,4654b83aea42,l4_factory_route_v30_rec_chest8kg_align_y-10cm_yaw+0_ideal_ft_payload_descent_s7
ft_payload_descent_s7,7,l4_factory_route,8.0,-10.0,2.5,path_exit,"segment 1 (stairs_up), follow",36.46,0.1191,852.7,4720e42180b365e5ee05bdf44d5e624d8cd7fde039536868551dcee1b36b2d39,9aacbce0cb36,4654b83aea42,l4_factory_route_v30_rec_chest8kg_align_y-10cm_yaw+2.5_ideal_ft_payload_descent_s7
ft_payload_descent_s7,7,l4_factory_route,8.0,-10.0,5.0,stuck,"segment 5 (stairs_up), follow",80.82,0.3139,601.4,4720e42180b365e5ee05bdf44d5e624d8cd7fde039536868551dcee1b36b2d39,9aacbce0cb36,4654b83aea42,l4_factory_route_v30_rec_chest8kg_align_y-10cm_yaw+5_ideal_ft_payload_descent_s7
ft_payload_descent_s7,7,l4_factory_route,8.0,-5.0,-5.0,goal,stopped 2 cm from the goal,102.1,1.0,2.4,4720e42180b365e5ee05bdf44d5e624d8cd7fde039536868551dcee1b36b2d39,9aacbce0cb36,4654b83aea42,l4_factory_route_v30_rec_chest8kg_align_y-5cm_yaw-5_ideal_ft_payload_descent_s7
ft_payload_descent_s7,7,l4_factory_route,8.0,-5.0,-2.5,goal,stopped 0 cm from the goal,139.94,1.0,0.3,4720e42180b365e5ee05bdf44d5e624d8cd7fde039536868551dcee1b36b2d39,9aacbce0cb36,4654b83aea42,l4_factory_route_v30_rec_chest8kg_align_y-5cm_yaw-2.5_ideal_ft_payload_descent_s7
ft_payload_descent_s7,7,l4_factory_route,8.0,-5.0,0.0,path_exit,"segment 9 (stairs_down), follow",112.86,0.6891,442.6,4720e42180b365e5ee05bdf44d5e624d8cd7fde039536868551dcee1b36b2d39,9aacbce0cb36,4654b83aea42,l4_factory_route_v30_rec_chest8kg_align_y-5cm_yaw+0_ideal_ft_payload_descent_s7
ft_payload_descent_s7,7,l4_factory_route,8.0,-5.0,2.5,path_exit,"segment 9 (stairs_down), follow",108.16,0.6957,429.8,4720e42180b365e5ee05bdf44d5e624d8cd7fde039536868551dcee1b36b2d39,9aacbce0cb36,4654b83aea42,l4_factory_route_v30_rec_chest8kg_align_y-5cm_yaw+2.5_ideal_ft_payload_descent_s7
ft_payload_descent_s7,7,l4_factory_route,8.0,-5.0,5.0,goal,stopped 1 cm from the goal,94.82,1.0,1.4,4720e42180b365e5ee05bdf44d5e624d8cd7fde039536868551dcee1b36b2d39,9aacbce0cb36,4654b83aea42,l4_factory_route_v30_rec_chest8kg_align_y-5cm_yaw+5_ideal_ft_payload_descent_s7
ft_payload_descent_s7,7,l4_factory_route,8.0,0.0,-5.0,stuck,"segment 5 (stairs_up), follow",75.26,0.3259,645.1,4720e42180b365e5ee05bdf44d5e624d8cd7fde039536868551dcee1b36b2d39,9aacbce0cb36,4654b83aea42,l4_factory_route_v30_rec_chest8kg_align_y+0cm_yaw-5_ideal_ft_payload_descent_s7
ft_payload_descent_s7,7,l4_factory_route,8.0,0.0,-2.5,path_exit,"segment 9 (stairs_down), follow",75.82,0.7815,273.8,4720e42180b365e5ee05bdf44d5e624d8cd7fde039536868551dcee1b36b2d39,9aacbce0cb36,4654b83aea42,l4_factory_route_v30_rec_chest8kg_align_y+0cm_yaw-2.5_ideal_ft_payload_descent_s7
ft_payload_descent_s7,7,l4_factory_route,8.0,0.0,0.0,path_exit,"segment 9 (stairs_down), follow",102.92,0.7555,319.8,4720e42180b365e5ee05bdf44d5e624d8cd7fde039536868551dcee1b36b2d39,9aacbce0cb36,4654b83aea42,l4_factory_route_v30_rec_chest8kg_align_y+0cm_yaw+0_ideal_ft_payload_descent_s7
ft_payload_descent_s7,7,l4_factory_route,8.0,0.0,2.5,stuck,"segment 5 (stairs_up), follow",83.62,0.3139,600.3,4720e42180b365e5ee05bdf44d5e624d8cd7fde039536868551dcee1b36b2d39,9aacbce0cb36,4654b83aea42,l4_factory_route_v30_rec_chest8kg_align_y+0cm_yaw+2.5_ideal_ft_payload_descent_s7
ft_payload_descent_s7,7,l4_factory_route,8.0,0.0,5.0,goal,stopped 1 cm from the goal,128.48,1.0,1.1,4720e42180b365e5ee05bdf44d5e624d8cd7fde039536868551dcee1b36b2d39,9aacbce0cb36,4654b83aea42,l4_factory_route_v30_rec_chest8kg_align_y+0cm_yaw+5_ideal_ft_payload_descent_s7
ft_payload_descent_s7,7,l4_factory_route,8.0,5.0,-5.0,goal,stopped 2 cm from the goal,94.58,1.0,2.4,4720e42180b365e5ee05bdf44d5e624d8cd7fde039536868551dcee1b36b2d39,9aacbce0cb36,4654b83aea42,l4_factory_route_v30_rec_chest8kg_align_y+5cm_yaw-5_ideal_ft_payload_descent_s7
ft_payload_descent_s7,7,l4_factory_route,8.0,5.0,-2.5,path_exit,"segment 9 (stairs_down), follow",87.34,0.67,478.8,4720e42180b365e5ee05bdf44d5e624d8cd7fde039536868551dcee1b36b2d39,9aacbce0cb36,4654b83aea42,l4_factory_route_v30_rec_chest8kg_align_y+5cm_yaw-2.5_ideal_ft_payload_descent_s7
ft_payload_descent_s7,7,l4_factory_route,8.0,5.0,0.0,stuck,"segment 5 (stairs_up), follow",88.0,0.3336,640.6,4720e42180b365e5ee05bdf44d5e624d8cd7fde039536868551dcee1b36b2d39,9aacbce0cb36,4654b83aea42,l4_factory_route_v30_rec_chest8kg_align_y+5cm_yaw+0_ideal_ft_payload_descent_s7
ft_payload_descent_s7,7,l4_factory_route,8.0,5.0,2.5,goal,stopped 1 cm from the goal,98.12,1.0,1.0,4720e42180b365e5ee05bdf44d5e624d8cd7fde039536868551dcee1b36b2d39,9aacbce0cb36,4654b83aea42,l4_factory_route_v30_rec_chest8kg_align_y+5cm_yaw+2.5_ideal_ft_payload_descent_s7
ft_payload_descent_s7,7,l4_factory_route,8.0,5.0,5.0,fall,segment 1 (stairs_up),20.08,0.1338,828.4,4720e42180b365e5ee05bdf44d5e624d8cd7fde039536868551dcee1b36b2d39,9aacbce0cb36,4654b83aea42,l4_factory_route_v30_rec_chest8kg_align_y+5cm_yaw+5_ideal_ft_payload_descent_s7
ft_payload_descent_s7,7,l4_factory_route,8.0,10.0,-5.0,stuck,"segment 1 (stairs_up), follow",39.1,0.164,750.9,4720e42180b365e5ee05bdf44d5e624d8cd7fde039536868551dcee1b36b2d39,9aacbce0cb36,4654b83aea42,l4_factory_route_v30_rec_chest8kg_align_y+10cm_yaw-5_ideal_ft_payload_descent_s7
ft_payload_descent_s7,7,l4_factory_route,8.0,10.0,-2.5,goal,stopped 2 cm from the goal,103.58,1.0,1.9,4720e42180b365e5ee05bdf44d5e624d8cd7fde039536868551dcee1b36b2d39,9aacbce0cb36,4654b83aea42,l4_factory_route_v30_rec_chest8kg_align_y+10cm_yaw-2.5_ideal_ft_payload_descent_s7
ft_payload_descent_s7,7,l4_factory_route,8.0,10.0,0.0,goal,stopped 5 cm from the goal,102.12,1.0,4.6,4720e42180b365e5ee05bdf44d5e624d8cd7fde039536868551dcee1b36b2d39,9aacbce0cb36,4654b83aea42,l4_factory_route_v30_rec_chest8kg_align_y+10cm_yaw+0_ideal_ft_payload_descent_s7
ft_payload_descent_s7,7,l4_factory_route,8.0,10.0,2.5,path_exit,"segment 9 (stairs_down), follow",69.58,0.6987,424.2,4720e42180b365e5ee05bdf44d5e624d8cd7fde039536868551dcee1b36b2d39,9aacbce0cb36,4654b83aea42,l4_factory_route_v30_rec_chest8kg_align_y+10cm_yaw+2.5_ideal_ft_payload_descent_s7
ft_payload_descent_s7,7,l4_factory_route,8.0,10.0,5.0,goal,stopped 1 cm from the goal,99.76,1.0,1.0,4720e42180b365e5ee05bdf44d5e624d8cd7fde039536868551dcee1b36b2d39,9aacbce0cb36,4654b83aea42,l4_factory_route_v30_rec_chest8kg_align_y+10cm_yaw+5_ideal_ft_payload_descent_s7
ft_payload_heavy,42,diag_down,,-10.0,-5.0,stuck,"segment 0 (flat), follow",37.38,0.1906,574.7,b25a4f3a4eb43a9e0fc25bcd4060b7e74146b192811707635011d2364dd3306f,9aacbce0cb36,4654b83aea42,diag_down_v30_rec_align_y-10cm_yaw-5_ideal_ft_payload_heavy
ft_payload_heavy,42,diag_down,,-10.0,0.0,stuck,"segment 0 (flat), follow",37.3,0.2013,567.1,b25a4f3a4eb43a9e0fc25bcd4060b7e74146b192811707635011d2364dd3306f,9aacbce0cb36,4654b83aea42,diag_down_v30_rec_align_y-10cm_yaw+0_ideal_ft_payload_heavy
ft_payload_heavy,42,diag_down,,-10.0,5.0,stuck,"segment 0 (flat), follow",37.5,0.1456,606.6,b25a4f3a4eb43a9e0fc25bcd4060b7e74146b192811707635011d2364dd3306f,9aacbce0cb36,4654b83aea42,diag_down_v30_rec_align_y-10cm_yaw+5_ideal_ft_payload_heavy
ft_payload_heavy,42,diag_down,,0.0,-5.0,stuck,"segment 0 (flat), follow",48.06,0.1669,591.5,b25a4f3a4eb43a9e0fc25bcd4060b7e74146b192811707635011d2364dd3306f,9aacbce0cb36,4654b83aea42,diag_down_v30_rec_align_y+0cm_yaw-5_ideal_ft_payload_heavy
ft_payload_heavy,42,diag_down,,0.0,0.0,stuck,"segment 0 (flat), follow",56.46,0.1745,586.1,b25a4f3a4eb43a9e0fc25bcd4060b7e74146b192811707635011d2364dd3306f,9aacbce0cb36,4654b83aea42,diag_down_v30_rec_align_y+0cm_yaw+0_ideal_ft_payload_heavy
ft_payload_heavy,42,diag_down,,0.0,5.0,stuck,"segment 0 (flat), follow",48.14,0.1669,591.5,b25a4f3a4eb43a9e0fc25bcd4060b7e74146b192811707635011d2364dd3306f,9aacbce0cb36,4654b83aea42,diag_down_v30_rec_align_y+0cm_yaw+5_ideal_ft_payload_heavy
ft_payload_heavy,42,diag_down,,10.0,-5.0,stuck,"segment 0 (flat), follow",29.14,0.1592,597.0,b25a4f3a4eb43a9e0fc25bcd4060b7e74146b192811707635011d2364dd3306f,9aacbce0cb36,4654b83aea42,diag_down_v30_rec_align_y+10cm_yaw-5_ideal_ft_payload_heavy
ft_payload_heavy,42,diag_down,,10.0,0.0,stuck,"segment 0 (flat), follow",29.14,0.1768,584.5,b25a4f3a4eb43a9e0fc25bcd4060b7e74146b192811707635011d2364dd3306f,9aacbce0cb36,4654b83aea42,diag_down_v30_rec_align_y+10cm_yaw+0_ideal_ft_payload_heavy
ft_payload_heavy,42,diag_down,,10.0,5.0,stuck,"segment 0 (flat), follow",29.12,0.1717,588.2,b25a4f3a4eb43a9e0fc25bcd4060b7e74146b192811707635011d2364dd3306f,9aacbce0cb36,4654b83aea42,diag_down_v30_rec_align_y+10cm_yaw+5_ideal_ft_payload_heavy
ft_payload_heavy,42,l1_corner,12.0,-10.0,-5.0,goal,stopped 10 cm from the goal,26.8,1.0,9.7,b25a4f3a4eb43a9e0fc25bcd4060b7e74146b192811707635011d2364dd3306f,9aacbce0cb36,4654b83aea42,l1_corner_v30_rec_chest12kg_align_y-10cm_yaw-5_ideal_ft_payload_heavy
ft_payload_heavy,42,l1_corner,12.0,-10.0,0.0,goal,stopped 9 cm from the goal,26.0,1.0,9.1,b25a4f3a4eb43a9e0fc25bcd4060b7e74146b192811707635011d2364dd3306f,9aacbce0cb36,4654b83aea42,l1_corner_v30_rec_chest12kg_align_y-10cm_yaw+0_ideal_ft_payload_heavy
ft_payload_heavy,42,l1_corner,12.0,-10.0,5.0,goal,stopped 9 cm from the goal,25.98,1.0,9.1,b25a4f3a4eb43a9e0fc25bcd4060b7e74146b192811707635011d2364dd3306f,9aacbce0cb36,4654b83aea42,l1_corner_v30_rec_chest12kg_align_y-10cm_yaw+5_ideal_ft_payload_heavy
ft_payload_heavy,42,l1_corner,12.0,0.0,-5.0,goal,stopped 9 cm from the goal,25.96,1.0,9.3,b25a4f3a4eb43a9e0fc25bcd4060b7e74146b192811707635011d2364dd3306f,9aacbce0cb36,4654b83aea42,l1_corner_v30_rec_chest12kg_align_y+0cm_yaw-5_ideal_ft_payload_heavy
ft_payload_heavy,42,l1_corner,12.0,0.0,0.0,goal,stopped 9 cm from the goal,25.16,1.0,9.5,b25a4f3a4eb43a9e0fc25bcd4060b7e74146b192811707635011d2364dd3306f,9aacbce0cb36,4654b83aea42,l1_corner_v30_rec_chest12kg_align_y+0cm_yaw+0_ideal_ft_payload_heavy
ft_payload_heavy,42,l1_corner,12.0,0.0,5.0,goal,stopped 12 cm from the goal,24.62,1.0,11.5,b25a4f3a4eb43a9e0fc25bcd4060b7e74146b192811707635011d2364dd3306f,9aacbce0cb36,4654b83aea42,l1_corner_v30_rec_chest12kg_align_y+0cm_yaw+5_ideal_ft_payload_heavy
ft_payload_heavy,42,l1_corner,12.0,10.0,-5.0,goal,stopped 10 cm from the goal,24.4,1.0,9.6,b25a4f3a4eb43a9e0fc25bcd4060b7e74146b192811707635011d2364dd3306f,9aacbce0cb36,4654b83aea42,l1_corner_v30_rec_chest12kg_align_y+10cm_yaw-5_ideal_ft_payload_heavy
ft_payload_heavy,42,l1_corner,12.0,10.0,0.0,goal,stopped 10 cm from the goal,22.78,1.0,9.6,b25a4f3a4eb43a9e0fc25bcd4060b7e74146b192811707635011d2364dd3306f,9aacbce0cb36,4654b83aea42,l1_corner_v30_rec_chest12kg_align_y+10cm_yaw+0_ideal_ft_payload_heavy
ft_payload_heavy,42,l1_corner,12.0,10.0,5.0,goal,stopped 10 cm from the goal,22.78,1.0,9.5,b25a4f3a4eb43a9e0fc25bcd4060b7e74146b192811707635011d2364dd3306f,9aacbce0cb36,4654b83aea42,l1_corner_v30_rec_chest12kg_align_y+10cm_yaw+5_ideal_ft_payload_heavy
ft_payload_heavy,42,l2_corner_stairs,12.0,-10.0,-5.0,stuck,"segment 2 (stairs_up), follow",87.6,0.3153,549.3,b25a4f3a4eb43a9e0fc25bcd4060b7e74146b192811707635011d2364dd3306f,9aacbce0cb36,4654b83aea42,l2_corner_stairs_v30_rec_chest12kg_align_y-10cm_yaw-5_ideal_ft_payload_heavy
ft_payload_heavy,42,l2_corner_stairs,12.0,-10.0,0.0,path_exit,"segment 2 (stairs_up), follow",63.32,0.3505,484.4,b25a4f3a4eb43a9e0fc25bcd4060b7e74146b192811707635011d2364dd3306f,9aacbce0cb36,4654b83aea42,l2_corner_stairs_v30_rec_chest12kg_align_y-10cm_yaw+0_ideal_ft_payload_heavy
ft_payload_heavy,42,l2_corner_stairs,12.0,-10.0,5.0,stuck,"segment 2 (stairs_up), follow",70.1,0.3392,530.5,b25a4f3a4eb43a9e0fc25bcd4060b7e74146b192811707635011d2364dd3306f,9aacbce0cb36,4654b83aea42,l2_corner_stairs_v30_rec_chest12kg_align_y-10cm_yaw+5_ideal_ft_payload_heavy
ft_payload_heavy,42,l2_corner_stairs,12.0,0.0,-5.0,stuck,"segment 2 (stairs_up), follow",68.2,0.3153,566.0,b25a4f3a4eb43a9e0fc25bcd4060b7e74146b192811707635011d2364dd3306f,9aacbce0cb36,4654b83aea42,l2_corner_stairs_v30_rec_chest12kg_align_y+0cm_yaw-5_ideal_ft_payload_heavy
ft_payload_heavy,42,l2_corner_stairs,12.0,0.0,0.0,path_exit,"segment 2 (stairs_up), follow",69.26,0.3153,520.2,b25a4f3a4eb43a9e0fc25bcd4060b7e74146b192811707635011d2364dd3306f,9aacbce0cb36,4654b83aea42,l2_corner_stairs_v30_rec_chest12kg_align_y+0cm_yaw+0_ideal_ft_payload_heavy
ft_payload_heavy,42,l2_corner_stairs,12.0,0.0,5.0,stuck,"segment 2 (stairs_up), follow",63.46,0.3153,607.1,b25a4f3a4eb43a9e0fc25bcd4060b7e74146b192811707635011d2364dd3306f,9aacbce0cb36,4654b83aea42,l2_corner_stairs_v30_rec_chest12kg_align_y+0cm_yaw+5_ideal_ft_payload_heavy
ft_payload_heavy,42,l2_corner_stairs,12.0,10.0,-5.0,stuck,"segment 2 (stairs_up), follow",73.06,0.3305,532.1,b25a4f3a4eb43a9e0fc25bcd4060b7e74146b192811707635011d2364dd3306f,9aacbce0cb36,4654b83aea42,l2_corner_stairs_v30_rec_chest12kg_align_y+10cm_yaw-5_ideal_ft_payload_heavy
ft_payload_heavy,42,l2_corner_stairs,12.0,10.0,0.0,stuck,"segment 2 (stairs_up), follow",81.74,0.3988,476.0,b25a4f3a4eb43a9e0fc25bcd4060b7e74146b192811707635011d2364dd3306f,9aacbce0cb36,4654b83aea42,l2_corner_stairs_v30_rec_chest12kg_align_y+10cm_yaw+0_ideal_ft_payload_heavy
ft_payload_heavy,42,l2_corner_stairs,12.0,10.0,5.0,path_exit,"segment 2 (stairs_up), follow",58.08,0.3159,518.2,b25a4f3a4eb43a9e0fc25bcd4060b7e74146b192811707635011d2364dd3306f,9aacbce0cb36,4654b83aea42,l2_corner_stairs_v30_rec_chest12kg_align_y+10cm_yaw+5_ideal_ft_payload_heavy
ft_payload_heavy,42,l2_corner_stairs,2.0,-10.0,-5.0,stuck,"segment 1 (flat), follow",77.86,0.2595,603.1,b25a4f3a4eb43a9e0fc25bcd4060b7e74146b192811707635011d2364dd3306f,9aacbce0cb36,4654b83aea42,l2_corner_stairs_v30_rec_chest2kg_align_y-10cm_yaw-5_ideal_ft_payload_heavy
ft_payload_heavy,42,l2_corner_stairs,2.0,-10.0,0.0,stuck,"segment 1 (flat), follow",51.54,0.2581,607.0,b25a4f3a4eb43a9e0fc25bcd4060b7e74146b192811707635011d2364dd3306f,9aacbce0cb36,4654b83aea42,l2_corner_stairs_v30_rec_chest2kg_align_y-10cm_yaw+0_ideal_ft_payload_heavy
ft_payload_heavy,42,l2_corner_stairs,2.0,-10.0,5.0,stuck,"segment 1 (flat), follow",80.3,0.2973,565.9,b25a4f3a4eb43a9e0fc25bcd4060b7e74146b192811707635011d2364dd3306f,9aacbce0cb36,4654b83aea42,l2_corner_stairs_v30_rec_chest2kg_align_y-10cm_yaw+5_ideal_ft_payload_heavy
ft_payload_heavy,42,l2_corner_stairs,2.0,0.0,-5.0,stuck,"segment 1 (flat), follow",40.92,0.2552,606.9,b25a4f3a4eb43a9e0fc25bcd4060b7e74146b192811707635011d2364dd3306f,9aacbce0cb36,4654b83aea42,l2_corner_stairs_v30_rec_chest2kg_align_y+0cm_yaw-5_ideal_ft_payload_heavy
ft_payload_heavy,42,l2_corner_stairs,2.0,0.0,0.0,stuck,"segment 1 (flat), follow",52.16,0.2599,601.1,b25a4f3a4eb43a9e0fc25bcd4060b7e74146b192811707635011d2364dd3306f,9aacbce0cb36,4654b83aea42,l2_corner_stairs_v30_rec_chest2kg_align_y+0cm_yaw+0_ideal_ft_payload_heavy
ft_payload_heavy,42,l2_corner_stairs,2.0,0.0,5.0,stuck,"segment 1 (flat), follow",42.14,0.2441,617.5,b25a4f3a4eb43a9e0fc25bcd4060b7e74146b192811707635011d2364dd3306f,9aacbce0cb36,4654b83aea42,l2_corner_stairs_v30_rec_chest2kg_align_y+0cm_yaw+5_ideal_ft_payload_heavy
ft_payload_heavy,42,l2_corner_stairs,2.0,10.0,-5.0,stuck,"segment 1 (flat), follow",72.0,0.229,635.2,b25a4f3a4eb43a9e0fc25bcd4060b7e74146b192811707635011d2364dd3306f,9aacbce0cb36,4654b83aea42,l2_corner_stairs_v30_rec_chest2kg_align_y+10cm_yaw-5_ideal_ft_payload_heavy
ft_payload_heavy,42,l2_corner_stairs,2.0,10.0,0.0,stuck,"segment 1 (flat), follow",57.9,0.2459,612.2,b25a4f3a4eb43a9e0fc25bcd4060b7e74146b192811707635011d2364dd3306f,9aacbce0cb36,4654b83aea42,l2_corner_stairs_v30_rec_chest2kg_align_y+10cm_yaw+0_ideal_ft_payload_heavy
ft_payload_heavy,42,l2_corner_stairs,2.0,10.0,5.0,stuck,"segment 1 (flat), follow",61.96,0.2773,584.4,b25a4f3a4eb43a9e0fc25bcd4060b7e74146b192811707635011d2364dd3306f,9aacbce0cb36,4654b83aea42,l2_corner_stairs_v30_rec_chest2kg_align_y+10cm_yaw+5_ideal_ft_payload_heavy
ft_payload_heavy,42,l2_corner_stairs,5.0,-10.0,-5.0,stuck,"segment 1 (flat), follow",76.12,0.2966,564.0,b25a4f3a4eb43a9e0fc25bcd4060b7e74146b192811707635011d2364dd3306f,9aacbce0cb36,4654b83aea42,l2_corner_stairs_v30_rec_chest5kg_align_y-10cm_yaw-5_ideal_ft_payload_heavy
ft_payload_heavy,42,l2_corner_stairs,5.0,-10.0,0.0,stuck,"segment 1 (flat), follow",52.94,0.2753,589.0,b25a4f3a4eb43a9e0fc25bcd4060b7e74146b192811707635011d2364dd3306f,9aacbce0cb36,4654b83aea42,l2_corner_stairs_v30_rec_chest5kg_align_y-10cm_yaw+0_ideal_ft_payload_heavy
ft_payload_heavy,42,l2_corner_stairs,5.0,-10.0,5.0,stuck,"segment 1 (flat), follow",43.66,0.2314,629.2,b25a4f3a4eb43a9e0fc25bcd4060b7e74146b192811707635011d2364dd3306f,9aacbce0cb36,4654b83aea42,l2_corner_stairs_v30_rec_chest5kg_align_y-10cm_yaw+5_ideal_ft_payload_heavy
ft_payload_heavy,42,l2_corner_stairs,5.0,0.0,-5.0,stuck,"segment 1 (flat), follow",44.22,0.2696,593.6,b25a4f3a4eb43a9e0fc25bcd4060b7e74146b192811707635011d2364dd3306f,9aacbce0cb36,4654b83aea42,l2_corner_stairs_v30_rec_chest5kg_align_y+0cm_yaw-5_ideal_ft_payload_heavy
ft_payload_heavy,42,l2_corner_stairs,5.0,0.0,0.0,stuck,"segment 1 (flat), follow",57.62,0.2477,613.8,b25a4f3a4eb43a9e0fc25bcd4060b7e74146b192811707635011d2364dd3306f,9aacbce0cb36,4654b83aea42,l2_corner_stairs_v30_rec_chest5kg_align_y+0cm_yaw+0_ideal_ft_payload_heavy
ft_payload_heavy,42,l2_corner_stairs,5.0,0.0,5.0,stuck,"segment 1 (flat), follow",57.54,0.2677,592.5,b25a4f3a4eb43a9e0fc25bcd4060b7e74146b192811707635011d2364dd3306f,9aacbce0cb36,4654b83aea42,l2_corner_stairs_v30_rec_chest5kg_align_y+0cm_yaw+5_ideal_ft_payload_heavy
ft_payload_heavy,42,l2_corner_stairs,5.0,10.0,-5.0,stuck,"segment 1 (flat), follow",62.2,0.2614,599.5,b25a4f3a4eb43a9e0fc25bcd4060b7e74146b192811707635011d2364dd3306f,9aacbce0cb36,4654b83aea42,l2_corner_stairs_v30_rec_chest5kg_align_y+10cm_yaw-5_ideal_ft_payload_heavy
ft_payload_heavy,42,l2_corner_stairs,5.0,10.0,0.0,stuck,"segment 1 (flat), follow",41.06,0.2434,619.1,b25a4f3a4eb43a9e0fc25bcd4060b7e74146b192811707635011d2364dd3306f,9aacbce0cb36,4654b83aea42,l2_corner_stairs_v30_rec_chest5kg_align_y+10cm_yaw+0_ideal_ft_payload_heavy
ft_payload_heavy,42,l2_corner_stairs,5.0,10.0,5.0,stuck,"segment 1 (flat), follow",43.02,0.2553,606.4,b25a4f3a4eb43a9e0fc25bcd4060b7e74146b192811707635011d2364dd3306f,9aacbce0cb36,4654b83aea42,l2_corner_stairs_v30_rec_chest5kg_align_y+10cm_yaw+5_ideal_ft_payload_heavy
ft_payload_heavy,42,l2_corner_stairs,8.0,-10.0,-5.0,stuck,"segment 2 (stairs_up), follow",75.34,0.3153,592.7,b25a4f3a4eb43a9e0fc25bcd4060b7e74146b192811707635011d2364dd3306f,9aacbce0cb36,4654b83aea42,l2_corner_stairs_v30_rec_chest8kg_align_y-10cm_yaw-5_ideal_ft_payload_heavy
ft_payload_heavy,42,l2_corner_stairs,8.0,-10.0,0.0,stuck,"segment 2 (stairs_up), follow",76.86,0.3163,550.3,b25a4f3a4eb43a9e0fc25bcd4060b7e74146b192811707635011d2364dd3306f,9aacbce0cb36,4654b83aea42,l2_corner_stairs_v30_rec_chest8kg_align_y-10cm_yaw+0_ideal_ft_payload_heavy
ft_payload_heavy,42,l2_corner_stairs,8.0,-10.0,5.0,time_limit,,141.0,0.3153,610.4,b25a4f3a4eb43a9e0fc25bcd4060b7e74146b192811707635011d2364dd3306f,9aacbce0cb36,4654b83aea42,l2_corner_stairs_v30_rec_chest8kg_align_y-10cm_yaw+5_ideal_ft_payload_heavy
ft_payload_heavy,42,l2_corner_stairs,8.0,0.0,-5.0,stuck,"segment 1 (flat), follow",74.66,0.2869,573.7,b25a4f3a4eb43a9e0fc25bcd4060b7e74146b192811707635011d2364dd3306f,9aacbce0cb36,4654b83aea42,l2_corner_stairs_v30_rec_chest8kg_align_y+0cm_yaw-5_ideal_ft_payload_heavy
ft_payload_heavy,42,l2_corner_stairs,8.0,0.0,0.0,stuck,"segment 2 (stairs_up), follow",77.08,0.3153,598.7,b25a4f3a4eb43a9e0fc25bcd4060b7e74146b192811707635011d2364dd3306f,9aacbce0cb36,4654b83aea42,l2_corner_stairs_v30_rec_chest8kg_align_y+0cm_yaw+0_ideal_ft_payload_heavy
ft_payload_heavy,42,l2_corner_stairs,8.0,0.0,5.0,stuck,"segment 2 (stairs_up), follow",88.26,0.3153,563.3,b25a4f3a4eb43a9e0fc25bcd4060b7e74146b192811707635011d2364dd3306f,9aacbce0cb36,4654b83aea42,l2_corner_stairs_v30_rec_chest8kg_align_y+0cm_yaw+5_ideal_ft_payload_heavy
ft_payload_heavy,42,l2_corner_stairs,8.0,10.0,-5.0,stuck,"segment 1 (flat), follow",89.12,0.2995,563.5,b25a4f3a4eb43a9e0fc25bcd4060b7e74146b192811707635011d2364dd3306f,9aacbce0cb36,4654b83aea42,l2_corner_stairs_v30_rec_chest8kg_align_y+10cm_yaw-5_ideal_ft_payload_heavy
ft_payload_heavy,42,l2_corner_stairs,8.0,10.0,0.0,stuck,"segment 1 (flat), follow",51.76,0.3009,560.9,b25a4f3a4eb43a9e0fc25bcd4060b7e74146b192811707635011d2364dd3306f,9aacbce0cb36,4654b83aea42,l2_corner_stairs_v30_rec_chest8kg_align_y+10cm_yaw+0_ideal_ft_payload_heavy
ft_payload_heavy,42,l2_corner_stairs,8.0,10.0,5.0,stuck,"segment 1 (flat), follow",46.76,0.2778,585.7,b25a4f3a4eb43a9e0fc25bcd4060b7e74146b192811707635011d2364dd3306f,9aacbce0cb36,4654b83aea42,l2_corner_stairs_v30_rec_chest8kg_align_y+10cm_yaw+5_ideal_ft_payload_heavy
ft_payload_heavy,42,l4_factory_route,,-10.0,-5.0,stuck,"segment 0 (flat), follow",37.38,0.0679,888.3,b25a4f3a4eb43a9e0fc25bcd4060b7e74146b192811707635011d2364dd3306f,9aacbce0cb36,4654b83aea42,l4_factory_route_v30_rec_align_y-10cm_yaw-5_ideal_ft_payload_heavy
ft_payload_heavy,42,l4_factory_route,,-10.0,-2.5,stuck,"segment 0 (flat), follow",37.42,0.0652,889.1,b25a4f3a4eb43a9e0fc25bcd4060b7e74146b192811707635011d2364dd3306f,9aacbce0cb36,4654b83aea42,l4_factory_route_v30_rec_align_y-10cm_yaw-2.5_ideal_ft_payload_heavy
ft_payload_heavy,42,l4_factory_route,,-10.0,0.0,stuck,"segment 0 (flat), follow",37.3,0.0717,881.3,b25a4f3a4eb43a9e0fc25bcd4060b7e74146b192811707635011d2364dd3306f,9aacbce0cb36,4654b83aea42,l4_factory_route_v30_rec_align_y-10cm_yaw+0_ideal_ft_payload_heavy
ft_payload_heavy,42,l4_factory_route,,-10.0,2.5,stuck,"segment 0 (flat), follow",35.68,0.0578,899.2,b25a4f3a4eb43a9e0fc25bcd4060b7e74146b192811707635011d2364dd3306f,9aacbce0cb36,4654b83aea42,l4_factory_route_v30_rec_align_y-10cm_yaw+2.5_ideal_ft_payload_heavy
ft_payload_heavy,42,l4_factory_route,,-10.0,5.0,stuck,"segment 0 (flat), follow",37.5,0.0519,911.0,b25a4f3a4eb43a9e0fc25bcd4060b7e74146b192811707635011d2364dd3306f,9aacbce0cb36,4654b83aea42,l4_factory_route_v30_rec_align_y-10cm_yaw+5_ideal_ft_payload_heavy
ft_payload_heavy,42,l4_factory_route,,-5.0,-5.0,stuck,"segment 0 (flat), follow",29.08,0.0649,892.3,b25a4f3a4eb43a9e0fc25bcd4060b7e74146b192811707635011d2364dd3306f,9aacbce0cb36,4654b83aea42,l4_factory_route_v30_rec_align_y-5cm_yaw-5_ideal_ft_payload_heavy
ft_payload_heavy,42,l4_factory_route,,-5.0,-2.5,stuck,"segment 0 (flat), follow",29.14,0.0575,900.2,b25a4f3a4eb43a9e0fc25bcd4060b7e74146b192811707635011d2364dd3306f,9aacbce0cb36,4654b83aea42,l4_factory_route_v30_rec_align_y-5cm_yaw-2.5_ideal_ft_payload_heavy
ft_payload_heavy,42,l4_factory_route,,-5.0,0.0,stuck,"segment 0 (flat), follow",36.18,0.0623,894.4,b25a4f3a4eb43a9e0fc25bcd4060b7e74146b192811707635011d2364dd3306f,9aacbce0cb36,4654b83aea42,l4_factory_route_v30_rec_align_y-5cm_yaw+0_ideal_ft_payload_heavy
ft_payload_heavy,42,l4_factory_route,,-5.0,2.5,stuck,"segment 0 (flat), follow",52.36,0.0543,908.4,b25a4f3a4eb43a9e0fc25bcd4060b7e74146b192811707635011d2364dd3306f,9aacbce0cb36,4654b83aea42,l4_factory_route_v30_rec_align_y-5cm_yaw+2.5_ideal_ft_payload_heavy
ft_payload_heavy,42,l4_factory_route,,-5.0,5.0,stuck,"segment 0 (flat), follow",37.38,0.0581,902.0,b25a4f3a4eb43a9e0fc25bcd4060b7e74146b192811707635011d2364dd3306f,9aacbce0cb36,4654b83aea42,l4_factory_route_v30_rec_align_y-5cm_yaw+5_ideal_ft_payload_heavy
ft_payload_heavy,42,l4_factory_route,,0.0,-5.0,stuck,"segment 0 (flat), follow",48.06,0.0594,900.3,b25a4f3a4eb43a9e0fc25bcd4060b7e74146b192811707635011d2364dd3306f,9aacbce0cb36,4654b83aea42,l4_factory_route_v30_rec_align_y+0cm_yaw-5_ideal_ft_payload_heavy
ft_payload_heavy,42,l4_factory_route,,0.0,-2.5,stuck,"segment 0 (flat), follow",47.44,0.06,896.9,b25a4f3a4eb43a9e0fc25bcd4060b7e74146b192811707635011d2364dd3306f,9aacbce0cb36,4654b83aea42,l4_factory_route_v30_rec_align_y+0cm_yaw-2.5_ideal_ft_payload_heavy
ft_payload_heavy,42,l4_factory_route,,0.0,0.0,stuck,"segment 0 (flat), follow",56.46,0.0621,898.0,b25a4f3a4eb43a9e0fc25bcd4060b7e74146b192811707635011d2364dd3306f,9aacbce0cb36,4654b83aea42,l4_factory_route_v30_rec_align_y+0cm_yaw+0_ideal_ft_payload_heavy
ft_payload_heavy,42,l4_factory_route,,0.0,2.5,stuck,"segment 0 (flat), follow",35.92,0.0638,895.2,b25a4f3a4eb43a9e0fc25bcd4060b7e74146b192811707635011d2364dd3306f,9aacbce0cb36,4654b83aea42,l4_factory_route_v30_rec_align_y+0cm_yaw+2.5_ideal_ft_payload_heavy
ft_payload_heavy,42,l4_factory_route,,0.0,5.0,stuck,"segment 0 (flat), follow",48.14,0.0594,898.8,b25a4f3a4eb43a9e0fc25bcd4060b7e74146b192811707635011d2364dd3306f,9aacbce0cb36,4654b83aea42,l4_factory_route_v30_rec_align_y+0cm_yaw+5_ideal_ft_payload_heavy
ft_payload_heavy,42,l4_factory_route,,5.0,-5.0,stuck,"segment 0 (flat), follow",29.08,0.0593,900.2,b25a4f3a4eb43a9e0fc25bcd4060b7e74146b192811707635011d2364dd3306f,9aacbce0cb36,4654b83aea42,l4_factory_route_v30_rec_align_y+5cm_yaw-5_ideal_ft_payload_heavy
ft_payload_heavy,42,l4_factory_route,,5.0,-2.5,stuck,"segment 0 (flat), follow",48.08,0.0653,889.5,b25a4f3a4eb43a9e0fc25bcd4060b7e74146b192811707635011d2364dd3306f,9aacbce0cb36,4654b83aea42,l4_factory_route_v30_rec_align_y+5cm_yaw-2.5_ideal_ft_payload_heavy
ft_payload_heavy,42,l4_factory_route,,5.0,0.0,stuck,"segment 0 (flat), follow",41.92,0.0588,899.4,b25a4f3a4eb43a9e0fc25bcd4060b7e74146b192811707635011d2364dd3306f,9aacbce0cb36,4654b83aea42,l4_factory_route_v30_rec_align_y+5cm_yaw+0_ideal_ft_payload_heavy
ft_payload_heavy,42,l4_factory_route,,5.0,2.5,stuck,"segment 0 (flat), follow",29.14,0.0581,901.4,b25a4f3a4eb43a9e0fc25bcd4060b7e74146b192811707635011d2364dd3306f,9aacbce0cb36,4654b83aea42,l4_factory_route_v30_rec_align_y+5cm_yaw+2.5_ideal_ft_payload_heavy
ft_payload_heavy,42,l4_factory_route,,5.0,5.0,stuck,"segment 0 (flat), follow",35.74,0.0627,893.3,b25a4f3a4eb43a9e0fc25bcd4060b7e74146b192811707635011d2364dd3306f,9aacbce0cb36,4654b83aea42,l4_factory_route_v30_rec_align_y+5cm_yaw+5_ideal_ft_payload_heavy
ft_payload_heavy,42,l4_factory_route,,10.0,-5.0,stuck,"segment 0 (flat), follow",29.14,0.0567,899.5,b25a4f3a4eb43a9e0fc25bcd4060b7e74146b192811707635011d2364dd3306f,9aacbce0cb36,4654b83aea42,l4_factory_route_v30_rec_align_y+10cm_yaw-5_ideal_ft_payload_heavy
ft_payload_heavy,42,l4_factory_route,,10.0,-2.5,stuck,"segment 0 (flat), follow",29.14,0.0607,896.2,b25a4f3a4eb43a9e0fc25bcd4060b7e74146b192811707635011d2364dd3306f,9aacbce0cb36,4654b83aea42,l4_factory_route_v30_rec_align_y+10cm_yaw-2.5_ideal_ft_payload_heavy
ft_payload_heavy,42,l4_factory_route,,10.0,0.0,stuck,"segment 0 (flat), follow",29.14,0.0629,891.9,b25a4f3a4eb43a9e0fc25bcd4060b7e74146b192811707635011d2364dd3306f,9aacbce0cb36,4654b83aea42,l4_factory_route_v30_rec_align_y+10cm_yaw+0_ideal_ft_payload_heavy
ft_payload_heavy,42,l4_factory_route,,10.0,2.5,stuck,"segment 0 (flat), follow",38.02,0.0565,901.8,b25a4f3a4eb43a9e0fc25bcd4060b7e74146b192811707635011d2364dd3306f,9aacbce0cb36,4654b83aea42,l4_factory_route_v30_rec_align_y+10cm_yaw+2.5_ideal_ft_payload_heavy
ft_payload_heavy,42,l4_factory_route,,10.0,5.0,stuck,"segment 0 (flat), follow",29.12,0.0611,891.9,b25a4f3a4eb43a9e0fc25bcd4060b7e74146b192811707635011d2364dd3306f,9aacbce0cb36,4654b83aea42,l4_factory_route_v30_rec_align_y+10cm_yaw+5_ideal_ft_payload_heavy
ft_payload_heavy,42,l4_factory_route,12.0,-10.0,-5.0,path_exit,"segment 1 (stairs_up), follow",22.98,0.1003,882.2,b25a4f3a4eb43a9e0fc25bcd4060b7e74146b192811707635011d2364dd3306f,9aacbce0cb36,4654b83aea42,l4_factory_route_v30_rec_chest12kg_align_y-10cm_yaw-5_ideal_ft_payload_heavy
ft_payload_heavy,42,l4_factory_route,12.0,-10.0,-2.5,stuck,"segment 1 (stairs_up), follow",53.84,0.1003,856.3,b25a4f3a4eb43a9e0fc25bcd4060b7e74146b192811707635011d2364dd3306f,9aacbce0cb36,4654b83aea42,l4_factory_route_v30_rec_chest12kg_align_y-10cm_yaw-2.5_ideal_ft_payload_heavy
ft_payload_heavy,42,l4_factory_route,12.0,-10.0,0.0,stuck,"segment 1 (stairs_up), follow",41.42,0.1003,857.0,b25a4f3a4eb43a9e0fc25bcd4060b7e74146b192811707635011d2364dd3306f,9aacbce0cb36,4654b83aea42,l4_factory_route_v30_rec_chest12kg_align_y-10cm_yaw+0_ideal_ft_payload_heavy
ft_payload_heavy,42,l4_factory_route,12.0,-10.0,2.5,stuck,"segment 1 (stairs_up), follow",82.34,0.1003,867.7,b25a4f3a4eb43a9e0fc25bcd4060b7e74146b192811707635011d2364dd3306f,9aacbce0cb36,4654b83aea42,l4_factory_route_v30_rec_chest12kg_align_y-10cm_yaw+2.5_ideal_ft_payload_heavy
ft_payload_heavy,42,l4_factory_route,12.0,-10.0,5.0,stuck,"segment 1 (stairs_up), follow",96.14,0.1003,887.2,b25a4f3a4eb43a9e0fc25bcd4060b7e74146b192811707635011d2364dd3306f,9aacbce0cb36,4654b83aea42,l4_factory_route_v30_rec_chest12kg_align_y-10cm_yaw+5_ideal_ft_payload_heavy
ft_payload_heavy,42,l4_factory_route,12.0,-5.0,-5.0,stuck,"segment 0 (flat), follow",39.38,0.0948,847.4,b25a4f3a4eb43a9e0fc25bcd4060b7e74146b192811707635011d2364dd3306f,9aacbce0cb36,4654b83aea42,l4_factory_route_v30_rec_chest12kg_align_y-5cm_yaw-5_ideal_ft_payload_heavy
ft_payload_heavy,42,l4_factory_route,12.0,-5.0,-2.5,stuck,"segment 0 (flat), follow",32.58,0.0916,852.9,b25a4f3a4eb43a9e0fc25bcd4060b7e74146b192811707635011d2364dd3306f,9aacbce0cb36,4654b83aea42,l4_factory_route_v30_rec_chest12kg_align_y-5cm_yaw-2.5_ideal_ft_payload_heavy
ft_payload_heavy,42,l4_factory_route,12.0,-5.0,0.0,stuck,"segment 0 (flat), follow",58.72,0.0962,845.9,b25a4f3a4eb43a9e0fc25bcd4060b7e74146b192811707635011d2364dd3306f,9aacbce0cb36,4654b83aea42,l4_factory_route_v30_rec_chest12kg_align_y-5cm_yaw+0_ideal_ft_payload_heavy
ft_payload_heavy,42,l4_factory_route,12.0,-5.0,2.5,path_exit,"segment 1 (stairs_up), follow",38.48,0.1061,870.7,b25a4f3a4eb43a9e0fc25bcd4060b7e74146b192811707635011d2364dd3306f,9aacbce0cb36,4654b83aea42,l4_factory_route_v30_rec_chest12kg_align_y-5cm_yaw+2.5_ideal_ft_payload_heavy
ft_payload_heavy,42,l4_factory_route,12.0,-5.0,5.0,time_limit,,229.4,0.6302,575.7,b25a4f3a4eb43a9e0fc25bcd4060b7e74146b192811707635011d2364dd3306f,9aacbce0cb36,4654b83aea42,l4_factory_route_v30_rec_chest12kg_align_y-5cm_yaw+5_ideal_ft_payload_heavy
ft_payload_heavy,42,l4_factory_route,12.0,0.0,-5.0,path_exit,"segment 1 (stairs_up), follow",29.24,0.1033,874.4,b25a4f3a4eb43a9e0fc25bcd4060b7e74146b192811707635011d2364dd3306f,9aacbce0cb36,4654b83aea42,l4_factory_route_v30_rec_chest12kg_align_y+0cm_yaw-5_ideal_ft_payload_heavy
ft_payload_heavy,42,l4_factory_route,12.0,0.0,-2.5,path_exit,"segment 1 (stairs_up), follow",43.0,0.1426,822.2,b25a4f3a4eb43a9e0fc25bcd4060b7e74146b192811707635011d2364dd3306f,9aacbce0cb36,4654b83aea42,l4_factory_route_v30_rec_chest12kg_align_y+0cm_yaw-2.5_ideal_ft_payload_heavy
ft_payload_heavy,42,l4_factory_route,12.0,0.0,0.0,stuck,"segment 1 (stairs_up), follow",73.82,0.1125,826.7,b25a4f3a4eb43a9e0fc25bcd4060b7e74146b192811707635011d2364dd3306f,9aacbce0cb36,4654b83aea42,l4_factory_route_v30_rec_chest12kg_align_y+0cm_yaw+0_ideal_ft_payload_heavy
ft_payload_heavy,42,l4_factory_route,12.0,0.0,2.5,stuck,"segment 1 (stairs_up), follow",47.58,0.1109,817.3,b25a4f3a4eb43a9e0fc25bcd4060b7e74146b192811707635011d2364dd3306f,9aacbce0cb36,4654b83aea42,l4_factory_route_v30_rec_chest12kg_align_y+0cm_yaw+2.5_ideal_ft_payload_heavy
ft_payload_heavy,42,l4_factory_route,12.0,0.0,5.0,stuck,"segment 0 (flat), follow",72.96,0.0948,846.3,b25a4f3a4eb43a9e0fc25bcd4060b7e74146b192811707635011d2364dd3306f,9aacbce0cb36,4654b83aea42,l4_factory_route_v30_rec_chest12kg_align_y+0cm_yaw+5_ideal_ft_payload_heavy
ft_payload_heavy,42,l4_factory_route,12.0,5.0,-5.0,stuck,"segment 1 (stairs_up), follow",52.24,0.1235,814.1,b25a4f3a4eb43a9e0fc25bcd4060b7e74146b192811707635011d2364dd3306f,9aacbce0cb36,4654b83aea42,l4_factory_route_v30_rec_chest12kg_align_y+5cm_yaw-5_ideal_ft_payload_heavy
ft_payload_heavy,42,l4_factory_route,12.0,5.0,-2.5,stuck,"segment 1 (stairs_up), follow",73.04,0.1003,897.8,b25a4f3a4eb43a9e0fc25bcd4060b7e74146b192811707635011d2364dd3306f,9aacbce0cb36,4654b83aea42,l4_factory_route_v30_rec_chest12kg_align_y+5cm_yaw-2.5_ideal_ft_payload_heavy
ft_payload_heavy,42,l4_factory_route,12.0,5.0,0.0,stuck,"segment 0 (flat), follow",42.62,0.0862,859.5,b25a4f3a4eb43a9e0fc25bcd4060b7e74146b192811707635011d2364dd3306f,9aacbce0cb36,4654b83aea42,l4_factory_route_v30_rec_chest12kg_align_y+5cm_yaw+0_ideal_ft_payload_heavy
ft_payload_heavy,42,l4_factory_route,12.0,5.0,2.5,stuck,"segment 0 (flat), follow",52.92,0.0939,849.9,b25a4f3a4eb43a9e0fc25bcd4060b7e74146b192811707635011d2364dd3306f,9aacbce0cb36,4654b83aea42,l4_factory_route_v30_rec_chest12kg_align_y+5cm_yaw+2.5_ideal_ft_payload_heavy
ft_payload_heavy,42,l4_factory_route,12.0,5.0,5.0,stuck,"segment 1 (stairs_up), follow",86.16,0.1003,875.5,b25a4f3a4eb43a9e0fc25bcd4060b7e74146b192811707635011d2364dd3306f,9aacbce0cb36,4654b83aea42,l4_factory_route_v30_rec_chest12kg_align_y+5cm_yaw+5_ideal_ft_payload_heavy
ft_payload_heavy,42,l4_factory_route,12.0,10.0,-5.0,stuck,"segment 1 (stairs_up), follow",67.04,0.116,828.9,b25a4f3a4eb43a9e0fc25bcd4060b7e74146b192811707635011d2364dd3306f,9aacbce0cb36,4654b83aea42,l4_factory_route_v30_rec_chest12kg_align_y+10cm_yaw-5_ideal_ft_payload_heavy
ft_payload_heavy,42,l4_factory_route,12.0,10.0,-2.5,stuck,"segment 2 (flat), follow",118.22,0.1961,710.2,b25a4f3a4eb43a9e0fc25bcd4060b7e74146b192811707635011d2364dd3306f,9aacbce0cb36,4654b83aea42,l4_factory_route_v30_rec_chest12kg_align_y+10cm_yaw-2.5_ideal_ft_payload_heavy
ft_payload_heavy,42,l4_factory_route,12.0,10.0,0.0,stuck,"segment 1 (stairs_up), follow",81.48,0.1003,855.5,b25a4f3a4eb43a9e0fc25bcd4060b7e74146b192811707635011d2364dd3306f,9aacbce0cb36,4654b83aea42,l4_factory_route_v30_rec_chest12kg_align_y+10cm_yaw+0_ideal_ft_payload_heavy
ft_payload_heavy,42,l4_factory_route,12.0,10.0,2.5,stuck,"segment 1 (stairs_up), follow",66.64,0.1003,866.0,b25a4f3a4eb43a9e0fc25bcd4060b7e74146b192811707635011d2364dd3306f,9aacbce0cb36,4654b83aea42,l4_factory_route_v30_rec_chest12kg_align_y+10cm_yaw+2.5_ideal_ft_payload_heavy
ft_payload_heavy,42,l4_factory_route,12.0,10.0,5.0,stuck,"segment 1 (stairs_up), follow",70.7,0.1003,859.5,b25a4f3a4eb43a9e0fc25bcd4060b7e74146b192811707635011d2364dd3306f,9aacbce0cb36,4654b83aea42,l4_factory_route_v30_rec_chest12kg_align_y+10cm_yaw+5_ideal_ft_payload_heavy
ft_payload_heavy,42,l4_factory_route,2.0,-10.0,-5.0,stuck,"segment 0 (flat), follow",71.42,0.0746,876.2,b25a4f3a4eb43a9e0fc25bcd4060b7e74146b192811707635011d2364dd3306f,9aacbce0cb36,4654b83aea42,l4_factory_route_v30_rec_chest2kg_align_y-10cm_yaw-5_ideal_ft_payload_heavy
ft_payload_heavy,42,l4_factory_route,2.0,-10.0,-2.5,stuck,"segment 0 (flat), follow",29.9,0.059,897.0,b25a4f3a4eb43a9e0fc25bcd4060b7e74146b192811707635011d2364dd3306f,9aacbce0cb36,4654b83aea42,l4_factory_route_v30_rec_chest2kg_align_y-10cm_yaw-2.5_ideal_ft_payload_heavy
ft_payload_heavy,42,l4_factory_route,2.0,-10.0,0.0,stuck,"segment 0 (flat), follow",44.58,0.0755,873.1,b25a4f3a4eb43a9e0fc25bcd4060b7e74146b192811707635011d2364dd3306f,9aacbce0cb36,4654b83aea42,l4_factory_route_v30_rec_chest2kg_align_y-10cm_yaw+0_ideal_ft_payload_heavy
ft_payload_heavy,42,l4_factory_route,2.0,-10.0,2.5,stuck,"segment 0 (flat), follow",36.74,0.0675,887.1,b25a4f3a4eb43a9e0fc25bcd4060b7e74146b192811707635011d2364dd3306f,9aacbce0cb36,4654b83aea42,l4_factory_route_v30_rec_chest2kg_align_y-10cm_yaw+2.5_ideal_ft_payload_heavy
ft_payload_heavy,42,l4_factory_route,2.0,-10.0,5.0,stuck,"segment 0 (flat), follow",59.5,0.0593,897.9,b25a4f3a4eb43a9e0fc25bcd4060b7e74146b192811707635011d2364dd3306f,9aacbce0cb36,4654b83aea42,l4_factory_route_v30_rec_chest2kg_align_y-10cm_yaw+5_ideal_ft_payload_heavy
ft_payload_heavy,42,l4_factory_route,2.0,-5.0,-5.0,stuck,"segment 0 (flat), follow",48.24,0.0785,866.2,b25a4f3a4eb43a9e0fc25bcd4060b7e74146b192811707635011d2364dd3306f,9aacbce0cb36,4654b83aea42,l4_factory_route_v30_rec_chest2kg_align_y-5cm_yaw-5_ideal_ft_payload_heavy
ft_payload_heavy,42,l4_factory_route,2.0,-5.0,-2.5,stuck,"segment 0 (flat), follow",35.76,0.052,911.0,b25a4f3a4eb43a9e0fc25bcd4060b7e74146b192811707635011d2364dd3306f,9aacbce0cb36,4654b83aea42,l4_factory_route_v30_rec_chest2kg_align_y-5cm_yaw-2.5_ideal_ft_payload_heavy
ft_payload_heavy,42,l4_factory_route,2.0,-5.0,0.0,stuck,"segment 0 (flat), follow",40.0,0.0496,908.6,b25a4f3a4eb43a9e0fc25bcd4060b7e74146b192811707635011d2364dd3306f,9aacbce0cb36,4654b83aea42,l4_factory_route_v30_rec_chest2kg_align_y-5cm_yaw+0_ideal_ft_payload_heavy
ft_payload_heavy,42,l4_factory_route,2.0,-5.0,2.5,stuck,"segment 0 (flat), follow",43.94,0.0626,890.0,b25a4f3a4eb43a9e0fc25bcd4060b7e74146b192811707635011d2364dd3306f,9aacbce0cb36,4654b83aea42,l4_factory_route_v30_rec_chest2kg_align_y-5cm_yaw+2.5_ideal_ft_payload_heavy
ft_payload_heavy,42,l4_factory_route,2.0,-5.0,5.0,stuck,"segment 0 (flat), follow",36.46,0.0558,903.3,b25a4f3a4eb43a9e0fc25bcd4060b7e74146b192811707635011d2364dd3306f,9aacbce0cb36,4654b83aea42,l4_factory_route_v30_rec_chest2kg_align_y-5cm_yaw+5_ideal_ft_payload_heavy
ft_payload_heavy,42,l4_factory_route,2.0,0.0,-5.0,stuck,"segment 0 (flat), follow",44.7,0.0875,859.8,b25a4f3a4eb43a9e0fc25bcd4060b7e74146b192811707635011d2364dd3306f,9aacbce0cb36,4654b83aea42,l4_factory_route_v30_rec_chest2kg_align_y+0cm_yaw-5_ideal_ft_payload_heavy
ft_payload_heavy,42,l4_factory_route,2.0,0.0,-2.5,stuck,"segment 0 (flat), follow",41.88,0.0811,863.1,b25a4f3a4eb43a9e0fc25bcd4060b7e74146b192811707635011d2364dd3306f,9aacbce0cb36,4654b83aea42,l4_factory_route_v30_rec_chest2kg_align_y+0cm_yaw-2.5_ideal_ft_payload_heavy
ft_payload_heavy,42,l4_factory_route,2.0,0.0,0.0,stuck,"segment 0 (flat), follow",43.5,0.0755,871.8,b25a4f3a4eb43a9e0fc25bcd4060b7e74146b192811707635011d2364dd3306f,9aacbce0cb36,4654b83aea42,l4_factory_route_v30_rec_chest2kg_align_y+0cm_yaw+0_ideal_ft_payload_heavy
ft_payload_heavy,42,l4_factory_route,2.0,0.0,2.5,stuck,"segment 0 (flat), follow",42.68,0.0595,898.5,b25a4f3a4eb43a9e0fc25bcd4060b7e74146b192811707635011d2364dd3306f,9aacbce0cb36,4654b83aea42,l4_factory_route_v30_rec_chest2kg_align_y+0cm_yaw+2.5_ideal_ft_payload_heavy
ft_payload_heavy,42,l4_factory_route,2.0,0.0,5.0,stuck,"segment 0 (flat), follow",40.68,0.0746,875.4,b25a4f3a4eb43a9e0fc25bcd4060b7e74146b192811707635011d2364dd3306f,9aacbce0cb36,4654b83aea42,l4_factory_route_v30_rec_chest2kg_align_y+0cm_yaw+5_ideal_ft_payload_heavy
ft_payload_heavy,42,l4_factory_route,2.0,5.0,-5.0,stuck,"segment 0 (flat), follow",35.72,0.0594,901.0,b25a4f3a4eb43a9e0fc25bcd4060b7e74146b192811707635011d2364dd3306f,9aacbce0cb36,4654b83aea42,l4_factory_route_v30_rec_chest2kg_align_y+5cm_yaw-5_ideal_ft_payload_heavy
ft_payload_heavy,42,l4_factory_route,2.0,5.0,-2.5,stuck,"segment 0 (flat), follow",39.06,0.0727,879.7,b25a4f3a4eb43a9e0fc25bcd4060b7e74146b192811707635011d2364dd3306f,9aacbce0cb36,4654b83aea42,l4_factory_route_v30_rec_chest2kg_align_y+5cm_yaw-2.5_ideal_ft_payload_heavy
ft_payload_heavy,42,l4_factory_route,2.0,5.0,0.0,stuck,"segment 0 (flat), follow",35.9,0.0564,899.6,b25a4f3a4eb43a9e0fc25bcd4060b7e74146b192811707635011d2364dd3306f,9aacbce0cb36,4654b83aea42,l4_factory_route_v30_rec_chest2kg_align_y+5cm_yaw+0_ideal_ft_payload_heavy
ft_payload_heavy,42,l4_factory_route,2.0,5.0,2.5,stuck,"segment 0 (flat), follow",66.72,0.0681,888.2,b25a4f3a4eb43a9e0fc25bcd4060b7e74146b192811707635011d2364dd3306f,9aacbce0cb36,4654b83aea42,l4_factory_route_v30_rec_chest2kg_align_y+5cm_yaw+2.5_ideal_ft_payload_heavy
ft_payload_heavy,42,l4_factory_route,2.0,5.0,5.0,stuck,"segment 0 (flat), follow",53.64,0.0523,905.8,b25a4f3a4eb43a9e0fc25bcd4060b7e74146b192811707635011d2364dd3306f,9aacbce0cb36,4654b83aea42,l4_factory_route_v30_rec_chest2kg_align_y+5cm_yaw+5_ideal_ft_payload_heavy
ft_payload_heavy,42,l4_factory_route,2.0,10.0,-5.0,stuck,"segment 0 (flat), follow",48.3,0.0578,897.4,b25a4f3a4eb43a9e0fc25bcd4060b7e74146b192811707635011d2364dd3306f,9aacbce0cb36,4654b83aea42,l4_factory_route_v30_rec_chest2kg_align_y+10cm_yaw-5_ideal_ft_payload_heavy
ft_payload_heavy,42,l4_factory_route,2.0,10.0,-2.5,stuck,"segment 0 (flat), follow",50.04,0.0625,891.9,b25a4f3a4eb43a9e0fc25bcd4060b7e74146b192811707635011d2364dd3306f,9aacbce0cb36,4654b83aea42,l4_factory_route_v30_rec_chest2kg_align_y+10cm_yaw-2.5_ideal_ft_payload_heavy
ft_payload_heavy,42,l4_factory_route,2.0,10.0,0.0,stuck,"segment 0 (flat), follow",49.94,0.0682,887.9,b25a4f3a4eb43a9e0fc25bcd4060b7e74146b192811707635011d2364dd3306f,9aacbce0cb36,4654b83aea42,l4_factory_route_v30_rec_chest2kg_align_y+10cm_yaw+0_ideal_ft_payload_heavy
ft_payload_heavy,42,l4_factory_route,2.0,10.0,2.5,stuck,"segment 0 (flat), follow",41.1,0.0642,891.1,b25a4f3a4eb43a9e0fc25bcd4060b7e74146b192811707635011d2364dd3306f,9aacbce0cb36,4654b83aea42,l4_factory_route_v30_rec_chest2kg_align_y+10cm_yaw+2.5_ideal_ft_payload_heavy
ft_payload_heavy,42,l4_factory_route,2.0,10.0,5.0,stuck,"segment 0 (flat), follow",39.62,0.0575,897.9,b25a4f3a4eb43a9e0fc25bcd4060b7e74146b192811707635011d2364dd3306f,9aacbce0cb36,4654b83aea42,l4_factory_route_v30_rec_chest2kg_align_y+10cm_yaw+5_ideal_ft_payload_heavy
ft_payload_heavy,42,l4_factory_route,5.0,-10.0,-5.0,stuck,"segment 0 (flat), follow",44.26,0.056,901.6,b25a4f3a4eb43a9e0fc25bcd4060b7e74146b192811707635011d2364dd3306f,9aacbce0cb36,4654b83aea42,l4_factory_route_v30_rec_chest5kg_align_y-10cm_yaw-5_ideal_ft_payload_heavy
ft_payload_heavy,42,l4_factory_route,5.0,-10.0,-2.5,stuck,"segment 0 (flat), follow",55.58,0.0826,865.2,b25a4f3a4eb43a9e0fc25bcd4060b7e74146b192811707635011d2364dd3306f,9aacbce0cb36,4654b83aea42,l4_factory_route_v30_rec_chest5kg_align_y-10cm_yaw-2.5_ideal_ft_payload_heavy
ft_payload_heavy,42,l4_factory_route,5.0,-10.0,0.0,stuck,"segment 0 (flat), follow",74.76,0.0813,865.1,b25a4f3a4eb43a9e0fc25bcd4060b7e74146b192811707635011d2364dd3306f,9aacbce0cb36,4654b83aea42,l4_factory_route_v30_rec_chest5kg_align_y-10cm_yaw+0_ideal_ft_payload_heavy
ft_payload_heavy,42,l4_factory_route,5.0,-10.0,2.5,stuck,"segment 0 (flat), follow",53.58,0.0677,885.3,b25a4f3a4eb43a9e0fc25bcd4060b7e74146b192811707635011d2364dd3306f,9aacbce0cb36,4654b83aea42,l4_factory_route_v30_rec_chest5kg_align_y-10cm_yaw+2.5_ideal_ft_payload_heavy
ft_payload_heavy,42,l4_factory_route,5.0,-10.0,5.0,stuck,"segment 0 (flat), follow",49.16,0.057,898.3,b25a4f3a4eb43a9e0fc25bcd4060b7e74146b192811707635011d2364dd3306f,9aacbce0cb36,4654b83aea42,l4_factory_route_v30_rec_chest5kg_align_y-10cm_yaw+5_ideal_ft_payload_heavy
ft_payload_heavy,42,l4_factory_route,5.0,-5.0,-5.0,stuck,"segment 0 (flat), follow",37.88,0.0658,886.2,b25a4f3a4eb43a9e0fc25bcd4060b7e74146b192811707635011d2364dd3306f,9aacbce0cb36,4654b83aea42,l4_factory_route_v30_rec_chest5kg_align_y-5cm_yaw-5_ideal_ft_payload_heavy
ft_payload_heavy,42,l4_factory_route,5.0,-5.0,-2.5,stuck,"segment 0 (flat), follow",37.28,0.0742,877.9,b25a4f3a4eb43a9e0fc25bcd4060b7e74146b192811707635011d2364dd3306f,9aacbce0cb36,4654b83aea42,l4_factory_route_v30_rec_chest5kg_align_y-5cm_yaw-2.5_ideal_ft_payload_heavy
ft_payload_heavy,42,l4_factory_route,5.0,-5.0,0.0,stuck,"segment 0 (flat), follow",29.8,0.0611,894.0,b25a4f3a4eb43a9e0fc25bcd4060b7e74146b192811707635011d2364dd3306f,9aacbce0cb36,4654b83aea42,l4_factory_route_v30_rec_chest5kg_align_y-5cm_yaw+0_ideal_ft_payload_heavy
ft_payload_heavy,42,l4_factory_route,5.0,-5.0,2.5,stuck,"segment 0 (flat), follow",29.8,0.0613,890.7,b25a4f3a4eb43a9e0fc25bcd4060b7e74146b192811707635011d2364dd3306f,9aacbce0cb36,4654b83aea42,l4_factory_route_v30_rec_chest5kg_align_y-5cm_yaw+2.5_ideal_ft_payload_heavy
ft_payload_heavy,42,l4_factory_route,5.0,-5.0,5.0,stuck,"segment 0 (flat), follow",29.76,0.0583,896.9,b25a4f3a4eb43a9e0fc25bcd4060b7e74146b192811707635011d2364dd3306f,9aacbce0cb36,4654b83aea42,l4_factory_route_v30_rec_chest5kg_align_y-5cm_yaw+5_ideal_ft_payload_heavy
ft_payload_heavy,42,l4_factory_route,5.0,0.0,-5.0,stuck,"segment 0 (flat), follow",37.84,0.0678,883.8,b25a4f3a4eb43a9e0fc25bcd4060b7e74146b192811707635011d2364dd3306f,9aacbce0cb36,4654b83aea42,l4_factory_route_v30_rec_chest5kg_align_y+0cm_yaw-5_ideal_ft_payload_heavy
ft_payload_heavy,42,l4_factory_route,5.0,0.0,-2.5,stuck,"segment 0 (flat), follow",58.26,0.0917,853.2,b25a4f3a4eb43a9e0fc25bcd4060b7e74146b192811707635011d2364dd3306f,9aacbce0cb36,4654b83aea42,l4_factory_route_v30_rec_chest5kg_align_y+0cm_yaw-2.5_ideal_ft_payload_heavy
ft_payload_heavy,42,l4_factory_route,5.0,0.0,0.0,stuck,"segment 0 (flat), follow",55.82,0.0893,852.8,b25a4f3a4eb43a9e0fc25bcd4060b7e74146b192811707635011d2364dd3306f,9aacbce0cb36,4654b83aea42,l4_factory_route_v30_rec_chest5kg_align_y+0cm_yaw+0_ideal_ft_payload_heavy
ft_payload_heavy,42,l4_factory_route,5.0,0.0,2.5,stuck,"segment 0 (flat), follow",53.48,0.0669,891.1,b25a4f3a4eb43a9e0fc25bcd4060b7e74146b192811707635011d2364dd3306f,9aacbce0cb36,4654b83aea42,l4_factory_route_v30_rec_chest5kg_align_y+0cm_yaw+2.5_ideal_ft_payload_heavy
ft_payload_heavy,42,l4_factory_route,5.0,0.0,5.0,stuck,"segment 0 (flat), follow",29.84,0.0596,897.0,b25a4f3a4eb43a9e0fc25bcd4060b7e74146b192811707635011d2364dd3306f,9aacbce0cb36,4654b83aea42,l4_factory_route_v30_rec_chest5kg_align_y+0cm_yaw+5_ideal_ft_payload_heavy
ft_payload_heavy,42,l4_factory_route,5.0,5.0,-5.0,stuck,"segment 0 (flat), follow",37.68,0.0726,877.9,b25a4f3a4eb43a9e0fc25bcd4060b7e74146b192811707635011d2364dd3306f,9aacbce0cb36,4654b83aea42,l4_factory_route_v30_rec_chest5kg_align_y+5cm_yaw-5_ideal_ft_payload_heavy
ft_payload_heavy,42,l4_factory_route,5.0,5.0,-2.5,stuck,"segment 0 (flat), follow",37.94,0.0627,891.2,b25a4f3a4eb43a9e0fc25bcd4060b7e74146b192811707635011d2364dd3306f,9aacbce0cb36,4654b83aea42,l4_factory_route_v30_rec_chest5kg_align_y+5cm_yaw-2.5_ideal_ft_payload_heavy
ft_payload_heavy,42,l4_factory_route,5.0,5.0,0.0,stuck,"segment 0 (flat), follow",57.0,0.0544,904.0,b25a4f3a4eb43a9e0fc25bcd4060b7e74146b192811707635011d2364dd3306f,9aacbce0cb36,4654b83aea42,l4_factory_route_v30_rec_chest5kg_align_y+5cm_yaw+0_ideal_ft_payload_heavy
ft_payload_heavy,42,l4_factory_route,5.0,5.0,2.5,stuck,"segment 0 (flat), follow",38.74,0.067,884.4,b25a4f3a4eb43a9e0fc25bcd4060b7e74146b192811707635011d2364dd3306f,9aacbce0cb36,4654b83aea42,l4_factory_route_v30_rec_chest5kg_align_y+5cm_yaw+2.5_ideal_ft_payload_heavy
ft_payload_heavy,42,l4_factory_route,5.0,5.0,5.0,stuck,"segment 0 (flat), follow",42.74,0.0698,881.7,b25a4f3a4eb43a9e0fc25bcd4060b7e74146b192811707635011d2364dd3306f,9aacbce0cb36,4654b83aea42,l4_factory_route_v30_rec_chest5kg_align_y+5cm_yaw+5_ideal_ft_payload_heavy
ft_payload_heavy,42,l4_factory_route,5.0,10.0,-5.0,stuck,"segment 0 (flat), follow",29.16,0.0611,893.7,b25a4f3a4eb43a9e0fc25bcd4060b7e74146b192811707635011d2364dd3306f,9aacbce0cb36,4654b83aea42,l4_factory_route_v30_rec_chest5kg_align_y+10cm_yaw-5_ideal_ft_payload_heavy
ft_payload_heavy,42,l4_factory_route,5.0,10.0,-2.5,stuck,"segment 0 (flat), follow",48.58,0.0612,895.9,b25a4f3a4eb43a9e0fc25bcd4060b7e74146b192811707635011d2364dd3306f,9aacbce0cb36,4654b83aea42,l4_factory_route_v30_rec_chest5kg_align_y+10cm_yaw-2.5_ideal_ft_payload_heavy
ft_payload_heavy,42,l4_factory_route,5.0,10.0,0.0,stuck,"segment 0 (flat), follow",54.76,0.0944,848.9,b25a4f3a4eb43a9e0fc25bcd4060b7e74146b192811707635011d2364dd3306f,9aacbce0cb36,4654b83aea42,l4_factory_route_v30_rec_chest5kg_align_y+10cm_yaw+0_ideal_ft_payload_heavy
ft_payload_heavy,42,l4_factory_route,5.0,10.0,2.5,stuck,"segment 0 (flat), follow",43.1,0.0532,906.9,b25a4f3a4eb43a9e0fc25bcd4060b7e74146b192811707635011d2364dd3306f,9aacbce0cb36,4654b83aea42,l4_factory_route_v30_rec_chest5kg_align_y+10cm_yaw+2.5_ideal_ft_payload_heavy
ft_payload_heavy,42,l4_factory_route,5.0,10.0,5.0,stuck,"segment 0 (flat), follow",42.96,0.0718,880.6,b25a4f3a4eb43a9e0fc25bcd4060b7e74146b192811707635011d2364dd3306f,9aacbce0cb36,4654b83aea42,l4_factory_route_v30_rec_chest5kg_align_y+10cm_yaw+5_ideal_ft_payload_heavy
ft_payload_heavy,42,l4_factory_route,8.0,-10.0,-5.0,stuck,"segment 0 (flat), follow",47.5,0.0871,856.9,b25a4f3a4eb43a9e0fc25bcd4060b7e74146b192811707635011d2364dd3306f,9aacbce0cb36,4654b83aea42,l4_factory_route_v30_rec_chest8kg_align_y-10cm_yaw-5_ideal_ft_payload_heavy
ft_payload_heavy,42,l4_factory_route,8.0,-10.0,-2.5,stuck,"segment 1 (stairs_up), follow",69.22,0.1003,854.6,b25a4f3a4eb43a9e0fc25bcd4060b7e74146b192811707635011d2364dd3306f,9aacbce0cb36,4654b83aea42,l4_factory_route_v30_rec_chest8kg_align_y-10cm_yaw-2.5_ideal_ft_payload_heavy
ft_payload_heavy,42,l4_factory_route,8.0,-10.0,0.0,stuck,"segment 1 (stairs_up), follow",78.3,0.1003,860.5,b25a4f3a4eb43a9e0fc25bcd4060b7e74146b192811707635011d2364dd3306f,9aacbce0cb36,4654b83aea42,l4_factory_route_v30_rec_chest8kg_align_y-10cm_yaw+0_ideal_ft_payload_heavy
ft_payload_heavy,42,l4_factory_route,8.0,-10.0,2.5,stuck,"segment 1 (stairs_up), follow",66.0,0.1003,877.3,b25a4f3a4eb43a9e0fc25bcd4060b7e74146b192811707635011d2364dd3306f,9aacbce0cb36,4654b83aea42,l4_factory_route_v30_rec_chest8kg_align_y-10cm_yaw+2.5_ideal_ft_payload_heavy
ft_payload_heavy,42,l4_factory_route,8.0,-10.0,5.0,stuck,"segment 0 (flat), follow",29.92,0.0709,879.4,b25a4f3a4eb43a9e0fc25bcd4060b7e74146b192811707635011d2364dd3306f,9aacbce0cb36,4654b83aea42,l4_factory_route_v30_rec_chest8kg_align_y-10cm_yaw+5_ideal_ft_payload_heavy
ft_payload_heavy,42,l4_factory_route,8.0,-5.0,-5.0,stuck,"segment 0 (flat), follow",37.9,0.0843,861.4,b25a4f3a4eb43a9e0fc25bcd4060b7e74146b192811707635011d2364dd3306f,9aacbce0cb36,4654b83aea42,l4_factory_route_v30_rec_chest8kg_align_y-5cm_yaw-5_ideal_ft_payload_heavy
ft_payload_heavy,42,l4_factory_route,8.0,-5.0,-2.5,stuck,"segment 0 (flat), follow",45.52,0.0883,859.6,b25a4f3a4eb43a9e0fc25bcd4060b7e74146b192811707635011d2364dd3306f,9aacbce0cb36,4654b83aea42,l4_factory_route_v30_rec_chest8kg_align_y-5cm_yaw-2.5_ideal_ft_payload_heavy
ft_payload_heavy,42,l4_factory_route,8.0,-5.0,0.0,stuck,"segment 0 (flat), follow",52.82,0.0923,853.0,b25a4f3a4eb43a9e0fc25bcd4060b7e74146b192811707635011d2364dd3306f,9aacbce0cb36,4654b83aea42,l4_factory_route_v30_rec_chest8kg_align_y-5cm_yaw+0_ideal_ft_payload_heavy
ft_payload_heavy,42,l4_factory_route,8.0,-5.0,2.5,stuck,"segment 0 (flat), follow",39.22,0.0747,877.7,b25a4f3a4eb43a9e0fc25bcd4060b7e74146b192811707635011d2364dd3306f,9aacbce0cb36,4654b83aea42,l4_factory_route_v30_rec_chest8kg_align_y-5cm_yaw+2.5_ideal_ft_payload_heavy
ft_payload_heavy,42,l4_factory_route,8.0,-5.0,5.0,stuck,"segment 0 (flat), follow",45.48,0.0888,856.1,b25a4f3a4eb43a9e0fc25bcd4060b7e74146b192811707635011d2364dd3306f,9aacbce0cb36,4654b83aea42,l4_factory_route_v30_rec_chest8kg_align_y-5cm_yaw+5_ideal_ft_payload_heavy
ft_payload_heavy,42,l4_factory_route,8.0,0.0,-5.0,stuck,"segment 0 (flat), follow",66.34,0.0824,867.6,b25a4f3a4eb43a9e0fc25bcd4060b7e74146b192811707635011d2364dd3306f,9aacbce0cb36,4654b83aea42,l4_factory_route_v30_rec_chest8kg_align_y+0cm_yaw-5_ideal_ft_payload_heavy
ft_payload_heavy,42,l4_factory_route,8.0,0.0,-2.5,stuck,"segment 1 (stairs_up), follow",83.2,0.1003,847.9,b25a4f3a4eb43a9e0fc25bcd4060b7e74146b192811707635011d2364dd3306f,9aacbce0cb36,4654b83aea42,l4_factory_route_v30_rec_chest8kg_align_y+0cm_yaw-2.5_ideal_ft_payload_heavy
ft_payload_heavy,42,l4_factory_route,8.0,0.0,0.0,stuck,"segment 0 (flat), follow",63.62,0.0914,850.2,b25a4f3a4eb43a9e0fc25bcd4060b7e74146b192811707635011d2364dd3306f,9aacbce0cb36,4654b83aea42,l4_factory_route_v30_rec_chest8kg_align_y+0cm_yaw+0_ideal_ft_payload_heavy
ft_payload_heavy,42,l4_factory_route,8.0,0.0,2.5,stuck,"segment 1 (stairs_up), follow",80.52,0.1003,863.0,b25a4f3a4eb43a9e0fc25bcd4060b7e74146b192811707635011d2364dd3306f,9aacbce0cb36,4654b83aea42,l4_factory_route_v30_rec_chest8kg_align_y+0cm_yaw+2.5_ideal_ft_payload_heavy
ft_payload_heavy,42,l4_factory_route,8.0,0.0,5.0,stuck,"segment 0 (flat), follow",45.0,0.0697,883.7,b25a4f3a4eb43a9e0fc25bcd4060b7e74146b192811707635011d2364dd3306f,9aacbce0cb36,4654b83aea42,l4_factory_route_v30_rec_chest8kg_align_y+0cm_yaw+5_ideal_ft_payload_heavy
ft_payload_heavy,42,l4_factory_route,8.0,5.0,-5.0,stuck,"segment 0 (flat), follow",37.3,0.0692,885.0,b25a4f3a4eb43a9e0fc25bcd4060b7e74146b192811707635011d2364dd3306f,9aacbce0cb36,4654b83aea42,l4_factory_route_v30_rec_chest8kg_align_y+5cm_yaw-5_ideal_ft_payload_heavy
ft_payload_heavy,42,l4_factory_route,8.0,5.0,-2.5,stuck,"segment 0 (flat), follow",62.82,0.0888,860.5,b25a4f3a4eb43a9e0fc25bcd4060b7e74146b192811707635011d2364dd3306f,9aacbce0cb36,4654b83aea42,l4_factory_route_v30_rec_chest8kg_align_y+5cm_yaw-2.5_ideal_ft_payload_heavy
ft_payload_heavy,42,l4_factory_route,8.0,5.0,0.0,stuck,"segment 0 (flat), follow",53.28,0.0906,853.7,b25a4f3a4eb43a9e0fc25bcd4060b7e74146b192811707635011d2364dd3306f,9aacbce0cb36,4654b83aea42,l4_factory_route_v30_rec_chest8kg_align_y+5cm_yaw+0_ideal_ft_payload_heavy
ft_payload_heavy,42,l4_factory_route,8.0,5.0,2.5,stuck,"segment 0 (flat), follow",41.6,0.0914,852.3,b25a4f3a4eb43a9e0fc25bcd4060b7e74146b192811707635011d2364dd3306f,9aacbce0cb36,4654b83aea42,l4_factory_route_v30_rec_chest8kg_align_y+5cm_yaw+2.5_ideal_ft_payload_heavy
ft_payload_heavy,42,l4_factory_route,8.0,5.0,5.0,stuck,"segment 1 (stairs_up), follow",55.26,0.1003,855.4,b25a4f3a4eb43a9e0fc25bcd4060b7e74146b192811707635011d2364dd3306f,9aacbce0cb36,4654b83aea42,l4_factory_route_v30_rec_chest8kg_align_y+5cm_yaw+5_ideal_ft_payload_heavy
ft_payload_heavy,42,l4_factory_route,8.0,10.0,-5.0,stuck,"segment 1 (stairs_up), follow",72.86,0.1003,860.4,b25a4f3a4eb43a9e0fc25bcd4060b7e74146b192811707635011d2364dd3306f,9aacbce0cb36,4654b83aea42,l4_factory_route_v30_rec_chest8kg_align_y+10cm_yaw-5_ideal_ft_payload_heavy
ft_payload_heavy,42,l4_factory_route,8.0,10.0,-2.5,stuck,"segment 0 (flat), follow",37.0,0.0693,882.5,b25a4f3a4eb43a9e0fc25bcd4060b7e74146b192811707635011d2364dd3306f,9aacbce0cb36,4654b83aea42,l4_factory_route_v30_rec_chest8kg_align_y+10cm_yaw-2.5_ideal_ft_payload_heavy
ft_payload_heavy,42,l4_factory_route,8.0,10.0,0.0,stuck,"segment 1 (stairs_up), follow",79.86,0.1089,826.1,b25a4f3a4eb43a9e0fc25bcd4060b7e74146b192811707635011d2364dd3306f,9aacbce0cb36,4654b83aea42,l4_factory_route_v30_rec_chest8kg_align_y+10cm_yaw+0_ideal_ft_payload_heavy
ft_payload_heavy,42,l4_factory_route,8.0,10.0,2.5,stuck,"segment 0 (flat), follow",40.24,0.0676,887.6,b25a4f3a4eb43a9e0fc25bcd4060b7e74146b192811707635011d2364dd3306f,9aacbce0cb36,4654b83aea42,l4_factory_route_v30_rec_chest8kg_align_y+10cm_yaw+2.5_ideal_ft_payload_heavy
ft_payload_heavy,42,l4_factory_route,8.0,10.0,5.0,stuck,"segment 1 (stairs_up), follow",84.32,0.1003,854.3,b25a4f3a4eb43a9e0fc25bcd4060b7e74146b192811707635011d2364dd3306f,9aacbce0cb36,4654b83aea42,l4_factory_route_v30_rec_chest8kg_align_y+10cm_yaw+5_ideal_ft_payload_heavy
ft_payload_s7,7,diag_down,,-10.0,-5.0,goal,stopped 4 cm from the goal,17.66,1.0,3.9,234eb92bf0145fe6db7a14dc71badeb99f1693211a5a763210aeb8dbdc291dca,9aacbce0cb36,4654b83aea42,diag_down_v30_rec_align_y-10cm_yaw-5_ideal_ft_payload_s7
ft_payload_s7,7,diag_down,,-10.0,0.0,goal,stopped 6 cm from the goal,21.04,1.0,5.8,234eb92bf0145fe6db7a14dc71badeb99f1693211a5a763210aeb8dbdc291dca,9aacbce0cb36,4654b83aea42,diag_down_v30_rec_align_y-10cm_yaw+0_ideal_ft_payload_s7
ft_payload_s7,7,diag_down,,-10.0,5.0,goal,stopped 7 cm from the goal,18.44,1.0,6.9,234eb92bf0145fe6db7a14dc71badeb99f1693211a5a763210aeb8dbdc291dca,9aacbce0cb36,4654b83aea42,diag_down_v30_rec_align_y-10cm_yaw+5_ideal_ft_payload_s7
ft_payload_s7,7,diag_down,,0.0,-5.0,goal,stopped 9 cm from the goal,18.4,1.0,9.0,234eb92bf0145fe6db7a14dc71badeb99f1693211a5a763210aeb8dbdc291dca,9aacbce0cb36,4654b83aea42,diag_down_v30_rec_align_y+0cm_yaw-5_ideal_ft_payload_s7
ft_payload_s7,7,diag_down,,0.0,0.0,goal,stopped 5 cm from the goal,20.66,1.0,4.6,234eb92bf0145fe6db7a14dc71badeb99f1693211a5a763210aeb8dbdc291dca,9aacbce0cb36,4654b83aea42,diag_down_v30_rec_align_y+0cm_yaw+0_ideal_ft_payload_s7
ft_payload_s7,7,diag_down,,0.0,5.0,goal,stopped 3 cm from the goal,17.76,1.0,3.0,234eb92bf0145fe6db7a14dc71badeb99f1693211a5a763210aeb8dbdc291dca,9aacbce0cb36,4654b83aea42,diag_down_v30_rec_align_y+0cm_yaw+5_ideal_ft_payload_s7
ft_payload_s7,7,diag_down,,10.0,-5.0,goal,stopped 11 cm from the goal,17.74,1.0,10.8,234eb92bf0145fe6db7a14dc71badeb99f1693211a5a763210aeb8dbdc291dca,9aacbce0cb36,4654b83aea42,diag_down_v30_rec_align_y+10cm_yaw-5_ideal_ft_payload_s7
ft_payload_s7,7,diag_down,,10.0,0.0,goal,stopped 10 cm from the goal,16.78,1.0,9.8,234eb92bf0145fe6db7a14dc71badeb99f1693211a5a763210aeb8dbdc291dca,9aacbce0cb36,4654b83aea42,diag_down_v30_rec_align_y+10cm_yaw+0_ideal_ft_payload_s7
ft_payload_s7,7,diag_down,,10.0,5.0,goal,stopped 1 cm from the goal,18.64,1.0,1.4,234eb92bf0145fe6db7a14dc71badeb99f1693211a5a763210aeb8dbdc291dca,9aacbce0cb36,4654b83aea42,diag_down_v30_rec_align_y+10cm_yaw+5_ideal_ft_payload_s7
ft_payload_s7,7,l1_corner,12.0,-10.0,-5.0,goal,stopped 3 cm from the goal,18.4,1.0,2.8,234eb92bf0145fe6db7a14dc71badeb99f1693211a5a763210aeb8dbdc291dca,9aacbce0cb36,4654b83aea42,l1_corner_v30_rec_chest12kg_align_y-10cm_yaw-5_ideal_ft_payload_s7
ft_payload_s7,7,l1_corner,12.0,-10.0,0.0,goal,stopped 3 cm from the goal,18.46,1.0,3.4,234eb92bf0145fe6db7a14dc71badeb99f1693211a5a763210aeb8dbdc291dca,9aacbce0cb36,4654b83aea42,l1_corner_v30_rec_chest12kg_align_y-10cm_yaw+0_ideal_ft_payload_s7
ft_payload_s7,7,l1_corner,12.0,-10.0,5.0,goal,stopped 1 cm from the goal,19.14,1.0,1.0,234eb92bf0145fe6db7a14dc71badeb99f1693211a5a763210aeb8dbdc291dca,9aacbce0cb36,4654b83aea42,l1_corner_v30_rec_chest12kg_align_y-10cm_yaw+5_ideal_ft_payload_s7
ft_payload_s7,7,l1_corner,12.0,0.0,-5.0,goal,stopped 2 cm from the goal,18.3,1.0,2.4,234eb92bf0145fe6db7a14dc71badeb99f1693211a5a763210aeb8dbdc291dca,9aacbce0cb36,4654b83aea42,l1_corner_v30_rec_chest12kg_align_y+0cm_yaw-5_ideal_ft_payload_s7
ft_payload_s7,7,l1_corner,12.0,0.0,0.0,goal,stopped 2 cm from the goal,18.98,1.0,2.3,234eb92bf0145fe6db7a14dc71badeb99f1693211a5a763210aeb8dbdc291dca,9aacbce0cb36,4654b83aea42,l1_corner_v30_rec_chest12kg_align_y+0cm_yaw+0_ideal_ft_payload_s7
ft_payload_s7,7,l1_corner,12.0,0.0,5.0,goal,stopped 1 cm from the goal,18.98,1.0,1.5,234eb92bf0145fe6db7a14dc71badeb99f1693211a5a763210aeb8dbdc291dca,9aacbce0cb36,4654b83aea42,l1_corner_v30_rec_chest12kg_align_y+0cm_yaw+5_ideal_ft_payload_s7
ft_payload_s7,7,l1_corner,12.0,10.0,-5.0,goal,stopped 3 cm from the goal,18.3,1.0,2.5,234eb92bf0145fe6db7a14dc71badeb99f1693211a5a763210aeb8dbdc291dca,9aacbce0cb36,4654b83aea42,l1_corner_v30_rec_chest12kg_align_y+10cm_yaw-5_ideal_ft_payload_s7
ft_payload_s7,7,l1_corner,12.0,10.0,0.0,goal,stopped 3 cm from the goal,18.4,1.0,2.6,234eb92bf0145fe6db7a14dc71badeb99f1693211a5a763210aeb8dbdc291dca,9aacbce0cb36,4654b83aea42,l1_corner_v30_rec_chest12kg_align_y+10cm_yaw+0_ideal_ft_payload_s7
ft_payload_s7,7,l1_corner,12.0,10.0,5.0,goal,stopped 2 cm from the goal,18.86,1.0,1.8,234eb92bf0145fe6db7a14dc71badeb99f1693211a5a763210aeb8dbdc291dca,9aacbce0cb36,4654b83aea42,l1_corner_v30_rec_chest12kg_align_y+10cm_yaw+5_ideal_ft_payload_s7
ft_payload_s7,7,l2_corner_stairs,12.0,-10.0,-5.0,goal,stopped 5 cm from the goal,41.82,1.0,5.0,234eb92bf0145fe6db7a14dc71badeb99f1693211a5a763210aeb8dbdc291dca,9aacbce0cb36,4654b83aea42,l2_corner_stairs_v30_rec_chest12kg_align_y-10cm_yaw-5_ideal_ft_payload_s7
ft_payload_s7,7,l2_corner_stairs,12.0,-10.0,0.0,goal,stopped 5 cm from the goal,52.24,1.0,5.0,234eb92bf0145fe6db7a14dc71badeb99f1693211a5a763210aeb8dbdc291dca,9aacbce0cb36,4654b83aea42,l2_corner_stairs_v30_rec_chest12kg_align_y-10cm_yaw+0_ideal_ft_payload_s7
ft_payload_s7,7,l2_corner_stairs,12.0,-10.0,5.0,path_exit,"segment 2 (stairs_up), follow",22.32,0.3272,506.9,234eb92bf0145fe6db7a14dc71badeb99f1693211a5a763210aeb8dbdc291dca,9aacbce0cb36,4654b83aea42,l2_corner_stairs_v30_rec_chest12kg_align_y-10cm_yaw+5_ideal_ft_payload_s7
ft_payload_s7,7,l2_corner_stairs,12.0,0.0,-5.0,goal,stopped 4 cm from the goal,68.18,1.0,4.5,234eb92bf0145fe6db7a14dc71badeb99f1693211a5a763210aeb8dbdc291dca,9aacbce0cb36,4654b83aea42,l2_corner_stairs_v30_rec_chest12kg_align_y+0cm_yaw-5_ideal_ft_payload_s7
ft_payload_s7,7,l2_corner_stairs,12.0,0.0,0.0,goal,stopped 4 cm from the goal,44.16,1.0,4.3,234eb92bf0145fe6db7a14dc71badeb99f1693211a5a763210aeb8dbdc291dca,9aacbce0cb36,4654b83aea42,l2_corner_stairs_v30_rec_chest12kg_align_y+0cm_yaw+0_ideal_ft_payload_s7
ft_payload_s7,7,l2_corner_stairs,12.0,0.0,5.0,goal,stopped 4 cm from the goal,44.16,1.0,4.1,234eb92bf0145fe6db7a14dc71badeb99f1693211a5a763210aeb8dbdc291dca,9aacbce0cb36,4654b83aea42,l2_corner_stairs_v30_rec_chest12kg_align_y+0cm_yaw+5_ideal_ft_payload_s7
ft_payload_s7,7,l2_corner_stairs,12.0,10.0,-5.0,goal,stopped 3 cm from the goal,40.1,1.0,3.0,234eb92bf0145fe6db7a14dc71badeb99f1693211a5a763210aeb8dbdc291dca,9aacbce0cb36,4654b83aea42,l2_corner_stairs_v30_rec_chest12kg_align_y+10cm_yaw-5_ideal_ft_payload_s7
ft_payload_s7,7,l2_corner_stairs,12.0,10.0,0.0,goal,stopped 5 cm from the goal,41.04,1.0,4.9,234eb92bf0145fe6db7a14dc71badeb99f1693211a5a763210aeb8dbdc291dca,9aacbce0cb36,4654b83aea42,l2_corner_stairs_v30_rec_chest12kg_align_y+10cm_yaw+0_ideal_ft_payload_s7
ft_payload_s7,7,l2_corner_stairs,12.0,10.0,5.0,goal,stopped 2 cm from the goal,65.44,1.0,2.2,234eb92bf0145fe6db7a14dc71badeb99f1693211a5a763210aeb8dbdc291dca,9aacbce0cb36,4654b83aea42,l2_corner_stairs_v30_rec_chest12kg_align_y+10cm_yaw+5_ideal_ft_payload_s7
ft_payload_s7,7,l2_corner_stairs,2.0,-10.0,-5.0,stuck,"segment 2 (stairs_up), follow",41.32,0.3303,530.7,234eb92bf0145fe6db7a14dc71badeb99f1693211a5a763210aeb8dbdc291dca,9aacbce0cb36,4654b83aea42,l2_corner_stairs_v30_rec_chest2kg_align_y-10cm_yaw-5_ideal_ft_payload_s7
ft_payload_s7,7,l2_corner_stairs,2.0,-10.0,0.0,stuck,"segment 2 (stairs_up), follow",48.66,0.3364,526.1,234eb92bf0145fe6db7a14dc71badeb99f1693211a5a763210aeb8dbdc291dca,9aacbce0cb36,4654b83aea42,l2_corner_stairs_v30_rec_chest2kg_align_y-10cm_yaw+0_ideal_ft_payload_s7
ft_payload_s7,7,l2_corner_stairs,2.0,-10.0,5.0,stuck,"segment 2 (stairs_up), follow",51.72,0.4168,446.2,234eb92bf0145fe6db7a14dc71badeb99f1693211a5a763210aeb8dbdc291dca,9aacbce0cb36,4654b83aea42,l2_corner_stairs_v30_rec_chest2kg_align_y-10cm_yaw+5_ideal_ft_payload_s7
ft_payload_s7,7,l2_corner_stairs,2.0,0.0,-5.0,stuck,"segment 2 (stairs_up), follow",41.4,0.3704,494.1,234eb92bf0145fe6db7a14dc71badeb99f1693211a5a763210aeb8dbdc291dca,9aacbce0cb36,4654b83aea42,l2_corner_stairs_v30_rec_chest2kg_align_y+0cm_yaw-5_ideal_ft_payload_s7
ft_payload_s7,7,l2_corner_stairs,2.0,0.0,0.0,goal,stopped 8 cm from the goal,53.36,1.0,7.7,234eb92bf0145fe6db7a14dc71badeb99f1693211a5a763210aeb8dbdc291dca,9aacbce0cb36,4654b83aea42,l2_corner_stairs_v30_rec_chest2kg_align_y+0cm_yaw+0_ideal_ft_payload_s7
ft_payload_s7,7,l2_corner_stairs,2.0,0.0,5.0,stuck,"segment 2 (stairs_up), follow",46.6,0.404,477.8,234eb92bf0145fe6db7a14dc71badeb99f1693211a5a763210aeb8dbdc291dca,9aacbce0cb36,4654b83aea42,l2_corner_stairs_v30_rec_chest2kg_align_y+0cm_yaw+5_ideal_ft_payload_s7
ft_payload_s7,7,l2_corner_stairs,2.0,10.0,-5.0,path_exit,"segment 2 (stairs_up), follow",25.48,0.3153,548.5,234eb92bf0145fe6db7a14dc71badeb99f1693211a5a763210aeb8dbdc291dca,9aacbce0cb36,4654b83aea42,l2_corner_stairs_v30_rec_chest2kg_align_y+10cm_yaw-5_ideal_ft_payload_s7
ft_payload_s7,7,l2_corner_stairs,2.0,10.0,0.0,stuck,"segment 2 (stairs_up), follow",65.66,0.3766,500.5,234eb92bf0145fe6db7a14dc71badeb99f1693211a5a763210aeb8dbdc291dca,9aacbce0cb36,4654b83aea42,l2_corner_stairs_v30_rec_chest2kg_align_y+10cm_yaw+0_ideal_ft_payload_s7
ft_payload_s7,7,l2_corner_stairs,2.0,10.0,5.0,path_exit,"segment 2 (stairs_up), follow",43.14,0.3153,583.5,234eb92bf0145fe6db7a14dc71badeb99f1693211a5a763210aeb8dbdc291dca,9aacbce0cb36,4654b83aea42,l2_corner_stairs_v30_rec_chest2kg_align_y+10cm_yaw+5_ideal_ft_payload_s7
ft_payload_s7,7,l2_corner_stairs,5.0,-10.0,-5.0,stuck,"segment 2 (stairs_up), follow",65.28,0.319,549.3,234eb92bf0145fe6db7a14dc71badeb99f1693211a5a763210aeb8dbdc291dca,9aacbce0cb36,4654b83aea42,l2_corner_stairs_v30_rec_chest5kg_align_y-10cm_yaw-5_ideal_ft_payload_s7
ft_payload_s7,7,l2_corner_stairs,5.0,-10.0,0.0,goal,stopped 6 cm from the goal,51.14,1.0,6.5,234eb92bf0145fe6db7a14dc71badeb99f1693211a5a763210aeb8dbdc291dca,9aacbce0cb36,4654b83aea42,l2_corner_stairs_v30_rec_chest5kg_align_y-10cm_yaw+0_ideal_ft_payload_s7
ft_payload_s7,7,l2_corner_stairs,5.0,-10.0,5.0,goal,stopped 0 cm from the goal,41.96,1.0,0.2,234eb92bf0145fe6db7a14dc71badeb99f1693211a5a763210aeb8dbdc291dca,9aacbce0cb36,4654b83aea42,l2_corner_stairs_v30_rec_chest5kg_align_y-10cm_yaw+5_ideal_ft_payload_s7
ft_payload_s7,7,l2_corner_stairs,5.0,0.0,-5.0,goal,stopped 3 cm from the goal,42.08,1.0,3.2,234eb92bf0145fe6db7a14dc71badeb99f1693211a5a763210aeb8dbdc291dca,9aacbce0cb36,4654b83aea42,l2_corner_stairs_v30_rec_chest5kg_align_y+0cm_yaw-5_ideal_ft_payload_s7
ft_payload_s7,7,l2_corner_stairs,5.0,0.0,0.0,path_exit,"segment 2 (stairs_up), follow",28.62,0.362,545.3,234eb92bf0145fe6db7a14dc71badeb99f1693211a5a763210aeb8dbdc291dca,9aacbce0cb36,4654b83aea42,l2_corner_stairs_v30_rec_chest5kg_align_y+0cm_yaw+0_ideal_ft_payload_s7
ft_payload_s7,7,l2_corner_stairs,5.0,0.0,5.0,path_exit,"segment 2 (stairs_up), follow",21.74,0.3447,559.3,234eb92bf0145fe6db7a14dc71badeb99f1693211a5a763210aeb8dbdc291dca,9aacbce0cb36,4654b83aea42,l2_corner_stairs_v30_rec_chest5kg_align_y+0cm_yaw+5_ideal_ft_payload_s7
ft_payload_s7,7,l2_corner_stairs,5.0,10.0,-5.0,stuck,"segment 2 (stairs_up), follow",62.94,0.482,408.9,234eb92bf0145fe6db7a14dc71badeb99f1693211a5a763210aeb8dbdc291dca,9aacbce0cb36,4654b83aea42,l2_corner_stairs_v30_rec_chest5kg_align_y+10cm_yaw-5_ideal_ft_payload_s7
ft_payload_s7,7,l2_corner_stairs,5.0,10.0,0.0,stuck,"segment 2 (stairs_up), follow",51.5,0.4035,476.8,234eb92bf0145fe6db7a14dc71badeb99f1693211a5a763210aeb8dbdc291dca,9aacbce0cb36,4654b83aea42,l2_corner_stairs_v30_rec_chest5kg_align_y+10cm_yaw+0_ideal_ft_payload_s7
ft_payload_s7,7,l2_corner_stairs,5.0,10.0,5.0,stuck,"segment 2 (stairs_up), follow",84.86,0.4775,405.7,234eb92bf0145fe6db7a14dc71badeb99f1693211a5a763210aeb8dbdc291dca,9aacbce0cb36,4654b83aea42,l2_corner_stairs_v30_rec_chest5kg_align_y+10cm_yaw+5_ideal_ft_payload_s7
ft_payload_s7,7,l2_corner_stairs,8.0,-10.0,-5.0,goal,stopped 4 cm from the goal,43.88,1.0,3.6,234eb92bf0145fe6db7a14dc71badeb99f1693211a5a763210aeb8dbdc291dca,9aacbce0cb36,4654b83aea42,l2_corner_stairs_v30_rec_chest8kg_align_y-10cm_yaw-5_ideal_ft_payload_s7
ft_payload_s7,7,l2_corner_stairs,8.0,-10.0,0.0,goal,stopped 4 cm from the goal,42.18,1.0,3.6,234eb92bf0145fe6db7a14dc71badeb99f1693211a5a763210aeb8dbdc291dca,9aacbce0cb36,4654b83aea42,l2_corner_stairs_v30_rec_chest8kg_align_y-10cm_yaw+0_ideal_ft_payload_s7
ft_payload_s7,7,l2_corner_stairs,8.0,-10.0,5.0,path_exit,"segment 3 (flat), follow",24.88,0.5967,281.7,234eb92bf0145fe6db7a14dc71badeb99f1693211a5a763210aeb8dbdc291dca,9aacbce0cb36,4654b83aea42,l2_corner_stairs_v30_rec_chest8kg_align_y-10cm_yaw+5_ideal_ft_payload_s7
ft_payload_s7,7,l2_corner_stairs,8.0,0.0,-5.0,goal,stopped 1 cm from the goal,41.84,1.0,0.9,234eb92bf0145fe6db7a14dc71badeb99f1693211a5a763210aeb8dbdc291dca,9aacbce0cb36,4654b83aea42,l2_corner_stairs_v30_rec_chest8kg_align_y+0cm_yaw-5_ideal_ft_payload_s7
ft_payload_s7,7,l2_corner_stairs,8.0,0.0,0.0,goal,stopped 1 cm from the goal,42.64,1.0,0.6,234eb92bf0145fe6db7a14dc71badeb99f1693211a5a763210aeb8dbdc291dca,9aacbce0cb36,4654b83aea42,l2_corner_stairs_v30_rec_chest8kg_align_y+0cm_yaw+0_ideal_ft_payload_s7
ft_payload_s7,7,l2_corner_stairs,8.0,0.0,5.0,goal,stopped 3 cm from the goal,43.74,1.0,3.4,234eb92bf0145fe6db7a14dc71badeb99f1693211a5a763210aeb8dbdc291dca,9aacbce0cb36,4654b83aea42,l2_corner_stairs_v30_rec_chest8kg_align_y+0cm_yaw+5_ideal_ft_payload_s7
ft_payload_s7,7,l2_corner_stairs,8.0,10.0,-5.0,path_exit,"segment 2 (stairs_up), follow",18.3,0.3851,526.0,234eb92bf0145fe6db7a14dc71badeb99f1693211a5a763210aeb8dbdc291dca,9aacbce0cb36,4654b83aea42,l2_corner_stairs_v30_rec_chest8kg_align_y+10cm_yaw-5_ideal_ft_payload_s7
ft_payload_s7,7,l2_corner_stairs,8.0,10.0,0.0,goal,stopped 4 cm from the goal,39.18,1.0,4.2,234eb92bf0145fe6db7a14dc71badeb99f1693211a5a763210aeb8dbdc291dca,9aacbce0cb36,4654b83aea42,l2_corner_stairs_v30_rec_chest8kg_align_y+10cm_yaw+0_ideal_ft_payload_s7
ft_payload_s7,7,l2_corner_stairs,8.0,10.0,5.0,goal,stopped 4 cm from the goal,39.82,1.0,3.8,234eb92bf0145fe6db7a14dc71badeb99f1693211a5a763210aeb8dbdc291dca,9aacbce0cb36,4654b83aea42,l2_corner_stairs_v30_rec_chest8kg_align_y+10cm_yaw+5_ideal_ft_payload_s7
ft_payload_s7,7,l4_factory_route,,-10.0,-5.0,stuck,"segment 5 (stairs_up), follow",70.48,0.3139,616.0,234eb92bf0145fe6db7a14dc71badeb99f1693211a5a763210aeb8dbdc291dca,9aacbce0cb36,4654b83aea42,l4_factory_route_v30_rec_align_y-10cm_yaw-5_ideal_ft_payload_s7
ft_payload_s7,7,l4_factory_route,,-10.0,-2.5,stuck,"segment 1 (stairs_up), follow",54.38,0.1204,815.0,234eb92bf0145fe6db7a14dc71badeb99f1693211a5a763210aeb8dbdc291dca,9aacbce0cb36,4654b83aea42,l4_factory_route_v30_rec_align_y-10cm_yaw-2.5_ideal_ft_payload_s7
ft_payload_s7,7,l4_factory_route,,-10.0,0.0,stuck,"segment 1 (stairs_up), follow",36.7,0.1012,840.8,234eb92bf0145fe6db7a14dc71badeb99f1693211a5a763210aeb8dbdc291dca,9aacbce0cb36,4654b83aea42,l4_factory_route_v30_rec_align_y-10cm_yaw+0_ideal_ft_payload_s7
ft_payload_s7,7,l4_factory_route,,-10.0,2.5,stuck,"segment 1 (stairs_up), follow",37.46,0.1003,846.7,234eb92bf0145fe6db7a14dc71badeb99f1693211a5a763210aeb8dbdc291dca,9aacbce0cb36,4654b83aea42,l4_factory_route_v30_rec_align_y-10cm_yaw+2.5_ideal_ft_payload_s7
ft_payload_s7,7,l4_factory_route,,-10.0,5.0,stuck,"segment 1 (stairs_up), follow",41.04,0.1244,800.7,234eb92bf0145fe6db7a14dc71badeb99f1693211a5a763210aeb8dbdc291dca,9aacbce0cb36,4654b83aea42,l4_factory_route_v30_rec_align_y-10cm_yaw+5_ideal_ft_payload_s7
ft_payload_s7,7,l4_factory_route,,-5.0,-5.0,stuck,"segment 5 (stairs_up), follow",69.6,0.3139,588.4,234eb92bf0145fe6db7a14dc71badeb99f1693211a5a763210aeb8dbdc291dca,9aacbce0cb36,4654b83aea42,l4_factory_route_v30_rec_align_y-5cm_yaw-5_ideal_ft_payload_s7
ft_payload_s7,7,l4_factory_route,,-5.0,-2.5,stuck,"segment 1 (stairs_up), follow",50.66,0.1034,828.6,234eb92bf0145fe6db7a14dc71badeb99f1693211a5a763210aeb8dbdc291dca,9aacbce0cb36,4654b83aea42,l4_factory_route_v30_rec_align_y-5cm_yaw-2.5_ideal_ft_payload_s7
ft_payload_s7,7,l4_factory_route,,-5.0,0.0,stuck,"segment 1 (stairs_up), follow",34.8,0.1237,804.5,234eb92bf0145fe6db7a14dc71badeb99f1693211a5a763210aeb8dbdc291dca,9aacbce0cb36,4654b83aea42,l4_factory_route_v30_rec_align_y-5cm_yaw+0_ideal_ft_payload_s7
ft_payload_s7,7,l4_factory_route,,-5.0,2.5,stuck,"segment 1 (stairs_up), follow",35.46,0.1003,854.7,234eb92bf0145fe6db7a14dc71badeb99f1693211a5a763210aeb8dbdc291dca,9aacbce0cb36,4654b83aea42,l4_factory_route_v30_rec_align_y-5cm_yaw+2.5_ideal_ft_payload_s7
ft_payload_s7,7,l4_factory_route,,-5.0,5.0,path_exit,"segment 1 (stairs_up), follow",43.14,0.1047,872.3,234eb92bf0145fe6db7a14dc71badeb99f1693211a5a763210aeb8dbdc291dca,9aacbce0cb36,4654b83aea42,l4_factory_route_v30_rec_align_y-5cm_yaw+5_ideal_ft_payload_s7
ft_payload_s7,7,l4_factory_route,,0.0,-5.0,stuck,"segment 1 (stairs_up), follow",63.68,0.1003,881.0,234eb92bf0145fe6db7a14dc71badeb99f1693211a5a763210aeb8dbdc291dca,9aacbce0cb36,4654b83aea42,l4_factory_route_v30_rec_align_y+0cm_yaw-5_ideal_ft_payload_s7
ft_payload_s7,7,l4_factory_route,,0.0,-2.5,path_exit,"segment 5 (stairs_up), follow",37.86,0.3139,542.0,234eb92bf0145fe6db7a14dc71badeb99f1693211a5a763210aeb8dbdc291dca,9aacbce0cb36,4654b83aea42,l4_factory_route_v30_rec_align_y+0cm_yaw-2.5_ideal_ft_payload_s7
ft_payload_s7,7,l4_factory_route,,0.0,0.0,stuck,"segment 5 (stairs_up), follow",67.3,0.3139,597.4,234eb92bf0145fe6db7a14dc71badeb99f1693211a5a763210aeb8dbdc291dca,9aacbce0cb36,4654b83aea42,l4_factory_route_v30_rec_align_y+0cm_yaw+0_ideal_ft_payload_s7
ft_payload_s7,7,l4_factory_route,,0.0,2.5,goal,stopped 11 cm from the goal,102.44,1.0,11.0,234eb92bf0145fe6db7a14dc71badeb99f1693211a5a763210aeb8dbdc291dca,9aacbce0cb36,4654b83aea42,l4_factory_route_v30_rec_align_y+0cm_yaw+2.5_ideal_ft_payload_s7
ft_payload_s7,7,l4_factory_route,,0.0,5.0,path_exit,"segment 5 (stairs_up), follow",63.26,0.3139,650.7,234eb92bf0145fe6db7a14dc71badeb99f1693211a5a763210aeb8dbdc291dca,9aacbce0cb36,4654b83aea42,l4_factory_route_v30_rec_align_y+0cm_yaw+5_ideal_ft_payload_s7
ft_payload_s7,7,l4_factory_route,,5.0,-5.0,stuck,"segment 5 (stairs_up), follow",87.32,0.3139,599.3,234eb92bf0145fe6db7a14dc71badeb99f1693211a5a763210aeb8dbdc291dca,9aacbce0cb36,4654b83aea42,l4_factory_route_v30_rec_align_y+5cm_yaw-5_ideal_ft_payload_s7
ft_payload_s7,7,l4_factory_route,,5.0,-2.5,stuck,"segment 5 (stairs_up), follow",94.4,0.3262,637.5,234eb92bf0145fe6db7a14dc71badeb99f1693211a5a763210aeb8dbdc291dca,9aacbce0cb36,4654b83aea42,l4_factory_route_v30_rec_align_y+5cm_yaw-2.5_ideal_ft_payload_s7
ft_payload_s7,7,l4_factory_route,,5.0,0.0,goal,stopped 10 cm from the goal,121.86,1.0,10.1,234eb92bf0145fe6db7a14dc71badeb99f1693211a5a763210aeb8dbdc291dca,9aacbce0cb36,4654b83aea42,l4_factory_route_v30_rec_align_y+5cm_yaw+0_ideal_ft_payload_s7
ft_payload_s7,7,l4_factory_route,,5.0,2.5,stuck,"segment 5 (stairs_up), follow",64.34,0.3139,607.9,234eb92bf0145fe6db7a14dc71badeb99f1693211a5a763210aeb8dbdc291dca,9aacbce0cb36,4654b83aea42,l4_factory_route_v30_rec_align_y+5cm_yaw+2.5_ideal_ft_payload_s7
ft_payload_s7,7,l4_factory_route,,5.0,5.0,fall,segment 1 (stairs_up),15.56,0.1003,866.3,234eb92bf0145fe6db7a14dc71badeb99f1693211a5a763210aeb8dbdc291dca,9aacbce0cb36,4654b83aea42,l4_factory_route_v30_rec_align_y+5cm_yaw+5_ideal_ft_payload_s7
ft_payload_s7,7,l4_factory_route,,10.0,-5.0,stuck,"segment 5 (stairs_up), follow",94.26,0.3139,616.1,234eb92bf0145fe6db7a14dc71badeb99f1693211a5a763210aeb8dbdc291dca,9aacbce0cb36,4654b83aea42,l4_factory_route_v30_rec_align_y+10cm_yaw-5_ideal_ft_payload_s7
ft_payload_s7,7,l4_factory_route,,10.0,-2.5,stuck,"segment 1 (stairs_up), follow",37.68,0.1032,829.2,234eb92bf0145fe6db7a14dc71badeb99f1693211a5a763210aeb8dbdc291dca,9aacbce0cb36,4654b83aea42,l4_factory_route_v30_rec_align_y+10cm_yaw-2.5_ideal_ft_payload_s7
ft_payload_s7,7,l4_factory_route,,10.0,0.0,stuck,"segment 5 (stairs_up), follow",78.42,0.3747,694.2,234eb92bf0145fe6db7a14dc71badeb99f1693211a5a763210aeb8dbdc291dca,9aacbce0cb36,4654b83aea42,l4_factory_route_v30_rec_align_y+10cm_yaw+0_ideal_ft_payload_s7
ft_payload_s7,7,l4_factory_route,,10.0,2.5,goal,stopped 5 cm from the goal,121.76,1.0,5.1,234eb92bf0145fe6db7a14dc71badeb99f1693211a5a763210aeb8dbdc291dca,9aacbce0cb36,4654b83aea42,l4_factory_route_v30_rec_align_y+10cm_yaw+2.5_ideal_ft_payload_s7
ft_payload_s7,7,l4_factory_route,,10.0,5.0,path_exit,"segment 5 (stairs_up), follow",65.86,0.3139,521.2,234eb92bf0145fe6db7a14dc71badeb99f1693211a5a763210aeb8dbdc291dca,9aacbce0cb36,4654b83aea42,l4_factory_route_v30_rec_align_y+10cm_yaw+5_ideal_ft_payload_s7
ft_payload_s7,7,l4_factory_route,12.0,-10.0,-5.0,goal,stopped 7 cm from the goal,78.66,1.0,7.1,234eb92bf0145fe6db7a14dc71badeb99f1693211a5a763210aeb8dbdc291dca,9aacbce0cb36,4654b83aea42,l4_factory_route_v30_rec_chest12kg_align_y-10cm_yaw-5_ideal_ft_payload_s7
ft_payload_s7,7,l4_factory_route,12.0,-10.0,-2.5,goal,stopped 0 cm from the goal,78.6,1.0,0.5,234eb92bf0145fe6db7a14dc71badeb99f1693211a5a763210aeb8dbdc291dca,9aacbce0cb36,4654b83aea42,l4_factory_route_v30_rec_chest12kg_align_y-10cm_yaw-2.5_ideal_ft_payload_s7
ft_payload_s7,7,l4_factory_route,12.0,-10.0,0.0,goal,stopped 7 cm from the goal,76.2,1.0,7.1,234eb92bf0145fe6db7a14dc71badeb99f1693211a5a763210aeb8dbdc291dca,9aacbce0cb36,4654b83aea42,l4_factory_route_v30_rec_chest12kg_align_y-10cm_yaw+0_ideal_ft_payload_s7
ft_payload_s7,7,l4_factory_route,12.0,-10.0,2.5,goal,stopped 1 cm from the goal,77.86,1.0,0.6,234eb92bf0145fe6db7a14dc71badeb99f1693211a5a763210aeb8dbdc291dca,9aacbce0cb36,4654b83aea42,l4_factory_route_v30_rec_chest12kg_align_y-10cm_yaw+2.5_ideal_ft_payload_s7
ft_payload_s7,7,l4_factory_route,12.0,-10.0,5.0,path_exit,"segment 9 (stairs_down), follow",64.06,0.7322,362.1,234eb92bf0145fe6db7a14dc71badeb99f1693211a5a763210aeb8dbdc291dca,9aacbce0cb36,4654b83aea42,l4_factory_route_v30_rec_chest12kg_align_y-10cm_yaw+5_ideal_ft_payload_s7
ft_payload_s7,7,l4_factory_route,12.0,-5.0,-5.0,goal,stopped 1 cm from the goal,80.1,1.0,0.9,234eb92bf0145fe6db7a14dc71badeb99f1693211a5a763210aeb8dbdc291dca,9aacbce0cb36,4654b83aea42,l4_factory_route_v30_rec_chest12kg_align_y-5cm_yaw-5_ideal_ft_payload_s7
ft_payload_s7,7,l4_factory_route,12.0,-5.0,-2.5,goal,stopped 5 cm from the goal,77.04,1.0,5.3,234eb92bf0145fe6db7a14dc71badeb99f1693211a5a763210aeb8dbdc291dca,9aacbce0cb36,4654b83aea42,l4_factory_route_v30_rec_chest12kg_align_y-5cm_yaw-2.5_ideal_ft_payload_s7
ft_payload_s7,7,l4_factory_route,12.0,-5.0,0.0,goal,stopped 1 cm from the goal,80.2,1.0,1.3,234eb92bf0145fe6db7a14dc71badeb99f1693211a5a763210aeb8dbdc291dca,9aacbce0cb36,4654b83aea42,l4_factory_route_v30_rec_chest12kg_align_y-5cm_yaw+0_ideal_ft_payload_s7
ft_payload_s7,7,l4_factory_route,12.0,-5.0,2.5,goal,stopped 7 cm from the goal,82.14,1.0,7.5,234eb92bf0145fe6db7a14dc71badeb99f1693211a5a763210aeb8dbdc291dca,9aacbce0cb36,4654b83aea42,l4_factory_route_v30_rec_chest12kg_align_y-5cm_yaw+2.5_ideal_ft_payload_s7
ft_payload_s7,7,l4_factory_route,12.0,-5.0,5.0,goal,stopped 7 cm from the goal,78.96,1.0,7.3,234eb92bf0145fe6db7a14dc71badeb99f1693211a5a763210aeb8dbdc291dca,9aacbce0cb36,4654b83aea42,l4_factory_route_v30_rec_chest12kg_align_y-5cm_yaw+5_ideal_ft_payload_s7
ft_payload_s7,7,l4_factory_route,12.0,0.0,-5.0,goal,stopped 8 cm from the goal,83.26,1.0,8.5,234eb92bf0145fe6db7a14dc71badeb99f1693211a5a763210aeb8dbdc291dca,9aacbce0cb36,4654b83aea42,l4_factory_route_v30_rec_chest12kg_align_y+0cm_yaw-5_ideal_ft_payload_s7
ft_payload_s7,7,l4_factory_route,12.0,0.0,-2.5,path_exit,"segment 9 (stairs_down), follow",71.66,0.7281,369.4,234eb92bf0145fe6db7a14dc71badeb99f1693211a5a763210aeb8dbdc291dca,9aacbce0cb36,4654b83aea42,l4_factory_route_v30_rec_chest12kg_align_y+0cm_yaw-2.5_ideal_ft_payload_s7
ft_payload_s7,7,l4_factory_route,12.0,0.0,0.0,goal,stopped 8 cm from the goal,93.0,1.0,7.9,234eb92bf0145fe6db7a14dc71badeb99f1693211a5a763210aeb8dbdc291dca,9aacbce0cb36,4654b83aea42,l4_factory_route_v30_rec_chest12kg_align_y+0cm_yaw+0_ideal_ft_payload_s7
ft_payload_s7,7,l4_factory_route,12.0,0.0,2.5,goal,stopped 2 cm from the goal,74.3,1.0,2.4,234eb92bf0145fe6db7a14dc71badeb99f1693211a5a763210aeb8dbdc291dca,9aacbce0cb36,4654b83aea42,l4_factory_route_v30_rec_chest12kg_align_y+0cm_yaw+2.5_ideal_ft_payload_s7
ft_payload_s7,7,l4_factory_route,12.0,0.0,5.0,goal,stopped 2 cm from the goal,83.74,1.0,1.8,234eb92bf0145fe6db7a14dc71badeb99f1693211a5a763210aeb8dbdc291dca,9aacbce0cb36,4654b83aea42,l4_factory_route_v30_rec_chest12kg_align_y+0cm_yaw+5_ideal_ft_payload_s7
ft_payload_s7,7,l4_factory_route,12.0,5.0,-5.0,path_exit,"segment 9 (stairs_down), follow",65.38,0.7394,412.1,234eb92bf0145fe6db7a14dc71badeb99f1693211a5a763210aeb8dbdc291dca,9aacbce0cb36,4654b83aea42,l4_factory_route_v30_rec_chest12kg_align_y+5cm_yaw-5_ideal_ft_payload_s7
ft_payload_s7,7,l4_factory_route,12.0,5.0,-2.5,goal,stopped 2 cm from the goal,79.58,1.0,2.4,234eb92bf0145fe6db7a14dc71badeb99f1693211a5a763210aeb8dbdc291dca,9aacbce0cb36,4654b83aea42,l4_factory_route_v30_rec_chest12kg_align_y+5cm_yaw-2.5_ideal_ft_payload_s7
ft_payload_s7,7,l4_factory_route,12.0,5.0,0.0,path_exit,"segment 9 (stairs_down), follow",64.66,0.7608,309.9,234eb92bf0145fe6db7a14dc71badeb99f1693211a5a763210aeb8dbdc291dca,9aacbce0cb36,4654b83aea42,l4_factory_route_v30_rec_chest12kg_align_y+5cm_yaw+0_ideal_ft_payload_s7
ft_payload_s7,7,l4_factory_route,12.0,5.0,2.5,goal,stopped 1 cm from the goal,80.12,1.0,1.3,234eb92bf0145fe6db7a14dc71badeb99f1693211a5a763210aeb8dbdc291dca,9aacbce0cb36,4654b83aea42,l4_factory_route_v30_rec_chest12kg_align_y+5cm_yaw+2.5_ideal_ft_payload_s7
ft_payload_s7,7,l4_factory_route,12.0,5.0,5.0,path_exit,"segment 9 (stairs_down), follow",68.3,0.7953,250.5,234eb92bf0145fe6db7a14dc71badeb99f1693211a5a763210aeb8dbdc291dca,9aacbce0cb36,4654b83aea42,l4_factory_route_v30_rec_chest12kg_align_y+5cm_yaw+5_ideal_ft_payload_s7
ft_payload_s7,7,l4_factory_route,12.0,10.0,-5.0,goal,stopped 0 cm from the goal,76.22,1.0,0.4,234eb92bf0145fe6db7a14dc71badeb99f1693211a5a763210aeb8dbdc291dca,9aacbce0cb36,4654b83aea42,l4_factory_route_v30_rec_chest12kg_align_y+10cm_yaw-5_ideal_ft_payload_s7
ft_payload_s7,7,l4_factory_route,12.0,10.0,-2.5,path_exit,"segment 9 (stairs_down), follow",84.84,0.7058,466.1,234eb92bf0145fe6db7a14dc71badeb99f1693211a5a763210aeb8dbdc291dca,9aacbce0cb36,4654b83aea42,l4_factory_route_v30_rec_chest12kg_align_y+10cm_yaw-2.5_ideal_ft_payload_s7
ft_payload_s7,7,l4_factory_route,12.0,10.0,0.0,goal,stopped 7 cm from the goal,78.42,1.0,7.4,234eb92bf0145fe6db7a14dc71badeb99f1693211a5a763210aeb8dbdc291dca,9aacbce0cb36,4654b83aea42,l4_factory_route_v30_rec_chest12kg_align_y+10cm_yaw+0_ideal_ft_payload_s7
ft_payload_s7,7,l4_factory_route,12.0,10.0,2.5,goal,stopped 0 cm from the goal,80.82,1.0,0.5,234eb92bf0145fe6db7a14dc71badeb99f1693211a5a763210aeb8dbdc291dca,9aacbce0cb36,4654b83aea42,l4_factory_route_v30_rec_chest12kg_align_y+10cm_yaw+2.5_ideal_ft_payload_s7
ft_payload_s7,7,l4_factory_route,12.0,10.0,5.0,stuck,"segment 1 (stairs_up), follow",34.62,0.1003,850.9,234eb92bf0145fe6db7a14dc71badeb99f1693211a5a763210aeb8dbdc291dca,9aacbce0cb36,4654b83aea42,l4_factory_route_v30_rec_chest12kg_align_y+10cm_yaw+5_ideal_ft_payload_s7
ft_payload_s7,7,l4_factory_route,2.0,-10.0,-5.0,stuck,"segment 5 (stairs_up), follow",66.34,0.3255,631.0,234eb92bf0145fe6db7a14dc71badeb99f1693211a5a763210aeb8dbdc291dca,9aacbce0cb36,4654b83aea42,l4_factory_route_v30_rec_chest2kg_align_y-10cm_yaw-5_ideal_ft_payload_s7
ft_payload_s7,7,l4_factory_route,2.0,-10.0,-2.5,goal,stopped 8 cm from the goal,106.98,1.0,7.6,234eb92bf0145fe6db7a14dc71badeb99f1693211a5a763210aeb8dbdc291dca,9aacbce0cb36,4654b83aea42,l4_factory_route_v30_rec_chest2kg_align_y-10cm_yaw-2.5_ideal_ft_payload_s7
ft_payload_s7,7,l4_factory_route,2.0,-10.0,0.0,stuck,"segment 1 (stairs_up), follow",40.54,0.1412,790.7,234eb92bf0145fe6db7a14dc71badeb99f1693211a5a763210aeb8dbdc291dca,9aacbce0cb36,4654b83aea42,l4_factory_route_v30_rec_chest2kg_align_y-10cm_yaw+0_ideal_ft_payload_s7
ft_payload_s7,7,l4_factory_route,2.0,-10.0,2.5,path_exit,"segment 1 (stairs_up), follow",11.4,0.1297,838.9,234eb92bf0145fe6db7a14dc71badeb99f1693211a5a763210aeb8dbdc291dca,9aacbce0cb36,4654b83aea42,l4_factory_route_v30_rec_chest2kg_align_y-10cm_yaw+2.5_ideal_ft_payload_s7
ft_payload_s7,7,l4_factory_route,2.0,-10.0,5.0,goal,stopped 8 cm from the goal,132.66,1.0,7.6,234eb92bf0145fe6db7a14dc71badeb99f1693211a5a763210aeb8dbdc291dca,9aacbce0cb36,4654b83aea42,l4_factory_route_v30_rec_chest2kg_align_y-10cm_yaw+5_ideal_ft_payload_s7
ft_payload_s7,7,l4_factory_route,2.0,-5.0,-5.0,path_exit,"segment 9 (stairs_down), follow",101.78,0.792,256.1,234eb92bf0145fe6db7a14dc71badeb99f1693211a5a763210aeb8dbdc291dca,9aacbce0cb36,4654b83aea42,l4_factory_route_v30_rec_chest2kg_align_y-5cm_yaw-5_ideal_ft_payload_s7
ft_payload_s7,7,l4_factory_route,2.0,-5.0,-2.5,goal,stopped 8 cm from the goal,102.26,1.0,8.3,234eb92bf0145fe6db7a14dc71badeb99f1693211a5a763210aeb8dbdc291dca,9aacbce0cb36,4654b83aea42,l4_factory_route_v30_rec_chest2kg_align_y-5cm_yaw-2.5_ideal_ft_payload_s7
ft_payload_s7,7,l4_factory_route,2.0,-5.0,0.0,path_exit,"segment 1 (stairs_up), follow",22.22,0.1241,846.3,234eb92bf0145fe6db7a14dc71badeb99f1693211a5a763210aeb8dbdc291dca,9aacbce0cb36,4654b83aea42,l4_factory_route_v30_rec_chest2kg_align_y-5cm_yaw+0_ideal_ft_payload_s7
ft_payload_s7,7,l4_factory_route,2.0,-5.0,2.5,goal,stopped 8 cm from the goal,108.34,1.0,7.8,234eb92bf0145fe6db7a14dc71badeb99f1693211a5a763210aeb8dbdc291dca,9aacbce0cb36,4654b83aea42,l4_factory_route_v30_rec_chest2kg_align_y-5cm_yaw+2.5_ideal_ft_payload_s7
ft_payload_s7,7,l4_factory_route,2.0,-5.0,5.0,stuck,"segment 1 (stairs_up), follow",41.36,0.1181,803.6,234eb92bf0145fe6db7a14dc71badeb99f1693211a5a763210aeb8dbdc291dca,9aacbce0cb36,4654b83aea42,l4_factory_route_v30_rec_chest2kg_align_y-5cm_yaw+5_ideal_ft_payload_s7
ft_payload_s7,7,l4_factory_route,2.0,0.0,-5.0,stuck,"segment 1 (stairs_up), follow",40.26,0.1003,842.5,234eb92bf0145fe6db7a14dc71badeb99f1693211a5a763210aeb8dbdc291dca,9aacbce0cb36,4654b83aea42,l4_factory_route_v30_rec_chest2kg_align_y+0cm_yaw-5_ideal_ft_payload_s7
ft_payload_s7,7,l4_factory_route,2.0,0.0,-2.5,goal,stopped 4 cm from the goal,88.18,1.0,3.9,234eb92bf0145fe6db7a14dc71badeb99f1693211a5a763210aeb8dbdc291dca,9aacbce0cb36,4654b83aea42,l4_factory_route_v30_rec_chest2kg_align_y+0cm_yaw-2.5_ideal_ft_payload_s7
ft_payload_s7,7,l4_factory_route,2.0,0.0,0.0,stuck,"segment 1 (stairs_up), follow",40.26,0.1003,857.0,234eb92bf0145fe6db7a14dc71badeb99f1693211a5a763210aeb8dbdc291dca,9aacbce0cb36,4654b83aea42,l4_factory_route_v30_rec_chest2kg_align_y+0cm_yaw+0_ideal_ft_payload_s7
ft_payload_s7,7,l4_factory_route,2.0,0.0,2.5,stuck,"segment 1 (stairs_up), follow",38.92,0.1361,794.1,234eb92bf0145fe6db7a14dc71badeb99f1693211a5a763210aeb8dbdc291dca,9aacbce0cb36,4654b83aea42,l4_factory_route_v30_rec_chest2kg_align_y+0cm_yaw+2.5_ideal_ft_payload_s7
ft_payload_s7,7,l4_factory_route,2.0,0.0,5.0,goal,stopped 9 cm from the goal,80.76,1.0,9.1,234eb92bf0145fe6db7a14dc71badeb99f1693211a5a763210aeb8dbdc291dca,9aacbce0cb36,4654b83aea42,l4_factory_route_v30_rec_chest2kg_align_y+0cm_yaw+5_ideal_ft_payload_s7
ft_payload_s7,7,l4_factory_route,2.0,5.0,-5.0,path_exit,"segment 9 (stairs_down), follow",91.38,0.7727,288.7,234eb92bf0145fe6db7a14dc71badeb99f1693211a5a763210aeb8dbdc291dca,9aacbce0cb36,4654b83aea42,l4_factory_route_v30_rec_chest2kg_align_y+5cm_yaw-5_ideal_ft_payload_s7
ft_payload_s7,7,l4_factory_route,2.0,5.0,-2.5,stuck,"segment 5 (stairs_up), follow",58.98,0.3562,668.2,234eb92bf0145fe6db7a14dc71badeb99f1693211a5a763210aeb8dbdc291dca,9aacbce0cb36,4654b83aea42,l4_factory_route_v30_rec_chest2kg_align_y+5cm_yaw-2.5_ideal_ft_payload_s7
ft_payload_s7,7,l4_factory_route,2.0,5.0,0.0,goal,stopped 2 cm from the goal,117.38,1.0,2.1,234eb92bf0145fe6db7a14dc71badeb99f1693211a5a763210aeb8dbdc291dca,9aacbce0cb36,4654b83aea42,l4_factory_route_v30_rec_chest2kg_align_y+5cm_yaw+0_ideal_ft_payload_s7
ft_payload_s7,7,l4_factory_route,2.0,5.0,2.5,stuck,"segment 5 (stairs_up), follow",65.2,0.3405,665.2,234eb92bf0145fe6db7a14dc71badeb99f1693211a5a763210aeb8dbdc291dca,9aacbce0cb36,4654b83aea42,l4_factory_route_v30_rec_chest2kg_align_y+5cm_yaw+2.5_ideal_ft_payload_s7
ft_payload_s7,7,l4_factory_route,2.0,5.0,5.0,goal,stopped 6 cm from the goal,102.36,1.0,5.7,234eb92bf0145fe6db7a14dc71badeb99f1693211a5a763210aeb8dbdc291dca,9aacbce0cb36,4654b83aea42,l4_factory_route_v30_rec_chest2kg_align_y+5cm_yaw+5_ideal_ft_payload_s7
ft_payload_s7,7,l4_factory_route,2.0,10.0,-5.0,stuck,"segment 1 (stairs_up), follow",37.42,0.1003,857.9,234eb92bf0145fe6db7a14dc71badeb99f1693211a5a763210aeb8dbdc291dca,9aacbce0cb36,4654b83aea42,l4_factory_route_v30_rec_chest2kg_align_y+10cm_yaw-5_ideal_ft_payload_s7
ft_payload_s7,7,l4_factory_route,2.0,10.0,-2.5,stuck,"segment 1 (stairs_up), follow",42.26,0.1003,854.2,234eb92bf0145fe6db7a14dc71badeb99f1693211a5a763210aeb8dbdc291dca,9aacbce0cb36,4654b83aea42,l4_factory_route_v30_rec_chest2kg_align_y+10cm_yaw-2.5_ideal_ft_payload_s7
ft_payload_s7,7,l4_factory_route,2.0,10.0,0.0,stuck,"segment 1 (stairs_up), follow",57.06,0.1298,792.0,234eb92bf0145fe6db7a14dc71badeb99f1693211a5a763210aeb8dbdc291dca,9aacbce0cb36,4654b83aea42,l4_factory_route_v30_rec_chest2kg_align_y+10cm_yaw+0_ideal_ft_payload_s7
ft_payload_s7,7,l4_factory_route,2.0,10.0,2.5,path_exit,"segment 9 (stairs_down), follow",96.08,0.7281,369.7,234eb92bf0145fe6db7a14dc71badeb99f1693211a5a763210aeb8dbdc291dca,9aacbce0cb36,4654b83aea42,l4_factory_route_v30_rec_chest2kg_align_y+10cm_yaw+2.5_ideal_ft_payload_s7
ft_payload_s7,7,l4_factory_route,2.0,10.0,5.0,path_exit,"segment 1 (stairs_up), follow",11.76,0.1003,926.1,234eb92bf0145fe6db7a14dc71badeb99f1693211a5a763210aeb8dbdc291dca,9aacbce0cb36,4654b83aea42,l4_factory_route_v30_rec_chest2kg_align_y+10cm_yaw+5_ideal_ft_payload_s7
ft_payload_s7,7,l4_factory_route,5.0,-10.0,-5.0,goal,stopped 4 cm from the goal,100.86,1.0,4.0,234eb92bf0145fe6db7a14dc71badeb99f1693211a5a763210aeb8dbdc291dca,9aacbce0cb36,4654b83aea42,l4_factory_route_v30_rec_chest5kg_align_y-10cm_yaw-5_ideal_ft_payload_s7
ft_payload_s7,7,l4_factory_route,5.0,-10.0,-2.5,goal,stopped 6 cm from the goal,76.9,1.0,6.1,234eb92bf0145fe6db7a14dc71badeb99f1693211a5a763210aeb8dbdc291dca,9aacbce0cb36,4654b83aea42,l4_factory_route_v30_rec_chest5kg_align_y-10cm_yaw-2.5_ideal_ft_payload_s7
ft_payload_s7,7,l4_factory_route,5.0,-10.0,0.0,fall,segment 5 (stairs_up),38.78,0.3139,526.2,234eb92bf0145fe6db7a14dc71badeb99f1693211a5a763210aeb8dbdc291dca,9aacbce0cb36,4654b83aea42,l4_factory_route_v30_rec_chest5kg_align_y-10cm_yaw+0_ideal_ft_payload_s7
ft_payload_s7,7,l4_factory_route,5.0,-10.0,2.5,goal,stopped 4 cm from the goal,85.42,1.0,4.1,234eb92bf0145fe6db7a14dc71badeb99f1693211a5a763210aeb8dbdc291dca,9aacbce0cb36,4654b83aea42,l4_factory_route_v30_rec_chest5kg_align_y-10cm_yaw+2.5_ideal_ft_payload_s7
ft_payload_s7,7,l4_factory_route,5.0,-10.0,5.0,path_exit,"segment 10 (flat), follow",111.18,0.8068,231.8,234eb92bf0145fe6db7a14dc71badeb99f1693211a5a763210aeb8dbdc291dca,9aacbce0cb36,4654b83aea42,l4_factory_route_v30_rec_chest5kg_align_y-10cm_yaw+5_ideal_ft_payload_s7
ft_payload_s7,7,l4_factory_route,5.0,-5.0,-5.0,path_exit,"segment 9 (stairs_down), follow",86.76,0.7754,284.4,234eb92bf0145fe6db7a14dc71badeb99f1693211a5a763210aeb8dbdc291dca,9aacbce0cb36,4654b83aea42,l4_factory_route_v30_rec_chest5kg_align_y-5cm_yaw-5_ideal_ft_payload_s7
ft_payload_s7,7,l4_factory_route,5.0,-5.0,-2.5,goal,stopped 8 cm from the goal,91.12,1.0,8.1,234eb92bf0145fe6db7a14dc71badeb99f1693211a5a763210aeb8dbdc291dca,9aacbce0cb36,4654b83aea42,l4_factory_route_v30_rec_chest5kg_align_y-5cm_yaw-2.5_ideal_ft_payload_s7
ft_payload_s7,7,l4_factory_route,5.0,-5.0,0.0,stuck,"segment 1 (stairs_up), follow",39.8,0.1003,852.6,234eb92bf0145fe6db7a14dc71badeb99f1693211a5a763210aeb8dbdc291dca,9aacbce0cb36,4654b83aea42,l4_factory_route_v30_rec_chest5kg_align_y-5cm_yaw+0_ideal_ft_payload_s7
ft_payload_s7,7,l4_factory_route,5.0,-5.0,2.5,goal,stopped 4 cm from the goal,106.32,1.0,4.1,234eb92bf0145fe6db7a14dc71badeb99f1693211a5a763210aeb8dbdc291dca,9aacbce0cb36,4654b83aea42,l4_factory_route_v30_rec_chest5kg_align_y-5cm_yaw+2.5_ideal_ft_payload_s7
ft_payload_s7,7,l4_factory_route,5.0,-5.0,5.0,path_exit,"segment 5 (stairs_up), follow",65.68,0.3423,702.6,234eb92bf0145fe6db7a14dc71badeb99f1693211a5a763210aeb8dbdc291dca,9aacbce0cb36,4654b83aea42,l4_factory_route_v30_rec_chest5kg_align_y-5cm_yaw+5_ideal_ft_payload_s7
ft_payload_s7,7,l4_factory_route,5.0,0.0,-5.0,goal,stopped 2 cm from the goal,84.7,1.0,2.1,234eb92bf0145fe6db7a14dc71badeb99f1693211a5a763210aeb8dbdc291dca,9aacbce0cb36,4654b83aea42,l4_factory_route_v30_rec_chest5kg_align_y+0cm_yaw-5_ideal_ft_payload_s7
ft_payload_s7,7,l4_factory_route,5.0,0.0,-2.5,goal,stopped 2 cm from the goal,79.5,1.0,2.3,234eb92bf0145fe6db7a14dc71badeb99f1693211a5a763210aeb8dbdc291dca,9aacbce0cb36,4654b83aea42,l4_factory_route_v30_rec_chest5kg_align_y+0cm_yaw-2.5_ideal_ft_payload_s7
ft_payload_s7,7,l4_factory_route,5.0,0.0,0.0,goal,stopped 5 cm from the goal,91.04,1.0,4.7,234eb92bf0145fe6db7a14dc71badeb99f1693211a5a763210aeb8dbdc291dca,9aacbce0cb36,4654b83aea42,l4_factory_route_v30_rec_chest5kg_align_y+0cm_yaw+0_ideal_ft_payload_s7
ft_payload_s7,7,l4_factory_route,5.0,0.0,2.5,goal,stopped 1 cm from the goal,97.42,1.0,0.6,234eb92bf0145fe6db7a14dc71badeb99f1693211a5a763210aeb8dbdc291dca,9aacbce0cb36,4654b83aea42,l4_factory_route_v30_rec_chest5kg_align_y+0cm_yaw+2.5_ideal_ft_payload_s7
ft_payload_s7,7,l4_factory_route,5.0,0.0,5.0,goal,stopped 5 cm from the goal,85.04,1.0,4.5,234eb92bf0145fe6db7a14dc71badeb99f1693211a5a763210aeb8dbdc291dca,9aacbce0cb36,4654b83aea42,l4_factory_route_v30_rec_chest5kg_align_y+0cm_yaw+5_ideal_ft_payload_s7
ft_payload_s7,7,l4_factory_route,5.0,5.0,-5.0,path_exit,"segment 5 (stairs_up), follow",44.82,0.3139,564.8,234eb92bf0145fe6db7a14dc71badeb99f1693211a5a763210aeb8dbdc291dca,9aacbce0cb36,4654b83aea42,l4_factory_route_v30_rec_chest5kg_align_y+5cm_yaw-5_ideal_ft_payload_s7
ft_payload_s7,7,l4_factory_route,5.0,5.0,-2.5,path_exit,"segment 5 (stairs_up), follow",58.16,0.3206,587.1,234eb92bf0145fe6db7a14dc71badeb99f1693211a5a763210aeb8dbdc291dca,9aacbce0cb36,4654b83aea42,l4_factory_route_v30_rec_chest5kg_align_y+5cm_yaw-2.5_ideal_ft_payload_s7
ft_payload_s7,7,l4_factory_route,5.0,5.0,0.0,goal,stopped 1 cm from the goal,88.6,1.0,0.6,234eb92bf0145fe6db7a14dc71badeb99f1693211a5a763210aeb8dbdc291dca,9aacbce0cb36,4654b83aea42,l4_factory_route_v30_rec_chest5kg_align_y+5cm_yaw+0_ideal_ft_payload_s7
ft_payload_s7,7,l4_factory_route,5.0,5.0,2.5,path_exit,"segment 9 (stairs_down), follow",79.28,0.7379,351.6,234eb92bf0145fe6db7a14dc71badeb99f1693211a5a763210aeb8dbdc291dca,9aacbce0cb36,4654b83aea42,l4_factory_route_v30_rec_chest5kg_align_y+5cm_yaw+2.5_ideal_ft_payload_s7
ft_payload_s7,7,l4_factory_route,5.0,5.0,5.0,stuck,"segment 1 (stairs_up), follow",37.86,0.1036,832.6,234eb92bf0145fe6db7a14dc71badeb99f1693211a5a763210aeb8dbdc291dca,9aacbce0cb36,4654b83aea42,l4_factory_route_v30_rec_chest5kg_align_y+5cm_yaw+5_ideal_ft_payload_s7
ft_payload_s7,7,l4_factory_route,5.0,10.0,-5.0,goal,stopped 6 cm from the goal,90.02,1.0,5.6,234eb92bf0145fe6db7a14dc71badeb99f1693211a5a763210aeb8dbdc291dca,9aacbce0cb36,4654b83aea42,l4_factory_route_v30_rec_chest5kg_align_y+10cm_yaw-5_ideal_ft_payload_s7
ft_payload_s7,7,l4_factory_route,5.0,10.0,-2.5,goal,stopped 7 cm from the goal,107.22,1.0,6.5,234eb92bf0145fe6db7a14dc71badeb99f1693211a5a763210aeb8dbdc291dca,9aacbce0cb36,4654b83aea42,l4_factory_route_v30_rec_chest5kg_align_y+10cm_yaw-2.5_ideal_ft_payload_s7
ft_payload_s7,7,l4_factory_route,5.0,10.0,0.0,goal,stopped 5 cm from the goal,77.66,1.0,5.1,234eb92bf0145fe6db7a14dc71badeb99f1693211a5a763210aeb8dbdc291dca,9aacbce0cb36,4654b83aea42,l4_factory_route_v30_rec_chest5kg_align_y+10cm_yaw+0_ideal_ft_payload_s7
ft_payload_s7,7,l4_factory_route,5.0,10.0,2.5,path_exit,"segment 9 (stairs_down), follow",74.94,0.7906,339.2,234eb92bf0145fe6db7a14dc71badeb99f1693211a5a763210aeb8dbdc291dca,9aacbce0cb36,4654b83aea42,l4_factory_route_v30_rec_chest5kg_align_y+10cm_yaw+2.5_ideal_ft_payload_s7
ft_payload_s7,7,l4_factory_route,5.0,10.0,5.0,goal,stopped 6 cm from the goal,96.8,1.0,5.7,234eb92bf0145fe6db7a14dc71badeb99f1693211a5a763210aeb8dbdc291dca,9aacbce0cb36,4654b83aea42,l4_factory_route_v30_rec_chest5kg_align_y+10cm_yaw+5_ideal_ft_payload_s7
ft_payload_s7,7,l4_factory_route,8.0,-10.0,-5.0,path_exit,"segment 9 (stairs_down), follow",68.08,0.7783,279.2,234eb92bf0145fe6db7a14dc71badeb99f1693211a5a763210aeb8dbdc291dca,9aacbce0cb36,4654b83aea42,l4_factory_route_v30_rec_chest8kg_align_y-10cm_yaw-5_ideal_ft_payload_s7
ft_payload_s7,7,l4_factory_route,8.0,-10.0,-2.5,goal,stopped 3 cm from the goal,81.68,1.0,3.2,234eb92bf0145fe6db7a14dc71badeb99f1693211a5a763210aeb8dbdc291dca,9aacbce0cb36,4654b83aea42,l4_factory_route_v30_rec_chest8kg_align_y-10cm_yaw-2.5_ideal_ft_payload_s7
ft_payload_s7,7,l4_factory_route,8.0,-10.0,0.0,goal,stopped 2 cm from the goal,75.84,1.0,2.1,234eb92bf0145fe6db7a14dc71badeb99f1693211a5a763210aeb8dbdc291dca,9aacbce0cb36,4654b83aea42,l4_factory_route_v30_rec_chest8kg_align_y-10cm_yaw+0_ideal_ft_payload_s7
ft_payload_s7,7,l4_factory_route,8.0,-10.0,2.5,goal,stopped 3 cm from the goal,85.66,1.0,2.9,234eb92bf0145fe6db7a14dc71badeb99f1693211a5a763210aeb8dbdc291dca,9aacbce0cb36,4654b83aea42,l4_factory_route_v30_rec_chest8kg_align_y-10cm_yaw+2.5_ideal_ft_payload_s7
ft_payload_s7,7,l4_factory_route,8.0,-10.0,5.0,goal,stopped 3 cm from the goal,115.22,1.0,3.0,234eb92bf0145fe6db7a14dc71badeb99f1693211a5a763210aeb8dbdc291dca,9aacbce0cb36,4654b83aea42,l4_factory_route_v30_rec_chest8kg_align_y-10cm_yaw+5_ideal_ft_payload_s7
ft_payload_s7,7,l4_factory_route,8.0,-5.0,-5.0,goal,stopped 4 cm from the goal,76.08,1.0,3.9,234eb92bf0145fe6db7a14dc71badeb99f1693211a5a763210aeb8dbdc291dca,9aacbce0cb36,4654b83aea42,l4_factory_route_v30_rec_chest8kg_align_y-5cm_yaw-5_ideal_ft_payload_s7
ft_payload_s7,7,l4_factory_route,8.0,-5.0,-2.5,goal,stopped 7 cm from the goal,79.84,1.0,6.8,234eb92bf0145fe6db7a14dc71badeb99f1693211a5a763210aeb8dbdc291dca,9aacbce0cb36,4654b83aea42,l4_factory_route_v30_rec_chest8kg_align_y-5cm_yaw-2.5_ideal_ft_payload_s7
ft_payload_s7,7,l4_factory_route,8.0,-5.0,0.0,goal,stopped 3 cm from the goal,97.0,1.0,3.2,234eb92bf0145fe6db7a14dc71badeb99f1693211a5a763210aeb8dbdc291dca,9aacbce0cb36,4654b83aea42,l4_factory_route_v30_rec_chest8kg_align_y-5cm_yaw+0_ideal_ft_payload_s7
ft_payload_s7,7,l4_factory_route,8.0,-5.0,2.5,goal,stopped 3 cm from the goal,75.3,1.0,2.5,234eb92bf0145fe6db7a14dc71badeb99f1693211a5a763210aeb8dbdc291dca,9aacbce0cb36,4654b83aea42,l4_factory_route_v30_rec_chest8kg_align_y-5cm_yaw+2.5_ideal_ft_payload_s7
ft_payload_s7,7,l4_factory_route,8.0,-5.0,5.0,goal,stopped 2 cm from the goal,72.8,1.0,2.0,234eb92bf0145fe6db7a14dc71badeb99f1693211a5a763210aeb8dbdc291dca,9aacbce0cb36,4654b83aea42,l4_factory_route_v30_rec_chest8kg_align_y-5cm_yaw+5_ideal_ft_payload_s7
ft_payload_s7,7,l4_factory_route,8.0,0.0,-5.0,path_exit,"segment 9 (stairs_down), follow",63.3,0.7725,289.7,234eb92bf0145fe6db7a14dc71badeb99f1693211a5a763210aeb8dbdc291dca,9aacbce0cb36,4654b83aea42,l4_factory_route_v30_rec_chest8kg_align_y+0cm_yaw-5_ideal_ft_payload_s7
ft_payload_s7,7,l4_factory_route,8.0,0.0,-2.5,goal,stopped 5 cm from the goal,79.14,1.0,4.9,234eb92bf0145fe6db7a14dc71badeb99f1693211a5a763210aeb8dbdc291dca,9aacbce0cb36,4654b83aea42,l4_factory_route_v30_rec_chest8kg_align_y+0cm_yaw-2.5_ideal_ft_payload_s7
ft_payload_s7,7,l4_factory_route,8.0,0.0,0.0,path_exit,"segment 1 (stairs_up), follow",15.06,0.1003,906.0,234eb92bf0145fe6db7a14dc71badeb99f1693211a5a763210aeb8dbdc291dca,9aacbce0cb36,4654b83aea42,l4_factory_route_v30_rec_chest8kg_align_y+0cm_yaw+0_ideal_ft_payload_s7
ft_payload_s7,7,l4_factory_route,8.0,0.0,2.5,goal,stopped 7 cm from the goal,73.52,1.0,6.9,234eb92bf0145fe6db7a14dc71badeb99f1693211a5a763210aeb8dbdc291dca,9aacbce0cb36,4654b83aea42,l4_factory_route_v30_rec_chest8kg_align_y+0cm_yaw+2.5_ideal_ft_payload_s7
ft_payload_s7,7,l4_factory_route,8.0,0.0,5.0,goal,stopped 0 cm from the goal,69.6,1.0,0.5,234eb92bf0145fe6db7a14dc71badeb99f1693211a5a763210aeb8dbdc291dca,9aacbce0cb36,4654b83aea42,l4_factory_route_v30_rec_chest8kg_align_y+0cm_yaw+5_ideal_ft_payload_s7
ft_payload_s7,7,l4_factory_route,8.0,5.0,-5.0,path_exit,"segment 1 (stairs_up), follow",22.72,0.1065,869.8,234eb92bf0145fe6db7a14dc71badeb99f1693211a5a763210aeb8dbdc291dca,9aacbce0cb36,4654b83aea42,l4_factory_route_v30_rec_chest8kg_align_y+5cm_yaw-5_ideal_ft_payload_s7
ft_payload_s7,7,l4_factory_route,8.0,5.0,-2.5,goal,stopped 4 cm from the goal,89.48,1.0,4.5,234eb92bf0145fe6db7a14dc71badeb99f1693211a5a763210aeb8dbdc291dca,9aacbce0cb36,4654b83aea42,l4_factory_route_v30_rec_chest8kg_align_y+5cm_yaw-2.5_ideal_ft_payload_s7
ft_payload_s7,7,l4_factory_route,8.0,5.0,0.0,goal,stopped 3 cm from the goal,111.44,1.0,3.4,234eb92bf0145fe6db7a14dc71badeb99f1693211a5a763210aeb8dbdc291dca,9aacbce0cb36,4654b83aea42,l4_factory_route_v30_rec_chest8kg_align_y+5cm_yaw+0_ideal_ft_payload_s7
ft_payload_s7,7,l4_factory_route,8.0,5.0,2.5,goal,stopped 4 cm from the goal,86.34,1.0,3.6,234eb92bf0145fe6db7a14dc71badeb99f1693211a5a763210aeb8dbdc291dca,9aacbce0cb36,4654b83aea42,l4_factory_route_v30_rec_chest8kg_align_y+5cm_yaw+2.5_ideal_ft_payload_s7
ft_payload_s7,7,l4_factory_route,8.0,5.0,5.0,goal,stopped 5 cm from the goal,78.22,1.0,5.0,234eb92bf0145fe6db7a14dc71badeb99f1693211a5a763210aeb8dbdc291dca,9aacbce0cb36,4654b83aea42,l4_factory_route_v30_rec_chest8kg_align_y+5cm_yaw+5_ideal_ft_payload_s7
ft_payload_s7,7,l4_factory_route,8.0,10.0,-5.0,goal,stopped 2 cm from the goal,75.38,1.0,2.4,234eb92bf0145fe6db7a14dc71badeb99f1693211a5a763210aeb8dbdc291dca,9aacbce0cb36,4654b83aea42,l4_factory_route_v30_rec_chest8kg_align_y+10cm_yaw-5_ideal_ft_payload_s7
ft_payload_s7,7,l4_factory_route,8.0,10.0,-2.5,goal,stopped 5 cm from the goal,82.24,1.0,4.6,234eb92bf0145fe6db7a14dc71badeb99f1693211a5a763210aeb8dbdc291dca,9aacbce0cb36,4654b83aea42,l4_factory_route_v30_rec_chest8kg_align_y+10cm_yaw-2.5_ideal_ft_payload_s7
ft_payload_s7,7,l4_factory_route,8.0,10.0,0.0,goal,stopped 4 cm from the goal,76.14,1.0,4.3,234eb92bf0145fe6db7a14dc71badeb99f1693211a5a763210aeb8dbdc291dca,9aacbce0cb36,4654b83aea42,l4_factory_route_v30_rec_chest8kg_align_y+10cm_yaw+0_ideal_ft_payload_s7
ft_payload_s7,7,l4_factory_route,8.0,10.0,2.5,stuck,"segment 1 (stairs_up), follow",35.48,0.1399,784.5,234eb92bf0145fe6db7a14dc71badeb99f1693211a5a763210aeb8dbdc291dca,9aacbce0cb36,4654b83aea42,l4_factory_route_v30_rec_chest8kg_align_y+10cm_yaw+2.5_ideal_ft_payload_s7
ft_payload_s7,7,l4_factory_route,8.0,10.0,5.0,goal,stopped 5 cm from the goal,82.46,1.0,5.1,234eb92bf0145fe6db7a14dc71badeb99f1693211a5a763210aeb8dbdc291dca,9aacbce0cb36,4654b83aea42,l4_factory_route_v30_rec_chest8kg_align_y+10cm_yaw+5_ideal_ft_payload_s7
